timestamp,aqi,pm2_5,pm10,o3,no2,co,so2,temperature,pressure,humidity,wind_speed,wind_direction,hour,day,day_of_week,month,is_weekend,hour_category
2025-08-12 00:00:00,70,15.7,34.6,44.0,5.0,133.0,6.1,0.0,0,0,0.0,0,0,12,1,8,0,0
2025-08-12 01:00:00,70,15.1,33.5,43.0,6.4,171.0,6.9,0.0,0,0,0.0,0,1,12,1,8,0,0
2025-08-12 02:00:00,70,15.8,35.2,42.0,8.2,224.0,8.0,0.0,0,0,0.0,0,2,12,1,8,0,0
2025-08-12 03:00:00,69,16.1,36.4,43.0,9.1,255.0,9.0,0.0,0,0,0.0,0,3,12,1,8,0,0
2025-08-12 04:00:00,69,16.4,38.3,47.0,8.0,245.0,9.6,0.0,0,0,0.0,0,4,12,1,8,0,0
2025-08-12 05:00:00,69,17.3,40.9,52.0,6.0,213.0,10.1,0.0,0,0,0.0,0,5,12,1,8,0,0
2025-08-12 06:00:00,69,17.5,41.1,56.0,4.4,191.0,10.3,0.0,0,0,0.0,0,6,12,1,8,0,1
2025-08-12 07:00:00,69,17.1,38.8,59.0,3.7,188.0,10.2,0.0,0,0,0.0,0,7,12,1,8,0,1
2025-08-12 08:00:00,68,16.9,37.3,61.0,3.4,194.0,9.8,0.0,0,0,0.0,0,8,12,1,8,0,1
2025-08-12 09:00:00,68,16.9,36.6,61.0,3.6,206.0,9.6,0.0,0,0,0.0,0,9,12,1,8,0,1
2025-08-12 10:00:00,68,17.2,36.2,59.0,4.4,226.0,9.6,0.0,0,0,0.0,0,10,12,1,8,0,2
2025-08-12 11:00:00,68,16.9,35.3,55.0,5.6,253.0,9.6,0.0,0,0,0.0,0,11,12,1,8,0,2
2025-08-12 12:00:00,67,19.7,41.9,52.0,7.2,277.0,10.0,0.0,0,0,0.0,0,12,12,1,8,0,2
2025-08-12 13:00:00,67,21.0,43.5,47.0,10.7,300.0,10.2,0.0,0,0,0.0,0,13,12,1,8,0,2
2025-08-12 14:00:00,67,21.7,44.7,39.0,15.4,321.0,10.5,0.0,0,0,0.0,0,14,12,1,8,0,2
2025-08-12 15:00:00,67,23.3,44.1,34.0,18.5,331.0,10.7,0.0,0,0,0.0,0,15,12,1,8,0,2
2025-08-12 16:00:00,67,24.0,45.1,33.0,18.8,327.0,10.7,0.0,0,0,0.0,0,16,12,1,8,0,2
2025-08-12 17:00:00,67,25.4,48.5,34.0,17.5,312.0,10.5,0.0,0,0,0.0,0,17,12,1,8,0,3
2025-08-12 18:00:00,68,26.7,51.3,36.0,15.7,287.0,10.1,0.0,0,0,0.0,0,18,12,1,8,0,3
2025-08-12 19:00:00,68,25.9,49.8,38.0,13.2,242.0,9.2,0.0,0,0,0.0,0,19,12,1,8,0,3
2025-08-12 20:00:00,69,25.7,49.2,41.0,10.2,187.0,8.1,0.0,0,0,0.0,0,20,12,1,8,0,3
2025-08-12 21:00:00,70,22.4,42.4,43.0,7.9,147.0,7.3,0.0,0,0,0.0,0,21,12,1,8,0,0
2025-08-12 22:00:00,70,18.1,33.3,44.0,6.6,130.0,6.9,0.0,0,0,0.0,0,22,12,1,8,0,0
2025-08-12 23:00:00,70,16.8,31.7,43.0,6.1,130.0,6.8,0.0,0,0,0.0,0,23,12,1,8,0,0
2025-08-13 00:00:00,70,15.9,27.6,44.0,6.5,150.0,7.4,0.0,0,0,0.0,0,0,13,2,8,0,0
2025-08-13 01:00:00,70,16.5,30.6,43.0,8.4,212.0,8.9,0.0,0,0,0.0,0,1,13,2,8,0,0
2025-08-13 02:00:00,70,18.9,37.3,43.0,11.0,295.0,10.9,0.0,0,0,0.0,0,2,13,2,8,0,0
2025-08-13 03:00:00,70,20.5,42.7,44.0,12.3,344.0,12.6,0.0,0,0,0.0,0,3,13,2,8,0,0
2025-08-13 04:00:00,71,24.9,55.4,49.0,11.0,326.0,13.5,0.0,0,0,0.0,0,4,13,2,8,0,0
2025-08-13 05:00:00,71,23.1,51.8,57.0,8.4,275.0,14.0,0.0,0,0,0.0,0,5,13,2,8,0,0
2025-08-13 06:00:00,72,22.8,52.3,63.0,6.3,236.0,14.1,0.0,0,0,0.0,0,6,13,2,8,0,1
2025-08-13 07:00:00,72,23.3,54.5,66.0,5.3,226.0,13.7,0.0,0,0,0.0,0,7,13,2,8,0,1
2025-08-13 08:00:00,73,23.1,54.6,68.0,4.9,229.0,12.9,0.0,0,0,0.0,0,8,13,2,8,0,1
2025-08-13 09:00:00,73,22.4,53.3,68.0,5.0,238.0,12.4,0.0,0,0,0.0,0,9,13,2,8,0,1
2025-08-13 10:00:00,74,21.5,51.6,66.0,5.7,252.0,12.4,0.0,0,0,0.0,0,10,13,2,8,0,2
2025-08-13 11:00:00,74,21.9,53.7,62.0,6.9,272.0,12.7,0.0,0,0,0.0,0,11,13,2,8,0,2
2025-08-13 12:00:00,74,22.2,52.4,55.0,9.9,295.0,14.4,0.0,0,0,0.0,0,12,13,2,8,0,2
2025-08-13 13:00:00,75,21.1,50.6,49.0,13.4,327.0,14.5,0.0,0,0,0.0,0,13,13,2,8,0,2
2025-08-13 14:00:00,75,20.7,50.4,40.0,18.3,362.0,14.6,0.0,0,0,0.0,0,14,13,2,8,0,2
2025-08-13 15:00:00,74,21.5,48.9,33.0,21.9,384.0,14.6,0.0,0,0,0.0,0,15,13,2,8,0,2
2025-08-13 16:00:00,74,22.1,49.7,30.0,23.1,383.0,14.3,0.0,0,0,0.0,0,16,13,2,8,0,2
2025-08-13 17:00:00,74,21.8,48.3,29.0,23.1,369.0,13.9,0.0,0,0,0.0,0,17,13,2,8,0,3
2025-08-13 18:00:00,74,21.3,46.0,29.0,22.6,359.0,13.3,0.0,0,0,0.0,0,18,13,2,8,0,3
2025-08-13 19:00:00,73,20.9,43.9,29.0,21.4,366.0,12.4,0.0,0,0,0.0,0,19,13,2,8,0,3
2025-08-13 20:00:00,73,20.2,41.6,29.0,19.6,377.0,11.3,0.0,0,0,0.0,0,20,13,2,8,0,3
2025-08-13 21:00:00,73,19.7,39.7,29.0,18.5,375.0,10.9,0.0,0,0,0.0,0,21,13,2,8,0,0
2025-08-13 22:00:00,72,19.9,39.8,27.0,18.9,334.0,11.4,0.0,0,0,0.0,0,22,13,2,8,0,0
2025-08-13 23:00:00,73,21.1,45.4,24.0,20.1,281.0,12.4,0.0,0,0,0.0,0,23,13,2,8,0,0
2025-08-14 00:00:00,73,25.3,53.4,26.0,23.4,274.0,17.8,0.0,0,0,0.0,0,0,14,3,8,0,0
2025-08-14 01:00:00,74,23.9,44.1,27.0,23.0,369.0,19.5,0.0,0,0,0.0,0,1,14,3,8,0,0
2025-08-14 02:00:00,74,24.6,47.4,28.0,22.2,510.0,21.8,0.0,0,0,0.0,0,2,14,3,8,0,0
2025-08-14 03:00:00,75,23.2,48.5,32.0,20.3,592.0,23.0,0.0,0,0,0.0,0,3,14,3,8,0,0
2025-08-14 04:00:00,75,21.1,52.3,42.0,16.3,555.0,22.3,0.0,0,0,0.0,0,4,14,3,8,0,0
2025-08-14 05:00:00,75,21.7,57.0,55.0,11.1,458.0,20.6,0.0,0,0,0.0,0,5,14,3,8,0,0
2025-08-14 06:00:00,74,22.0,59.3,65.0,7.2,377.0,19.0,0.0,0,0,0.0,0,6,14,3,8,0,1
2025-08-14 07:00:00,74,21.9,59.5,71.0,5.5,336.0,17.8,0.0,0,0,0.0,0,7,14,3,8,0,1
2025-08-14 08:00:00,74,21.6,56.8,75.0,5.0,310.0,16.6,0.0,0,0,0.0,0,8,14,3,8,0,1
2025-08-14 09:00:00,74,21.4,56.5,75.0,5.2,303.0,15.8,0.0,0,0,0.0,0,9,14,3,8,0,1
2025-08-14 10:00:00,74,20.8,56.3,71.0,5.9,320.0,15.6,0.0,0,0,0.0,0,10,14,3,8,0,2
2025-08-14 11:00:00,74,20.0,55.4,63.0,7.3,354.0,15.6,0.0,0,0,0.0,0,11,14,3,8,0,2
2025-08-14 12:00:00,74,22.9,61.2,54.0,13.7,393.0,16.5,0.0,0,0,0.0,0,12,14,3,8,0,2
2025-08-14 13:00:00,74,21.7,58.7,45.0,18.4,445.0,16.4,0.0,0,0,0.0,0,13,14,3,8,0,2
2025-08-14 14:00:00,74,21.3,53.3,33.0,24.8,501.0,16.2,0.0,0,0,0.0,0,14,14,3,8,0,2
2025-08-14 15:00:00,74,21.3,47.8,24.0,29.6,519.0,15.9,0.0,0,0,0.0,0,15,14,3,8,0,2
2025-08-14 16:00:00,74,22.1,46.3,21.0,31.4,469.0,15.5,0.0,0,0,0.0,0,16,14,3,8,0,2
2025-08-14 17:00:00,74,22.3,47.5,21.0,31.5,382.0,14.9,0.0,0,0,0.0,0,17,14,3,8,0,3
2025-08-14 18:00:00,74,21.9,48.4,22.0,30.7,309.0,14.2,0.0,0,0,0.0,0,18,14,3,8,0,3
2025-08-14 19:00:00,74,21.5,49.6,23.0,28.7,270.0,13.0,0.0,0,0,0.0,0,19,14,3,8,0,3
2025-08-14 20:00:00,74,21.6,50.4,26.0,25.6,247.0,11.6,0.0,0,0,0.0,0,20,14,3,8,0,3
2025-08-14 21:00:00,74,21.7,50.8,28.0,23.0,233.0,11.3,0.0,0,0,0.0,0,21,14,3,8,0,0
2025-08-14 22:00:00,74,22.1,52.0,31.0,20.8,205.0,12.8,0.0,0,0,0.0,0,22,14,3,8,0,0
2025-08-14 23:00:00,75,23.5,69.4,33.0,19.0,187.0,15.4,0.0,0,0,0.0,0,23,14,3,8,0,0
2025-08-15 00:00:00,75,26.8,69.4,24.0,28.9,246.0,19.0,0.0,0,0,0.0,0,0,15,4,8,0,0
2025-08-15 01:00:00,75,27.4,61.5,25.0,29.0,460.0,23.4,0.0,0,0,0.0,0,1,15,4,8,0,0
2025-08-15 02:00:00,75,29.2,70.8,28.0,29.1,750.0,29.4,0.0,0,0,0.0,0,2,15,4,8,0,0
2025-08-15 03:00:00,76,31.7,85.2,34.0,27.6,946.0,33.3,0.0,0,0,0.0,0,3,15,4,8,0,0
2025-08-15 04:00:00,76,34.0,97.8,47.0,23.5,966.0,33.4,0.0,0,0,0.0,0,4,15,4,8,0,0
2025-08-15 05:00:00,77,33.9,93.6,64.0,18.0,892.0,31.5,0.0,0,0,0.0,0,5,15,4,8,0,0
2025-08-15 06:00:00,78,30.9,83.4,80.0,13.2,798.0,29.3,0.0,0,0,0.0,0,6,15,4,8,0,1
2025-08-15 07:00:00,79,29.7,78.2,94.0,9.7,696.0,27.0,0.0,0,0,0.0,0,7,15,4,8,0,1
2025-08-15 08:00:00,80,30.4,76.8,107.0,6.9,574.0,24.5,0.0,0,0,0.0,0,8,15,4,8,0,1
2025-08-15 09:00:00,80,30.9,76.1,114.0,5.5,476.0,22.6,0.0,0,0,0.0,0,9,15,4,8,0,1
2025-08-15 10:00:00,81,31.4,77.8,113.0,5.7,420.0,22.1,0.0,0,0,0.0,0,10,15,4,8,0,2
2025-08-15 11:00:00,82,31.7,79.9,107.0,7.2,388.0,22.2,0.0,0,0,0.0,0,11,15,4,8,0,2
2025-08-15 12:00:00,83,25.7,63.1,93.0,9.3,371.0,20.5,0.0,0,0,0.0,0,12,15,4,8,0,2
2025-08-15 13:00:00,83,25.5,64.0,75.0,14.6,374.0,19.1,0.0,0,0,0.0,0,13,15,4,8,0,2
2025-08-15 14:00:00,83,24.9,62.4,51.0,22.1,391.0,17.2,0.0,0,0,0.0,0,14,15,4,8,0,2
2025-08-15 15:00:00,83,25.1,61.9,31.0,28.5,396.0,15.8,0.0,0,0,0.0,0,15,15,4,8,0,2
2025-08-15 16:00:00,84,25.3,62.4,21.0,32.9,377.0,15.5,0.0,0,0,0.0,0,16,15,4,8,0,2
2025-08-15 17:00:00,84,25.7,62.6,16.0,36.2,346.0,15.8,0.0,0,0,0.0,0,17,15,4,8,0,3
2025-08-15 18:00:00,84,27.1,61.0,13.0,37.9,316.0,15.9,0.0,0,0,0.0,0,18,15,4,8,0,3
2025-08-15 19:00:00,85,27.7,61.7,13.0,37.4,288.0,15.5,0.0,0,0,0.0,0,19,15,4,8,0,3
2025-08-15 20:00:00,85,27.2,61.0,14.0,35.3,262.0,14.9,0.0,0,0,0.0,0,20,15,4,8,0,3
2025-08-15 21:00:00,86,26.0,59.6,16.0,33.1,241.0,14.6,0.0,0,0,0.0,0,21,15,4,8,0,0
2025-08-15 22:00:00,86,25.0,56.9,16.0,31.6,223.0,14.3,0.0,0,0,0.0,0,22,15,4,8,0,0
2025-08-15 23:00:00,86,24.3,55.8,15.0,30.0,212.0,14.2,0.0,0,0,0.0,0,23,15,4,8,0,0
2025-08-16 00:00:00,86,24.6,55.1,16.0,29.0,224.0,16.9,0.0,0,0,0.0,0,0,16,5,8,1,0
2025-08-16 01:00:00,86,25.4,61.5,19.0,27.0,282.0,19.9,0.0,0,0,0.0,0,1,16,5,8,1,0
2025-08-16 02:00:00,86,26.8,70.3,25.0,24.1,363.0,24.3,0.0,0,0,0.0,0,2,16,5,8,1,0
2025-08-16 03:00:00,86,28.4,86.8,36.0,20.9,417.0,28.2,0.0,0,0,0.0,0,3,16,5,8,1,0
2025-08-16 04:00:00,86,29.6,89.4,58.0,17.2,419.0,31.8,0.0,0,0,0.0,0,4,16,5,8,1,0
2025-08-16 05:00:00,85,30.5,83.1,85.0,13.0,394.0,35.1,0.0,0,0,0.0,0,5,16,5,8,1,0
2025-08-16 06:00:00,85,32.7,80.6,109.0,9.6,366.0,36.3,0.0,0,0,0.0,0,6,16,5,8,1,1
2025-08-16 07:00:00,85,33.1,76.4,127.0,6.9,336.0,33.9,0.0,0,0,0.0,0,7,16,5,8,1,1
2025-08-16 08:00:00,85,31.4,69.4,141.0,4.8,303.0,29.3,0.0,0,0,0.0,0,8,16,5,8,1,1
2025-08-16 09:00:00,85,30.4,65.2,146.0,4.2,288.0,25.4,0.0,0,0,0.0,0,9,16,5,8,1,1
2025-08-16 10:00:00,85,30.0,63.6,136.0,5.4,307.0,23.2,0.0,0,0,0.0,0,10,16,5,8,1,2
2025-08-16 11:00:00,85,28.8,61.9,117.0,8.0,345.0,21.7,0.0,0,0,0.0,0,11,16,5,8,1,2
2025-08-16 12:00:00,85,34.1,66.6,127.0,10.1,374.0,25.0,0.0,0,0,0.0,0,12,16,5,8,1,2
2025-08-16 13:00:00,86,30.0,60.3,100.0,15.0,387.0,22.2,0.0,0,0,0.0,0,13,16,5,8,1,2
2025-08-16 14:00:00,86,26.2,52.2,64.0,21.9,392.0,18.3,0.0,0,0,0.0,0,14,16,5,8,1,2
2025-08-16 15:00:00,86,24.2,49.9,35.0,27.5,384.0,15.3,0.0,0,0,0.0,0,15,16,5,8,1,2
2025-08-16 16:00:00,86,23.7,50.9,23.0,30.9,357.0,14.3,0.0,0,0,0.0,0,16,16,5,8,1,2
2025-08-16 17:00:00,86,24.1,52.7,19.0,32.9,316.0,14.2,0.0,0,0,0.0,0,17,16,5,8,1,3
2025-08-16 18:00:00,86,24.9,51.3,18.0,33.2,276.0,14.2,0.0,0,0,0.0,0,18,16,5,8,1,3
2025-08-16 19:00:00,86,24.4,50.6,19.0,30.8,235.0,13.8,0.0,0,0,0.0,0,19,16,5,8,1,3
2025-08-16 20:00:00,85,23.0,48.8,22.0,26.6,195.0,13.4,0.0,0,0,0.0,0,20,16,5,8,1,3
2025-08-16 21:00:00,85,21.5,46.9,25.0,22.8,168.0,13.1,0.0,0,0,0.0,0,21,16,5,8,1,0
2025-08-16 22:00:00,85,20.4,45.2,26.0,20.1,153.0,12.9,0.0,0,0,0.0,0,22,16,5,8,1,0
2025-08-16 23:00:00,84,19.5,43.4,27.0,17.9,152.0,13.0,0.0,0,0,0.0,0,23,16,5,8,1,0
2025-08-17 00:00:00,84,18.5,39.1,25.0,18.1,184.0,13.5,0.0,0,0,0.0,0,0,17,6,8,1,0
2025-08-17 01:00:00,83,18.2,40.9,27.0,17.5,285.0,15.1,0.0,0,0,0.0,0,1,17,6,8,1,0
2025-08-17 02:00:00,83,19.4,47.5,31.0,16.5,420.0,17.5,0.0,0,0,0.0,0,2,17,6,8,1,0
2025-08-17 03:00:00,82,20.7,51.9,40.0,15.1,503.0,19.7,0.0,0,0,0.0,0,3,17,6,8,1,0
2025-08-17 04:00:00,82,21.8,51.6,60.0,12.8,484.0,21.8,0.0,0,0,0.0,0,4,17,6,8,1,0
2025-08-17 05:00:00,81,23.5,51.6,86.0,9.9,413.0,23.8,0.0,0,0,0.0,0,5,17,6,8,1,0
2025-08-17 06:00:00,81,25.8,54.4,108.0,7.6,355.0,25.0,0.0,0,0,0.0,0,6,17,6,8,1,1
2025-08-17 07:00:00,80,28.0,56.5,127.0,6.0,332.0,25.2,0.0,0,0,0.0,0,7,17,6,8,1,1
2025-08-17 08:00:00,80,28.5,55.4,142.0,4.9,321.0,24.6,0.0,0,0,0.0,0,8,17,6,8,1,1
2025-08-17 09:00:00,79,28.8,54.7,147.0,4.8,320.0,23.6,0.0,0,0,0.0,0,9,17,6,8,1,1
2025-08-17 10:00:00,79,28.2,53.1,136.0,5.9,333.0,22.0,0.0,0,0,0.0,0,10,17,6,8,1,2
2025-08-17 11:00:00,79,26.1,48.9,114.0,8.1,356.0,20.1,0.0,0,0,0.0,0,11,17,6,8,1,2
2025-08-17 12:00:00,79,26.5,45.5,111.0,12.0,375.0,21.8,0.0,0,0,0.0,0,12,17,6,8,1,2
2025-08-17 13:00:00,78,23.2,41.0,87.0,16.9,385.0,20.2,0.0,0,0,0.0,0,13,17,6,8,1,2
2025-08-17 14:00:00,78,21.5,38.8,53.0,23.7,391.0,18.0,0.0,0,0,0.0,0,14,17,6,8,1,2
2025-08-17 15:00:00,77,21.1,39.2,28.0,29.0,392.0,16.4,0.0,0,0,0.0,0,15,17,6,8,1,2
2025-08-17 16:00:00,77,21.2,39.8,19.0,31.2,393.0,16.1,0.0,0,0,0.0,0,16,17,6,8,1,2
2025-08-17 17:00:00,77,21.4,40.4,17.0,31.8,390.0,16.4,0.0,0,0,0.0,0,17,17,6,8,1,3
2025-08-17 18:00:00,77,21.8,40.4,17.0,32.2,371.0,16.6,0.0,0,0,0.0,0,18,17,6,8,1,3
2025-08-17 19:00:00,76,22.1,40.4,15.0,33.2,320.0,16.3,0.0,0,0,0.0,0,19,17,6,8,1,3
2025-08-17 20:00:00,76,23.2,38.5,13.0,34.0,253.0,15.8,0.0,0,0,0.0,0,20,17,6,8,1,3
2025-08-17 21:00:00,76,22.6,38.0,13.0,33.5,202.0,15.4,0.0,0,0,0.0,0,21,17,6,8,1,0
2025-08-17 22:00:00,76,21.3,37.4,15.0,30.6,168.0,15.0,0.0,0,0,0.0,0,22,17,6,8,1,0
2025-08-17 23:00:00,76,20.3,36.9,18.0,26.5,149.0,14.7,0.0,0,0,0.0,0,23,17,6,8,1,0
2025-08-18 00:00:00,77,18.8,36.0,25.0,21.5,178.0,13.1,0.0,0,0,0.0,0,0,18,0,8,0,0
2025-08-18 01:00:00,77,21.1,39.3,23.0,22.9,295.0,15.0,0.0,0,0,0.0,0,1,18,0,8,0,0
2025-08-18 02:00:00,77,23.7,43.4,21.0,24.6,460.0,17.8,0.0,0,0,0.0,0,2,18,0,8,0,0
2025-08-18 03:00:00,77,25.0,47.0,31.0,24.5,578.0,20.9,0.0,0,0,0.0,0,3,18,0,8,0,0
2025-08-18 04:00:00,77,27.2,49.8,65.0,21.0,603.0,25.2,0.0,0,0,0.0,0,4,18,0,8,0,0
2025-08-18 05:00:00,78,27.1,45.4,110.0,15.6,582.0,29.9,0.0,0,0,0.0,0,5,18,0,8,0,0
2025-08-18 06:00:00,78,27.8,39.5,146.0,11.1,563.0,31.8,0.0,0,0,0.0,0,6,18,0,8,0,1
2025-08-18 07:00:00,78,29.6,38.9,164.0,8.0,564.0,28.4,0.0,0,0,0.0,0,7,18,0,8,0,1
2025-08-18 08:00:00,78,28.9,36.2,173.0,5.7,566.0,22.2,0.0,0,0,0.0,0,8,18,0,8,0,1
2025-08-18 09:00:00,78,27.6,33.4,172.0,5.0,562.0,17.7,0.0,0,0,0.0,0,9,18,0,8,0,1
2025-08-18 10:00:00,78,28.3,34.3,160.0,6.3,533.0,16.9,0.0,0,0,0.0,0,10,18,0,8,0,2
2025-08-18 11:00:00,84,28.5,37.4,139.0,9.2,498.0,17.7,0.0,0,0,0.0,0,11,18,0,8,0,2
2025-08-18 12:00:00,107,28.2,38.0,109.0,13.0,503.0,16.7,0.0,0,0,0.0,0,12,18,0,8,0,2
2025-08-18 13:00:00,116,27.9,40.7,91.0,18.9,605.0,18.2,0.0,0,0,0.0,0,13,18,0,8,0,2
2025-08-18 14:00:00,112,28.6,43.8,67.0,27.1,747.0,20.3,0.0,0,0,0.0,0,14,18,0,8,0,2
2025-08-18 15:00:00,95,28.0,44.4,48.0,32.6,805.0,21.4,0.0,0,0,0.0,0,15,18,0,8,0,2
2025-08-18 16:00:00,80,27.1,43.9,39.0,33.4,698.0,20.9,0.0,0,0,0.0,0,16,18,0,8,0,2
2025-08-18 17:00:00,81,25.0,41.6,36.0,31.6,508.0,19.6,0.0,0,0,0.0,0,17,18,0,8,0,3
2025-08-18 18:00:00,81,24.2,39.8,35.0,29.1,351.0,18.0,0.0,0,0,0.0,0,18,18,0,8,0,3
2025-08-18 19:00:00,81,22.9,37.4,35.0,26.2,275.0,16.1,0.0,0,0,0.0,0,19,18,0,8,0,3
2025-08-18 20:00:00,81,21.6,34.6,37.0,22.6,234.0,14.0,0.0,0,0,0.0,0,20,18,0,8,0,3
2025-08-18 21:00:00,81,20.8,32.9,39.0,19.6,204.0,12.4,0.0,0,0,0.0,0,21,18,0,8,0,0
2025-08-18 22:00:00,81,20.0,31.3,40.0,17.2,161.0,11.5,0.0,0,0,0.0,0,22,18,0,8,0,0
2025-08-18 23:00:00,81,19.0,29.3,42.0,15.3,129.0,11.1,0.0,0,0,0.0,0,23,18,0,8,0,0
2025-08-19 00:00:00,81,19.7,25.4,58.0,11.3,163.0,11.2,0.0,0,0,0.0,0,0,19,1,8,0,0
2025-08-19 01:00:00,81,21.2,27.6,53.0,15.9,337.0,12.7,0.0,0,0,0.0,0,1,19,1,8,0,0
2025-08-19 02:00:00,81,24.6,31.2,47.0,22.1,577.0,15.0,0.0,0,0,0.0,0,2,19,1,8,0,0
2025-08-19 03:00:00,81,26.0,35.2,51.0,25.2,712.0,17.6,0.0,0,0,0.0,0,3,19,1,8,0,0
2025-08-19 04:00:00,81,26.9,43.2,77.0,22.0,633.0,21.0,0.0,0,0,0.0,0,4,19,1,8,0,0
2025-08-19 05:00:00,81,29.6,60.3,114.0,15.6,450.0,24.8,0.0,0,0,0.0,0,5,19,1,8,0,0
2025-08-19 06:00:00,81,30.5,63.6,139.0,11.2,317.0,27.0,0.0,0,0,0.0,0,6,19,1,8,0,1
2025-08-19 07:00:00,81,32.2,66.1,143.0,10.4,298.0,26.6,0.0,0,0,0.0,0,7,19,1,8,0,1
2025-08-19 08:00:00,82,35.9,73.3,136.0,11.4,330.0,24.7,0.0,0,0,0.0,0,8,19,1,8,0,1
2025-08-19 09:00:00,82,31.1,55.8,123.0,14.1,381.0,22.7,0.0,0,0,0.0,0,9,19,1,8,0,1
2025-08-19 10:00:00,82,27.3,47.5,102.0,18.9,457.0,21.1,0.0,0,0,0.0,0,10,19,1,8,0,2
2025-08-19 11:00:00,82,26.1,41.3,76.0,25.5,552.0,19.4,0.0,0,0,0.0,0,11,19,1,8,0,2
2025-08-19 12:00:00,82,36.8,58.8,48.0,45.0,617.0,19.7,0.0,0,0,0.0,0,12,19,1,8,0,2
2025-08-19 13:00:00,83,37.6,59.4,41.0,48.9,632.0,19.9,0.0,0,0,0.0,0,13,19,1,8,0,2
2025-08-19 14:00:00,84,37.4,56.9,32.0,53.9,617.0,20.1,0.0,0,0,0.0,0,14,19,1,8,0,2
2025-08-19 15:00:00,84,35.5,53.1,26.0,55.9,582.0,19.9,0.0,0,0,0.0,0,15,19,1,8,0,2
2025-08-19 16:00:00,85,32.0,46.6,26.0,52.0,524.0,18.8,0.0,0,0,0.0,0,16,19,1,8,0,2
2025-08-19 17:00:00,85,29.2,42.3,28.0,44.9,446.0,17.3,0.0,0,0,0.0,0,17,19,1,8,0,3
2025-08-19 18:00:00,86,28.3,40.5,30.0,38.7,371.0,15.9,0.0,0,0,0.0,0,18,19,1,8,0,3
2025-08-19 19:00:00,86,27.6,40.0,29.0,35.1,300.0,14.9,0.0,0,0,0.0,0,19,19,1,8,0,3
2025-08-19 20:00:00,86,27.5,40.4,28.0,32.4,232.0,14.1,0.0,0,0,0.0,0,20,19,1,8,0,3
2025-08-19 21:00:00,87,27.0,39.1,30.0,29.4,188.0,13.4,0.0,0,0,0.0,0,21,19,1,8,0,0
2025-08-19 22:00:00,87,26.0,37.1,38.0,25.0,171.0,12.9,0.0,0,0,0.0,0,22,19,1,8,0,0
2025-08-19 23:00:00,88,24.6,32.2,49.0,20.3,177.0,12.6,0.0,0,0,0.0,0,23,19,1,8,0,0
2025-08-20 00:00:00,88,21.5,29.5,36.0,18.8,222.0,10.9,0.0,0,0,0.0,0,0,20,2,8,0,0
2025-08-20 01:00:00,88,22.8,29.6,47.0,19.1,336.0,12.0,0.0,0,0,0.0,0,1,20,2,8,0,0
2025-08-20 02:00:00,88,26.3,30.7,64.0,19.3,488.0,13.6,0.0,0,0,0.0,0,2,20,2,8,0,0
2025-08-20 03:00:00,88,25.3,28.9,84.0,18.3,596.0,14.7,0.0,0,0,0.0,0,3,20,2,8,0,0
2025-08-20 04:00:00,88,24.0,28.5,110.0,14.8,619.0,15.3,0.0,0,0,0.0,0,4,20,2,8,0,0
2025-08-20 05:00:00,88,26.7,33.6,139.0,10.1,599.0,15.5,0.0,0,0,0.0,0,5,20,2,8,0,0
2025-08-20 06:00:00,88,30.4,39.3,159.0,6.4,578.0,14.9,0.0,0,0,0.0,0,6,20,2,8,0,1
2025-08-20 07:00:00,88,31.1,40.2,162.0,4.6,547.0,12.9,0.0,0,0,0.0,0,7,20,2,8,0,1
2025-08-20 08:00:00,88,28.3,36.2,155.0,3.8,515.0,10.1,0.0,0,0,0.0,0,8,20,2,8,0,1
2025-08-20 09:00:00,87,25.6,31.8,147.0,4.1,549.0,8.5,0.0,0,0,0.0,0,9,20,2,8,0,1
2025-08-20 10:00:00,87,25.0,30.0,144.0,3.7,629.0,9.0,0.0,0,0,0.0,0,10,20,2,8,0,2
2025-08-20 11:00:00,101,25.0,29.2,141.0,4.3,774.0,10.7,0.0,0,0,0.0,0,11,20,2,8,0,2
2025-08-20 12:00:00,113,25.2,30.2,122.0,9.6,1113.0,10.8,0.0,0,0,0.0,0,12,20,2,8,0,2
2025-08-20 13:00:00,115,33.3,36.7,105.0,21.3,1838.0,12.1,0.0,0,0,0.0,0,13,20,2,8,0,2
2025-08-20 14:00:00,108,36.8,39.9,82.0,37.4,2756.0,13.9,0.0,0,0,0.0,0,14,20,2,8,0,2
2025-08-20 15:00:00,92,37.3,40.7,63.0,49.9,3416.0,15.8,0.0,0,0,0.0,0,15,20,2,8,0,2
2025-08-20 16:00:00,85,38.4,42.6,54.0,55.5,3645.0,17.9,0.0,0,0,0.0,0,16,20,2,8,0,2
2025-08-20 17:00:00,86,40.7,44.7,50.0,57.4,3616.0,20.1,0.0,0,0,0.0,0,17,20,2,8,0,3
2025-08-20 18:00:00,87,42.3,46.3,48.0,57.4,3398.0,21.8,0.0,0,0,0.0,0,18,20,2,8,0,3
2025-08-20 19:00:00,88,42.6,47.3,46.0,56.0,2924.0,23.0,0.0,0,0,0.0,0,19,20,2,8,0,3
2025-08-20 20:00:00,89,42.1,47.1,46.0,52.6,2260.0,23.7,0.0,0,0,0.0,0,20,20,2,8,0,3
2025-08-20 21:00:00,90,40.7,45.8,49.0,46.9,1674.0,23.2,0.0,0,0,0.0,0,21,20,2,8,0,0
2025-08-20 22:00:00,91,37.0,42.5,60.0,35.7,1223.0,20.2,0.0,0,0,0.0,0,22,20,2,8,0,0
2025-08-20 23:00:00,92,31.5,43.5,75.0,22.3,850.0,16.0,0.0,0,0,0.0,0,23,20,2,8,0,0
2025-08-21 00:00:00,93,18.3,22.6,59.0,18.1,647.0,16.3,0.0,0,0,0.0,0,0,21,3,8,0,0
2025-08-21 01:00:00,93,19.3,22.8,55.0,21.8,735.0,17.7,0.0,0,0,0.0,0,1,21,3,8,0,0
2025-08-21 02:00:00,92,23.2,26.3,51.0,26.6,995.0,19.6,0.0,0,0,0.0,0,2,21,3,8,0,0
2025-08-21 03:00:00,92,27.8,33.1,52.0,28.3,1159.0,20.3,0.0,0,0,0.0,0,3,21,3,8,0,0
2025-08-21 04:00:00,92,28.3,45.3,66.0,23.7,1104.0,18.7,0.0,0,0,0.0,0,4,21,3,8,0,0
2025-08-21 05:00:00,93,25.6,54.5,86.0,15.9,953.0,15.8,0.0,0,0,0.0,0,5,21,3,8,0,0
2025-08-21 06:00:00,92,20.9,43.7,99.0,10.0,813.0,13.5,0.0,0,0,0.0,0,6,21,3,8,0,1
2025-08-21 07:00:00,92,16.0,25.8,100.0,7.6,678.0,12.1,0.0,0,0,0.0,0,7,21,3,8,0,1
2025-08-21 08:00:00,91,11.1,13.5,94.0,7.1,553.0,11.2,0.0,0,0,0.0,0,8,21,3,8,0,1
2025-08-21 09:00:00,89,8.6,9.0,86.0,8.9,565.0,11.3,0.0,0,0,0.0,0,9,21,3,8,0,1
2025-08-21 10:00:00,88,7.9,8.1,76.0,14.2,798.0,13.1,0.0,0,0,0.0,0,10,21,3,8,0,2
2025-08-21 11:00:00,86,9.1,9.4,65.0,21.9,1167.0,15.8,0.0,0,0,0.0,0,11,21,3,8,0,2
2025-08-21 12:00:00,85,18.7,19.3,44.0,37.5,1543.0,17.0,0.0,0,0,0.0,0,12,21,3,8,0,2
2025-08-21 13:00:00,85,25.3,25.8,34.0,44.0,1960.0,19.3,0.0,0,0,0.0,0,13,21,3,8,0,2
2025-08-21 14:00:00,84,27.2,27.6,20.0,52.9,2383.0,22.5,0.0,0,0,0.0,0,14,21,3,8,0,2
2025-08-21 15:00:00,83,29.7,30.0,10.0,59.6,2585.0,25.0,0.0,0,0,0.0,0,15,21,3,8,0,2
2025-08-21 16:00:00,83,32.5,33.1,7.0,61.6,2430.0,26.4,0.0,0,0,0.0,0,16,21,3,8,0,2
2025-08-21 17:00:00,82,37.0,38.2,9.0,61.4,2053.0,27.1,0.0,0,0,0.0,0,17,21,3,8,0,3
2025-08-21 18:00:00,82,37.7,39.2,10.0,61.5,1628.0,27.2,0.0,0,0,0.0,0,18,21,3,8,0,3
2025-08-21 19:00:00,82,39.6,41.7,9.0,63.8,1146.0,26.3,0.0,0,0,0.0,0,19,21,3,8,0,3
2025-08-21 20:00:00,81,35.9,38.4,8.0,66.4,615.0,24.8,0.0,0,0,0.0,0,20,21,3,8,0,3
2025-08-21 21:00:00,81,30.7,33.3,10.0,65.8,235.0,23.2,0.0,0,0,0.0,0,21,21,3,8,0,0
2025-08-21 22:00:00,80,27.5,30.0,17.0,59.3,110.0,21.5,0.0,0,0,0.0,0,22,21,3,8,0,0
2025-08-21 23:00:00,79,25.2,27.9,26.0,49.6,134.0,19.9,0.0,0,0,0.0,0,23,21,3,8,0,0
2025-08-22 00:00:00,79,32.4,37.3,46.0,42.1,192.0,23.5,0.0,0,0,0.0,0,0,22,4,8,0,0
2025-08-22 01:00:00,80,33.3,39.8,55.0,38.5,269.0,23.5,0.0,0,0,0.0,0,1,22,4,8,0,0
2025-08-22 02:00:00,81,34.8,42.7,69.0,33.2,380.0,23.4,0.0,0,0,0.0,0,2,22,4,8,0,0
2025-08-22 03:00:00,82,32.0,41.7,83.0,27.3,447.0,23.0,0.0,0,0,0.0,0,3,22,4,8,0,0
2025-08-22 04:00:00,82,26.8,35.9,98.0,20.3,426.0,22.2,0.0,0,0,0.0,0,4,22,4,8,0,0
2025-08-22 05:00:00,82,24.2,33.4,113.0,12.6,362.0,21.0,0.0,0,0,0.0,0,5,22,4,8,0,0
2025-08-22 06:00:00,82,24.0,33.6,123.0,6.9,313.0,19.6,0.0,0,0,0.0,0,6,22,4,8,0,1
2025-08-22 07:00:00,82,23.3,32.7,126.0,4.5,304.0,17.7,0.0,0,0,0.0,0,7,22,4,8,0,1
2025-08-22 08:00:00,83,22.1,31.8,124.0,4.0,309.0,15.6,0.0,0,0,0.0,0,8,22,4,8,0,1
2025-08-22 09:00:00,84,20.5,30.2,118.0,4.4,316.0,13.9,0.0,0,0,0.0,0,9,22,4,8,0,1
2025-08-22 10:00:00,85,20.0,29.3,108.0,5.4,316.0,13.0,0.0,0,0,0.0,0,10,22,4,8,0,2
2025-08-22 11:00:00,86,18.1,26.5,94.0,7.3,317.0,12.5,0.0,0,0,0.0,0,11,22,4,8,0,2
2025-08-22 12:00:00,86,16.8,26.3,81.0,8.5,325.0,12.4,0.0,0,0,0.0,0,12,22,4,8,0,2
2025-08-22 13:00:00,86,16.2,25.0,70.0,12.7,354.0,12.2,0.0,0,0,0.0,0,13,22,4,8,0,2
2025-08-22 14:00:00,85,16.1,23.7,55.0,18.4,391.0,11.9,0.0,0,0,0.0,0,14,22,4,8,0,2
2025-08-22 15:00:00,85,17.5,25.1,45.0,22.0,404.0,11.4,0.0,0,0,0.0,0,15,22,4,8,0,2
2025-08-22 16:00:00,84,18.0,26.5,44.0,21.5,373.0,10.8,0.0,0,0,0.0,0,16,22,4,8,0,2
2025-08-22 17:00:00,83,18.9,28.6,47.0,18.9,318.0,10.1,0.0,0,0,0.0,0,17,22,4,8,0,3
2025-08-22 18:00:00,81,20.5,32.5,50.0,16.0,266.0,9.3,0.0,0,0,0.0,0,18,22,4,8,0,3
2025-08-22 19:00:00,80,21.7,35.7,52.0,13.1,225.0,8.2,0.0,0,0,0.0,0,19,22,4,8,0,3
2025-08-22 20:00:00,78,22.2,38.2,55.0,9.8,188.0,7.1,0.0,0,0,0.0,0,20,22,4,8,0,3
2025-08-22 21:00:00,77,22.2,40.4,57.0,7.4,162.0,6.3,0.0,0,0,0.0,0,21,22,4,8,0,0
2025-08-22 22:00:00,77,22.4,42.5,57.0,6.1,147.0,6.1,0.0,0,0,0.0,0,22,22,4,8,0,0
2025-08-22 23:00:00,76,22.9,45.3,57.0,5.5,143.0,6.3,0.0,0,0,0.0,0,23,22,4,8,0,0
2025-08-23 00:00:00,76,23.8,48.0,58.0,5.3,159.0,6.7,0.0,0,0,0.0,0,0,23,5,8,1,0
2025-08-23 01:00:00,75,24.0,46.3,56.0,7.7,214.0,7.6,0.0,0,0,0.0,0,1,23,5,8,1,0
2025-08-23 02:00:00,75,25.6,47.6,54.0,11.0,288.0,8.9,0.0,0,0,0.0,0,2,23,5,8,1,0
2025-08-23 03:00:00,74,27.2,52.3,55.0,12.6,332.0,10.0,0.0,0,0,0.0,0,3,23,5,8,1,0
2025-08-23 04:00:00,74,27.6,53.7,62.0,11.0,314.0,10.9,0.0,0,0,0.0,0,4,23,5,8,1,0
2025-08-23 05:00:00,74,28.1,55.3,72.0,7.8,265.0,11.7,0.0,0,0,0.0,0,5,23,5,8,1,0
2025-08-23 06:00:00,74,29.3,58.3,79.0,5.3,229.0,12.1,0.0,0,0,0.0,0,6,23,5,8,1,1
2025-08-23 07:00:00,74,29.5,59.5,81.0,4.3,223.0,11.7,0.0,0,0,0.0,0,7,23,5,8,1,1
2025-08-23 08:00:00,75,28.5,57.7,80.0,4.0,231.0,10.9,0.0,0,0,0.0,0,8,23,5,8,1,1
2025-08-23 09:00:00,75,26.6,53.7,77.0,4.3,242.0,10.2,0.0,0,0,0.0,0,9,23,5,8,1,1
2025-08-23 10:00:00,76,24.2,48.5,72.0,4.9,255.0,10.0,0.0,0,0,0.0,0,10,23,5,8,1,2
2025-08-23 11:00:00,76,23.5,48.3,65.0,6.1,271.0,10.0,0.0,0,0,0.0,0,11,23,5,8,1,2
2025-08-23 12:00:00,77,28.6,59.8,63.0,8.0,291.0,11.2,0.0,0,0,0.0,0,12,23,5,8,1,2
2025-08-23 13:00:00,77,23.7,50.2,54.0,13.2,322.0,11.3,0.0,0,0,0.0,0,13,23,5,8,1,2
2025-08-23 14:00:00,78,24.6,52.0,41.0,20.3,356.0,11.5,0.0,0,0,0.0,0,14,23,5,8,1,2
2025-08-23 15:00:00,79,26.9,59.6,33.0,24.5,368.0,11.3,0.0,0,0,0.0,0,15,23,5,8,1,2
2025-08-23 16:00:00,79,27.0,61.5,33.0,23.2,341.0,10.5,0.0,0,0,0.0,0,16,23,5,8,1,2
2025-08-23 17:00:00,80,24.6,55.8,37.0,19.1,291.0,9.4,0.0,0,0,0.0,0,17,23,5,8,1,3
2025-08-23 18:00:00,81,21.6,48.2,41.0,15.1,245.0,8.4,0.0,0,0,0.0,0,18,23,5,8,1,3
2025-08-23 19:00:00,81,19.4,42.7,43.0,12.0,208.0,7.5,0.0,0,0,0.0,0,19,23,5,8,1,3
2025-08-23 20:00:00,81,18.0,39.5,46.0,9.1,174.0,6.7,0.0,0,0,0.0,0,20,23,5,8,1,3
2025-08-23 21:00:00,80,17.5,39.3,47.0,7.0,151.0,6.1,0.0,0,0,0.0,0,21,23,5,8,1,0
2025-08-23 22:00:00,80,17.4,40.4,48.0,5.9,137.0,5.8,0.0,0,0,0.0,0,22,23,5,8,1,0
2025-08-23 23:00:00,79,17.5,41.4,47.0,5.6,134.0,5.8,0.0,0,0,0.0,0,23,23,5,8,1,0
2025-08-24 00:00:00,79,18.1,41.4,47.0,6.5,151.0,6.5,0.0,0,0,0.0,0,0,24,6,8,1,0
2025-08-24 01:00:00,79,18.9,43.9,45.0,9.1,210.0,7.6,0.0,0,0,0.0,0,1,24,6,8,1,0
2025-08-24 02:00:00,78,20.9,46.6,44.0,12.5,290.0,9.1,0.0,0,0,0.0,0,2,24,6,8,1,0
2025-08-24 03:00:00,78,23.1,55.6,45.0,14.1,337.0,10.5,0.0,0,0,0.0,0,3,24,6,8,1,0
2025-08-24 04:00:00,77,24.4,61.0,53.0,12.2,317.0,11.7,0.0,0,0,0.0,0,4,24,6,8,1,0
2025-08-24 05:00:00,77,26.6,67.3,64.0,8.4,264.0,12.8,0.0,0,0,0.0,0,5,24,6,8,1,0
2025-08-24 06:00:00,77,25.9,68.2,73.0,5.5,223.0,13.4,0.0,0,0,0.0,0,6,24,6,8,1,1
2025-08-24 07:00:00,77,26.0,69.4,77.0,4.4,213.0,13.1,0.0,0,0,0.0,0,7,24,6,8,1,1
2025-08-24 08:00:00,77,25.6,70.8,79.0,4.1,215.0,12.2,0.0,0,0,0.0,0,8,24,6,8,1,1
2025-08-24 09:00:00,76,24.0,68.7,78.0,4.4,221.0,11.4,0.0,0,0,0.0,0,9,24,6,8,1,1
2025-08-24 10:00:00,76,22.8,68.5,74.0,4.9,225.0,10.9,0.0,0,0,0.0,0,10,24,6,8,1,2
2025-08-24 11:00:00,76,22.9,71.2,67.0,5.9,233.0,10.6,0.0,0,0,0.0,0,11,24,6,8,1,2
2025-08-24 12:00:00,76,30.3,97.1,57.0,8.8,253.0,10.2,0.0,0,0,0.0,0,12,24,6,8,1,2
2025-08-24 13:00:00,76,25.2,73.3,49.0,13.8,300.0,10.4,0.0,0,0,0.0,0,13,24,6,8,1,2
2025-08-24 14:00:00,76,24.0,58.4,38.0,20.6,359.0,10.8,0.0,0,0,0.0,0,14,24,6,8,1,2
2025-08-24 15:00:00,76,23.1,48.4,31.0,24.7,391.0,10.8,0.0,0,0,0.0,0,15,24,6,8,1,2
2025-08-24 16:00:00,76,21.5,43.2,31.0,23.7,377.0,10.4,0.0,0,0,0.0,0,16,24,6,8,1,2
2025-08-24 17:00:00,75,19.9,40.4,35.0,20.1,336.0,9.7,0.0,0,0,0.0,0,17,24,6,8,1,3
2025-08-24 18:00:00,75,18.2,39.2,39.0,16.5,292.0,9.0,0.0,0,0,0.0,0,18,24,6,8,1,3
2025-08-24 19:00:00,75,16.9,38.5,41.0,13.6,246.0,8.1,0.0,0,0,0.0,0,19,24,6,8,1,3
2025-08-24 20:00:00,75,16.1,38.8,43.0,10.8,197.0,7.1,0.0,0,0,0.0,0,20,24,6,8,1,3
2025-08-24 21:00:00,74,15.8,40.2,44.0,8.8,162.0,6.5,0.0,0,0,0.0,0,21,24,6,8,1,0
2025-08-24 22:00:00,74,15.8,42.3,44.0,7.8,145.0,6.4,0.0,0,0,0.0,0,22,24,6,8,1,0
2025-08-24 23:00:00,74,15.8,44.1,43.0,7.6,143.0,6.7,0.0,0,0,0.0,0,23,24,6,8,1,0
2025-08-25 00:00:00,74,16.4,47.4,43.0,8.5,164.0,7.3,0.0,0,0,0.0,0,0,25,0,8,0,0
2025-08-25 01:00:00,74,17.5,52.3,41.0,11.3,230.0,8.8,0.0,0,0,0.0,0,1,25,0,8,0,0
2025-08-25 02:00:00,74,20.4,58.8,40.0,15.0,319.0,10.9,0.0,0,0,0.0,0,2,25,0,8,0,0
2025-08-25 03:00:00,74,23.1,76.8,41.0,16.9,371.0,13.0,0.0,0,0,0.0,0,3,25,0,8,0,0
2025-08-25 04:00:00,74,25.7,94.1,49.0,15.2,349.0,15.1,0.0,0,0,0.0,0,4,25,0,8,0,0
2025-08-25 05:00:00,74,28.0,98.5,60.0,11.6,290.0,17.2,0.0,0,0,0.0,0,5,25,0,8,0,0
2025-08-25 06:00:00,74,29.0,98.0,68.0,8.7,245.0,18.5,0.0,0,0,0.0,0,6,25,0,8,0,1
2025-08-25 07:00:00,74,28.1,90.6,72.0,7.3,236.0,18.5,0.0,0,0,0.0,0,7,25,0,8,0,1
2025-08-25 08:00:00,74,27.9,85.7,74.0,6.6,241.0,17.6,0.0,0,0,0.0,0,8,25,0,8,0,1
2025-08-25 09:00:00,75,26.4,77.5,73.0,6.6,250.0,16.8,0.0,0,0,0.0,0,9,25,0,8,0,1
2025-08-25 10:00:00,75,25.4,72.4,69.0,6.9,254.0,16.2,0.0,0,0,0.0,0,10,25,0,8,0,2
2025-08-25 11:00:00,75,24.4,70.1,61.0,7.8,262.0,15.6,0.0,0,0,0.0,0,11,25,0,8,0,2
2025-08-25 12:00:00,75,24.0,69.2,61.0,9.0,288.0,15.1,0.0,0,0,0.0,0,12,25,0,8,0,2
2025-08-25 13:00:00,75,22.7,66.1,50.0,14.8,353.0,14.9,0.0,0,0,0.0,0,13,25,0,8,0,2
2025-08-25 14:00:00,74,22.2,62.2,36.0,22.9,437.0,14.7,0.0,0,0,0.0,0,14,25,0,8,0,2
2025-08-25 15:00:00,74,23.5,60.1,25.0,28.7,494.0,14.3,0.0,0,0,0.0,0,15,25,0,8,0,2
2025-08-25 16:00:00,74,23.9,58.9,22.0,30.5,509.0,13.9,0.0,0,0,0.0,0,16,25,0,8,0,2
2025-08-25 17:00:00,74,24.0,59.3,22.0,30.0,496.0,13.3,0.0,0,0,0.0,0,17,25,0,8,0,3
2025-08-25 18:00:00,75,23.9,59.4,23.0,28.7,458.0,12.6,0.0,0,0,0.0,0,18,25,0,8,0,3
2025-08-25 19:00:00,75,24.0,61.5,24.0,26.7,375.0,11.6,0.0,0,0,0.0,0,19,25,0,8,0,3
2025-08-25 20:00:00,76,23.4,59.5,26.0,23.7,267.0,10.4,0.0,0,0,0.0,0,20,25,0,8,0,3
2025-08-25 21:00:00,76,22.4,57.3,28.0,20.8,186.0,9.5,0.0,0,0,0.0,0,21,25,0,8,0,0
2025-08-25 22:00:00,77,21.3,57.0,30.0,17.6,152.0,8.7,0.0,0,0,0.0,0,22,25,0,8,0,0
2025-08-25 23:00:00,77,20.5,58.3,33.0,14.3,146.0,8.1,0.0,0,0,0.0,0,23,25,0,8,0,0
2025-08-26 00:00:00,78,19.5,57.0,36.0,12.4,166.0,8.5,0.0,0,0,0.0,0,0,26,1,8,0,0
2025-08-26 01:00:00,78,19.7,62.4,36.0,13.6,233.0,10.2,0.0,0,0,0.0,0,1,26,1,8,0,0
2025-08-26 02:00:00,78,21.4,69.2,36.0,15.0,327.0,12.7,0.0,0,0,0.0,0,2,26,1,8,0,0
2025-08-26 03:00:00,78,23.1,78.0,39.0,15.3,385.0,15.0,0.0,0,0,0.0,0,3,26,1,8,0,0
2025-08-26 04:00:00,78,25.1,90.6,49.0,13.2,371.0,17.2,0.0,0,0,0.0,0,4,26,1,8,0,0
2025-08-26 05:00:00,78,32.5,121.1,63.0,10.0,322.0,19.3,0.0,0,0,0.0,0,5,26,1,8,0,0
2025-08-26 06:00:00,78,29.2,105.0,74.0,7.3,281.0,20.2,0.0,0,0,0.0,0,6,26,1,8,0,1
2025-08-26 07:00:00,78,30.2,107.6,79.0,5.9,264.0,19.1,0.0,0,0,0.0,0,7,26,1,8,0,1
2025-08-26 08:00:00,79,30.0,106.9,80.0,5.0,256.0,16.8,0.0,0,0,0.0,0,8,26,1,8,0,1
2025-08-26 09:00:00,79,28.0,100.4,78.0,4.9,255.0,14.9,0.0,0,0,0.0,0,9,26,1,8,0,1
2025-08-26 10:00:00,79,27.6,101.0,73.0,5.1,252.0,14.2,0.0,0,0,0.0,0,10,26,1,8,0,2
2025-08-26 11:00:00,79,26.3,96.6,66.0,5.9,257.0,13.9,0.0,0,0,0.0,0,11,26,1,8,0,2
2025-08-26 12:00:00,79,30.4,109.0,63.0,8.3,300.0,14.8,0.0,0,0,0.0,0,12,26,1,8,0,2
2025-08-26 13:00:00,80,28.5,103.6,51.0,14.3,429.0,14.5,0.0,0,0,0.0,0,13,26,1,8,0,2
2025-08-26 14:00:00,80,28.1,90.1,35.0,22.7,595.0,14.0,0.0,0,0,0.0,0,14,26,1,8,0,2
2025-08-26 15:00:00,81,29.9,89.6,23.0,29.1,685.0,13.7,0.0,0,0,0.0,0,15,26,1,8,0,2
2025-08-26 16:00:00,81,31.5,91.3,18.0,32.3,632.0,13.8,0.0,0,0,0.0,0,16,26,1,8,0,2
2025-08-26 17:00:00,82,32.9,90.8,18.0,33.5,503.0,14.0,0.0,0,0,0.0,0,17,26,1,8,0,3
2025-08-26 18:00:00,83,32.9,88.2,19.0,32.5,384.0,13.7,0.0,0,0,0.0,0,18,26,1,8,0,3
2025-08-26 19:00:00,83,31.2,83.4,23.0,28.0,302.0,12.5,0.0,0,0,0.0,0,19,26,1,8,0,3
2025-08-26 20:00:00,84,28.8,76.4,30.0,21.3,231.0,10.8,0.0,0,0,0.0,0,20,26,1,8,0,3
2025-08-26 21:00:00,84,26.7,69.8,35.0,15.8,179.0,9.4,0.0,0,0,0.0,0,21,26,1,8,0,0
2025-08-26 22:00:00,85,24.7,63.6,37.0,12.7,145.0,8.5,0.0,0,0,0.0,0,22,26,1,8,0,0
2025-08-26 23:00:00,85,23.1,58.2,38.0,10.8,131.0,7.9,0.0,0,0,0.0,0,23,26,1,8,0,0
2025-08-27 00:00:00,85,23.0,57.3,39.0,10.0,149.0,7.9,0.0,0,0,0.0,0,0,27,2,8,0,0
2025-08-27 01:00:00,85,22.5,54.6,38.0,11.7,230.0,9.2,0.0,0,0,0.0,0,1,27,2,8,0,0
2025-08-27 02:00:00,86,24.2,63.3,38.0,13.8,344.0,11.1,0.0,0,0,0.0,0,2,27,2,8,0,0
2025-08-27 03:00:00,86,25.7,72.6,41.0,14.5,410.0,12.9,0.0,0,0,0.0,0,3,27,2,8,0,0
2025-08-27 04:00:00,86,26.3,79.9,51.0,12.3,379.0,14.7,0.0,0,0,0.0,0,4,27,2,8,0,0
2025-08-27 05:00:00,86,27.6,84.1,65.0,8.7,301.0,16.5,0.0,0,0,0.0,0,5,27,2,8,0,0
2025-08-27 06:00:00,86,29.5,88.5,77.0,5.8,242.0,17.5,0.0,0,0,0.0,0,6,27,2,8,0,1
2025-08-27 07:00:00,86,30.6,89.6,84.0,4.4,228.0,16.9,0.0,0,0,0.0,0,7,27,2,8,0,1
2025-08-27 08:00:00,86,31.1,91.7,89.0,3.8,233.0,15.5,0.0,0,0,0.0,0,8,27,2,8,0,1
2025-08-27 09:00:00,86,30.6,90.6,90.0,3.9,249.0,14.5,0.0,0,0,0.0,0,9,27,2,8,0,1
2025-08-27 10:00:00,86,29.7,87.1,86.0,4.2,273.0,14.6,0.0,0,0,0.0,0,10,27,2,8,0,2
2025-08-27 11:00:00,86,29.0,85.2,77.0,5.3,306.0,15.2,0.0,0,0,0.0,0,11,27,2,8,0,2
2025-08-27 12:00:00,86,28.5,80.8,68.0,8.9,348.0,15.6,0.0,0,0,0.0,0,12,27,2,8,0,2
2025-08-27 13:00:00,86,27.8,77.1,54.0,16.8,412.0,15.9,0.0,0,0,0.0,0,13,27,2,8,0,2
2025-08-27 14:00:00,86,27.6,67.8,34.0,27.6,484.0,16.4,0.0,0,0,0.0,0,14,27,2,8,0,2
2025-08-27 15:00:00,86,29.3,63.3,20.0,34.9,518.0,16.3,0.0,0,0,0.0,0,15,27,2,8,0,2
2025-08-27 16:00:00,86,29.5,61.5,17.0,36.0,488.0,15.5,0.0,0,0,0.0,0,16,27,2,8,0,2
2025-08-27 17:00:00,86,28.9,60.1,19.0,33.8,421.0,14.2,0.0,0,0,0.0,0,17,27,2,8,0,3
2025-08-27 18:00:00,86,27.7,59.4,23.0,30.1,351.0,12.8,0.0,0,0,0.0,0,18,27,2,8,0,3
2025-08-27 19:00:00,85,26.1,57.4,28.0,24.8,281.0,11.0,0.0,0,0,0.0,0,19,27,2,8,0,3
2025-08-27 20:00:00,85,23.8,53.8,34.0,18.1,207.0,9.0,0.0,0,0,0.0,0,20,27,2,8,0,3
2025-08-27 21:00:00,84,21.8,49.8,39.0,13.0,155.0,7.6,0.0,0,0,0.0,0,21,27,2,8,0,0
2025-08-27 22:00:00,84,20.7,47.5,40.0,10.7,132.0,7.1,0.0,0,0,0.0,0,22,27,2,8,0,0
2025-08-27 23:00:00,84,20.3,47.3,39.0,10.1,131.0,7.1,0.0,0,0,0.0,0,23,27,2,8,0,0
2025-08-28 00:00:00,83,20.3,46.8,41.0,8.6,156.0,7.8,0.0,0,0,0.0,0,0,28,3,8,0,0
2025-08-28 01:00:00,83,21.2,50.3,41.0,10.2,232.0,9.6,0.0,0,0,0.0,0,1,28,3,8,0,0
2025-08-28 02:00:00,83,24.0,61.5,40.0,12.3,335.0,12.1,0.0,0,0,0.0,0,2,28,3,8,0,0
2025-08-28 03:00:00,83,26.4,72.9,44.0,13.1,394.0,14.2,0.0,0,0,0.0,0,3,28,3,8,0,0
2025-08-28 04:00:00,83,28.2,81.3,54.0,11.2,365.0,15.7,0.0,0,0,0.0,0,4,28,3,8,0,0
2025-08-28 05:00:00,83,30.7,88.2,68.0,7.9,293.0,16.8,0.0,0,0,0.0,0,5,28,3,8,0,0
2025-08-28 06:00:00,84,33.6,95.5,81.0,5.4,239.0,17.6,0.0,0,0,0.0,0,6,28,3,8,0,1
2025-08-28 07:00:00,84,35.6,98.3,93.0,4.4,228.0,18.0,0.0,0,0,0.0,0,7,28,3,8,0,1
2025-08-28 08:00:00,84,36.4,96.4,103.0,4.0,234.0,18.1,0.0,0,0,0.0,0,8,28,3,8,0,1
2025-08-28 09:00:00,85,36.1,93.6,106.0,4.4,249.0,17.9,0.0,0,0,0.0,0,9,28,3,8,0,1
2025-08-28 10:00:00,85,34.6,89.6,98.0,5.0,267.0,17.2,0.0,0,0,0.0,0,10,28,3,8,0,2
2025-08-28 11:00:00,86,32.2,83.6,84.0,6.2,292.0,16.1,0.0,0,0,0.0,0,11,28,3,8,0,2
2025-08-28 12:00:00,86,34.0,88.9,71.0,9.4,328.0,16.7,0.0,0,0,0.0,0,12,28,3,8,0,2
2025-08-28 13:00:00,86,32.5,82.2,56.0,15.9,392.0,16.1,0.0,0,0,0.0,0,13,28,3,8,0,2
2025-08-28 14:00:00,87,31.8,73.8,36.0,24.8,465.0,15.2,0.0,0,0,0.0,0,14,28,3,8,0,2
2025-08-28 15:00:00,87,33.2,72.9,22.0,30.6,498.0,14.2,0.0,0,0,0.0,0,15,28,3,8,0,2
2025-08-28 16:00:00,87,33.4,75.9,21.0,30.6,456.0,13.2,0.0,0,0,0.0,0,16,28,3,8,0,2
2025-08-28 17:00:00,88,33.2,77.1,26.0,27.4,372.0,12.2,0.0,0,0,0.0,0,17,28,3,8,0,3
2025-08-28 18:00:00,88,32.5,77.3,31.0,23.7,297.0,11.2,0.0,0,0,0.0,0,18,28,3,8,0,3
2025-08-28 19:00:00,88,31.1,75.0,36.0,19.8,245.0,10.2,0.0,0,0,0.0,0,19,28,3,8,0,3
2025-08-28 20:00:00,89,29.1,70.8,40.0,15.3,202.0,9.2,0.0,0,0,0.0,0,20,28,3,8,0,3
2025-08-28 21:00:00,89,27.8,69.2,44.0,11.9,173.0,8.5,0.0,0,0,0.0,0,21,28,3,8,0,0
2025-08-28 22:00:00,90,27.1,68.5,45.0,10.2,157.0,8.2,0.0,0,0,0.0,0,22,28,3,8,0,0
2025-08-28 23:00:00,90,26.7,67.8,44.0,9.7,156.0,8.2,0.0,0,0,0.0,0,23,28,3,8,0,0
2025-08-29 00:00:00,91,25.1,68.5,47.0,8.1,177.0,8.6,0.0,0,0,0.0,0,0,29,4,8,0,0
2025-08-29 01:00:00,91,25.1,66.4,46.0,10.0,246.0,10.0,0.0,0,0,0.0,0,1,29,4,8,0,0
2025-08-29 02:00:00,91,27.1,70.5,45.0,12.6,337.0,11.9,0.0,0,0,0.0,0,2,29,4,8,0,0
2025-08-29 03:00:00,91,28.8,82.9,48.0,13.6,388.0,13.8,0.0,0,0,0.0,0,3,29,4,8,0,0
2025-08-29 04:00:00,92,31.0,95.5,59.0,11.6,355.0,15.5,0.0,0,0,0.0,0,4,29,4,8,0,0
2025-08-29 05:00:00,92,33.3,101.7,74.0,8.0,280.0,17.0,0.0,0,0,0.0,0,5,29,4,8,0,0
2025-08-29 06:00:00,92,35.6,105.2,87.0,5.3,229.0,18.0,0.0,0,0,0.0,0,6,29,4,8,0,1
2025-08-29 07:00:00,92,37.0,105.7,96.0,4.2,229.0,18.0,0.0,0,0,0.0,0,7,29,4,8,0,1
2025-08-29 08:00:00,92,37.1,103.8,102.0,3.8,252.0,17.5,0.0,0,0,0.0,0,8,29,4,8,0,1
2025-08-29 09:00:00,92,36.1,101.0,103.0,4.2,278.0,16.9,0.0,0,0,0.0,0,9,29,4,8,0,1
2025-08-29 10:00:00,92,34.7,97.8,95.0,4.8,297.0,16.4,0.0,0,0,0.0,0,10,29,4,8,0,2
2025-08-29 11:00:00,92,34.0,96.6,82.0,6.0,319.0,16.0,0.0,0,0,0.0,0,11,29,4,8,0,2
2025-08-29 12:00:00,93,39.8,121.5,72.0,9.0,354.0,16.9,0.0,0,0,0.0,0,12,29,4,8,0,2
2025-08-29 13:00:00,93,38.6,116.4,57.0,16.4,420.0,16.7,0.0,0,0,0.0,0,13,29,4,8,0,2
2025-08-29 14:00:00,93,38.2,106.4,37.0,26.7,499.0,16.5,0.0,0,0,0.0,0,14,29,4,8,0,2
2025-08-29 15:00:00,94,39.2,96.9,22.0,34.4,552.0,16.0,0.0,0,0,0.0,0,15,29,4,8,0,2
2025-08-29 16:00:00,94,39.3,93.6,17.0,37.6,567.0,15.2,0.0,0,0,0.0,0,16,29,4,8,0,2
2025-08-29 17:00:00,95,40.0,92.7,17.0,38.3,555.0,14.2,0.0,0,0,0.0,0,17,29,4,8,0,3
2025-08-29 18:00:00,95,39.9,91.5,19.0,37.0,518.0,13.2,0.0,0,0,0.0,0,18,29,4,8,0,3
2025-08-29 19:00:00,96,38.3,88.0,23.0,32.5,435.0,12.0,0.0,0,0,0.0,0,19,29,4,8,0,3
2025-08-29 20:00:00,97,36.0,84.5,30.0,26.0,326.0,10.8,0.0,0,0,0.0,0,20,29,4,8,0,3
2025-08-29 21:00:00,97,34.2,80.1,34.0,21.3,248.0,10.2,0.0,0,0,0.0,0,21,29,4,8,0,0
2025-08-29 22:00:00,98,33.3,76.6,33.0,20.4,224.0,10.2,0.0,0,0,0.0,0,22,29,4,8,0,0
2025-08-29 23:00:00,98,33.8,77.3,29.0,21.3,231.0,10.7,0.0,0,0,0.0,0,23,29,4,8,0,0
2025-08-30 00:00:00,99,31.5,69.8,37.0,14.1,261.0,10.6,0.0,0,0,0.0,0,0,30,5,8,1,0
2025-08-30 01:00:00,99,32.8,74.7,39.0,15.0,331.0,12.8,0.0,0,0,0.0,0,1,30,5,8,1,0
2025-08-30 02:00:00,100,35.6,91.0,42.0,16.2,423.0,15.9,0.0,0,0,0.0,0,2,30,5,8,1,0
2025-08-30 03:00:00,101,36.7,100.6,48.0,16.1,473.0,18.5,0.0,0,0,0.0,0,3,30,5,8,1,0
2025-08-30 04:00:00,101,41.0,126.7,59.0,13.6,439.0,20.4,0.0,0,0,0.0,0,4,30,5,8,1,0
2025-08-30 05:00:00,103,41.4,125.7,73.0,9.9,363.0,21.9,0.0,0,0,0.0,0,5,30,5,8,1,0
2025-08-30 06:00:00,103,46.1,141.1,86.0,6.9,301.0,22.6,0.0,0,0,0.0,0,6,30,5,8,1,1
2025-08-30 07:00:00,104,48.8,145.8,97.0,5.3,272.0,21.9,0.0,0,0,0.0,0,7,30,5,8,1,1
2025-08-30 08:00:00,106,49.9,146.2,107.0,4.5,257.0,20.4,0.0,0,0,0.0,0,8,30,5,8,1,1
2025-08-30 09:00:00,107,48.8,137.8,110.0,4.5,255.0,19.0,0.0,0,0,0.0,0,9,30,5,8,1,1
2025-08-30 10:00:00,108,46.0,125.7,103.0,5.1,273.0,18.1,0.0,0,0,0.0,0,10,30,5,8,1,2
2025-08-30 11:00:00,110,42.8,115.7,89.0,6.5,303.0,17.3,0.0,0,0,0.0,0,11,30,5,8,1,2
2025-08-30 12:00:00,110,41.9,109.4,77.0,10.2,324.0,16.9,0.0,0,0,0.0,0,12,30,5,8,1,2
2025-08-30 13:00:00,111,38.6,96.9,61.0,17.9,321.0,16.6,0.0,0,0,0.0,0,13,30,5,8,1,2
2025-08-30 14:00:00,111,36.6,86.8,40.0,28.5,309.0,16.1,0.0,0,0,0.0,0,14,30,5,8,1,2
2025-08-30 15:00:00,110,38.1,81.3,24.0,36.0,308.0,15.7,0.0,0,0,0.0,0,15,30,5,8,1,2
2025-08-30 16:00:00,110,38.8,81.7,20.0,37.6,340.0,15.5,0.0,0,0,0.0,0,16,30,5,8,1,2
2025-08-30 17:00:00,110,38.0,79.9,21.0,36.1,384.0,15.4,0.0,0,0,0.0,0,17,30,5,8,1,3
2025-08-30 18:00:00,110,36.1,76.6,24.0,33.4,396.0,14.9,0.0,0,0,0.0,0,18,30,5,8,1,3
2025-08-30 19:00:00,110,34.0,72.9,27.0,29.7,344.0,13.5,0.0,0,0,0.0,0,19,30,5,8,1,3
2025-08-30 20:00:00,109,31.7,69.4,31.0,24.8,260.0,11.7,0.0,0,0,0.0,0,20,30,5,8,1,3
2025-08-30 21:00:00,109,29.8,67.3,35.0,20.6,198.0,10.4,0.0,0,0,0.0,0,21,30,5,8,1,0
2025-08-30 22:00:00,108,28.5,66.8,37.0,17.7,177.0,9.9,0.0,0,0,0.0,0,22,30,5,8,1,0
2025-08-30 23:00:00,108,27.5,66.8,38.0,15.4,179.0,9.9,0.0,0,0,0.0,0,23,30,5,8,1,0
2025-08-31 00:00:00,107,26.7,66.4,36.0,15.8,200.0,11.3,0.0,0,0,0.0,0,0,31,6,8,1,0
2025-08-31 01:00:00,107,26.1,69.6,38.0,15.4,260.0,12.5,0.0,0,0,0.0,0,1,31,6,8,1,0
2025-08-31 02:00:00,106,27.7,78.7,42.0,14.7,341.0,14.1,0.0,0,0,0.0,0,2,31,6,8,1,0
2025-08-31 03:00:00,105,28.0,86.1,48.0,13.4,382.0,15.5,0.0,0,0,0.0,0,3,31,6,8,1,0
2025-08-31 04:00:00,104,30.2,96.9,58.0,10.9,346.0,16.4,0.0,0,0,0.0,0,4,31,6,8,1,0
2025-08-31 05:00:00,103,32.7,102.0,70.0,7.8,271.0,17.0,0.0,0,0,0.0,0,5,31,6,8,1,0
2025-08-31 06:00:00,102,34.7,105.5,80.0,5.4,215.0,17.1,0.0,0,0,0.0,0,6,31,6,8,1,1
2025-08-31 07:00:00,101,35.6,106.6,86.0,4.2,200.0,16.4,0.0,0,0,0.0,0,7,31,6,8,1,1
2025-08-31 08:00:00,100,35.3,104.5,90.0,3.7,203.0,15.2,0.0,0,0,0.0,0,8,31,6,8,1,1
2025-08-31 09:00:00,99,34.3,102.2,90.0,3.8,213.0,14.2,0.0,0,0,0.0,0,9,31,6,8,1,1
2025-08-31 10:00:00,97,32.2,95.9,84.0,4.4,230.0,13.7,0.0,0,0,0.0,0,10,31,6,8,1,2
2025-08-31 11:00:00,96,29.8,89.2,74.0,5.7,254.0,13.3,0.0,0,0,0.0,0,11,31,6,8,1,2
2025-08-31 12:00:00,95,29.5,91.3,65.0,8.1,269.0,13.8,0.0,0,0,0.0,0,12,31,6,8,1,2
2025-08-31 13:00:00,94,26.4,79.6,56.0,12.4,266.0,13.3,0.0,0,0,0.0,0,13,31,6,8,1,2
2025-08-31 14:00:00,93,24.2,65.7,44.0,18.3,254.0,12.6,0.0,0,0,0.0,0,14,31,6,8,1,2
2025-08-31 15:00:00,92,23.3,58.1,36.0,22.1,245.0,11.8,0.0,0,0,0.0,0,15,31,6,8,1,2
2025-08-31 16:00:00,91,21.8,53.2,34.0,22.1,247.0,10.9,0.0,0,0,0.0,0,16,31,6,8,1,2
2025-08-31 17:00:00,90,20.8,50.8,36.0,20.1,251.0,10.0,0.0,0,0,0.0,0,17,31,6,8,1,3
2025-08-31 18:00:00,89,20.4,48.9,38.0,17.6,244.0,9.1,0.0,0,0,0.0,0,18,31,6,8,1,3
2025-08-31 19:00:00,87,19.9,48.1,40.0,14.9,212.0,8.2,0.0,0,0,0.0,0,19,31,6,8,1,3
2025-08-31 20:00:00,86,19.4,47.7,43.0,11.7,168.0,7.3,0.0,0,0,0.0,0,20,31,6,8,1,3
2025-08-31 21:00:00,85,19.0,47.4,45.0,9.1,136.0,6.6,0.0,0,0,0.0,0,21,31,6,8,1,0
2025-08-31 22:00:00,84,18.7,46.8,46.0,7.4,122.0,6.2,0.0,0,0,0.0,0,22,31,6,8,1,0
2025-08-31 23:00:00,84,18.5,46.1,48.0,6.4,120.0,6.0,0.0,0,0,0.0,0,23,31,6,8,1,0
2025-09-01 00:00:00,83,18.6,48.4,48.0,6.2,136.0,6.2,0.0,0,0,0.0,0,0,1,0,9,0,0
2025-09-01 01:00:00,82,19.4,49.4,47.0,8.2,187.0,7.1,0.0,0,0,0.0,0,1,1,0,9,0,0
2025-09-01 02:00:00,82,21.1,51.7,45.0,10.8,256.0,8.4,0.0,0,0,0.0,0,2,1,0,9,0,0
2025-09-01 03:00:00,81,22.6,58.4,47.0,12.0,296.0,9.6,0.0,0,0,0.0,0,3,1,0,9,0,0
2025-09-01 04:00:00,81,23.3,64.5,54.0,10.3,277.0,10.5,0.0,0,0,0.0,0,4,1,0,9,0,0
2025-09-01 05:00:00,80,24.3,67.5,65.0,7.1,228.0,11.3,0.0,0,0,0.0,0,5,1,0,9,0,0
2025-09-01 06:00:00,80,24.9,66.8,73.0,4.6,193.0,11.8,0.0,0,0,0.0,0,6,1,0,9,0,1
2025-09-01 07:00:00,79,25.1,65.0,78.0,3.6,189.0,11.9,0.0,0,0,0.0,0,7,1,0,9,0,1
2025-09-01 08:00:00,78,25.7,65.0,82.0,3.4,197.0,11.8,0.0,0,0,0.0,0,8,1,0,9,0,1
2025-09-01 09:00:00,77,24.9,61.0,82.0,3.7,210.0,11.7,0.0,0,0,0.0,0,9,1,0,9,0,1
2025-09-01 10:00:00,77,24.4,58.9,78.0,4.4,225.0,11.8,0.0,0,0,0.0,0,10,1,0,9,0,2
2025-09-01 11:00:00,76,23.9,56.7,72.0,5.7,244.0,12.0,0.0,0,0,0.0,0,11,1,0,9,0,2
2025-09-01 12:00:00,75,25.8,62.6,66.0,7.8,260.0,12.8,0.0,0,0,0.0,0,12,1,0,9,0,2
2025-09-01 13:00:00,75,24.5,56.8,57.0,12.6,271.0,12.6,0.0,0,0,0.0,0,13,1,0,9,0,2
2025-09-01 14:00:00,75,24.3,49.2,45.0,19.2,278.0,12.2,0.0,0,0,0.0,0,14,1,0,9,0,2
2025-09-01 15:00:00,75,25.0,49.2,37.0,23.6,282.0,11.7,0.0,0,0,0.0,0,15,1,0,9,0,2
2025-09-01 16:00:00,75,25.2,49.6,36.0,23.8,285.0,11.0,0.0,0,0,0.0,0,16,1,0,9,0,2
2025-09-01 17:00:00,75,25.3,49.2,38.0,21.8,285.0,10.2,0.0,0,0,0.0,0,17,1,0,9,0,3
2025-09-01 18:00:00,76,25.0,48.5,41.0,19.2,272.0,9.4,0.0,0,0,0.0,0,18,1,0,9,0,3
2025-09-01 19:00:00,76,24.4,47.8,44.0,16.2,236.0,8.5,0.0,0,0,0.0,0,19,1,0,9,0,3
2025-09-01 20:00:00,77,23.3,46.1,47.0,12.7,187.0,7.5,0.0,0,0,0.0,0,20,1,0,9,0,3
2025-09-01 21:00:00,77,22.7,45.4,49.0,9.9,151.0,6.9,0.0,0,0,0.0,0,21,1,0,9,0,0
2025-09-01 22:00:00,77,22.1,44.6,50.0,8.3,135.0,6.7,0.0,0,0,0.0,0,22,1,0,9,0,0
2025-09-01 23:00:00,77,22.1,45.1,50.0,7.5,131.0,6.9,0.0,0,0,0.0,0,23,1,0,9,0,0
2025-09-02 00:00:00,78,21.3,42.8,53.0,6.5,148.0,7.0,0.0,0,0,0.0,0,0,2,1,9,0,0
2025-09-02 01:00:00,78,21.0,42.1,51.0,8.7,204.0,8.3,0.0,0,0,0.0,0,1,2,1,9,0,0
2025-09-02 02:00:00,78,22.6,44.0,49.0,11.6,280.0,10.2,0.0,0,0,0.0,0,2,2,1,9,0,0
2025-09-02 03:00:00,78,24.0,51.0,51.0,12.9,324.0,11.9,0.0,0,0,0.0,0,3,2,1,9,0,0
2025-09-02 04:00:00,78,24.3,55.1,60.0,11.0,304.0,13.3,0.0,0,0,0.0,0,4,2,1,9,0,0
2025-09-02 05:00:00,78,25.3,59.3,72.0,7.5,253.0,14.5,0.0,0,0,0.0,0,5,2,1,9,0,0
2025-09-02 06:00:00,78,26.5,61.9,81.0,4.9,216.0,15.3,0.0,0,0,0.0,0,6,2,1,9,0,1
2025-09-02 07:00:00,79,27.0,61.0,86.0,4.0,213.0,15.4,0.0,0,0,0.0,0,7,2,1,9,0,1
2025-09-02 08:00:00,79,26.3,59.6,87.0,4.0,224.0,15.0,0.0,0,0,0.0,0,8,2,1,9,0,1
2025-09-02 09:00:00,79,25.4,56.9,86.0,4.5,238.0,14.6,0.0,0,0,0.0,0,9,2,1,9,0,1
2025-09-02 10:00:00,79,24.7,55.1,81.0,4.9,254.0,14.4,0.0,0,0,0.0,0,10,2,1,9,0,2
2025-09-02 11:00:00,79,24.0,53.7,72.0,5.9,273.0,14.2,0.0,0,0,0.0,0,11,2,1,9,0,2
2025-09-02 12:00:00,79,28.7,67.1,61.0,8.1,289.0,13.1,0.0,0,0,0.0,0,12,2,1,9,0,2
2025-09-02 13:00:00,79,28.6,65.0,52.0,13.4,299.0,12.9,0.0,0,0,0.0,0,13,2,1,9,0,2
2025-09-02 14:00:00,79,29.7,60.8,39.0,20.6,306.0,12.7,0.0,0,0,0.0,0,14,2,1,9,0,2
2025-09-02 15:00:00,80,30.7,60.8,29.0,26.3,317.0,12.4,0.0,0,0,0.0,0,15,2,1,9,0,2
2025-09-02 16:00:00,80,31.5,61.5,25.0,28.9,346.0,12.2,0.0,0,0,0.0,0,16,2,1,9,0,2
2025-09-02 17:00:00,81,32.7,62.9,24.0,29.8,379.0,12.0,0.0,0,0,0.0,0,17,2,1,9,0,3
2025-09-02 18:00:00,81,33.6,64.5,23.0,29.8,384.0,11.6,0.0,0,0,0.0,0,18,2,1,9,0,3
2025-09-02 19:00:00,82,33.5,65.0,22.0,29.0,336.0,10.9,0.0,0,0,0.0,0,19,2,1,9,0,3
2025-09-02 20:00:00,83,33.5,64.5,23.0,27.2,261.0,10.0,0.0,0,0,0.0,0,20,2,1,9,0,3
2025-09-02 21:00:00,83,32.9,62.2,24.0,24.9,204.0,9.4,0.0,0,0,0.0,0,21,2,1,9,0,0
2025-09-02 22:00:00,84,32.0,61.0,27.0,21.7,178.0,9.1,0.0,0,0,0.0,0,22,2,1,9,0,0
2025-09-02 23:00:00,85,30.3,58.7,31.0,18.0,169.0,9.1,0.0,0,0,0.0,0,23,2,1,9,0,0
2025-09-03 00:00:00,86,25.1,48.0,39.0,12.0,182.0,8.9,0.0,0,0,0.0,0,0,3,2,9,0,0
2025-09-03 01:00:00,86,24.0,46.0,39.0,12.8,235.0,9.7,0.0,0,0,0.0,0,1,3,2,9,0,0
2025-09-03 02:00:00,86,25.3,48.4,40.0,13.8,309.0,11.0,0.0,0,0,0.0,0,2,3,2,9,0,0
2025-09-03 03:00:00,86,26.7,56.6,45.0,13.7,351.0,12.4,0.0,0,0,0.0,0,3,3,2,9,0,0
2025-09-03 04:00:00,87,27.8,63.3,56.0,11.4,330.0,14.3,0.0,0,0,0.0,0,4,3,2,9,0,0
2025-09-03 05:00:00,87,29.7,70.5,71.0,8.0,278.0,16.3,0.0,0,0,0.0,0,5,3,2,9,0,0
2025-09-03 06:00:00,87,32.7,77.8,84.0,5.4,237.0,17.9,0.0,0,0,0.0,0,6,3,2,9,0,1
2025-09-03 07:00:00,88,34.8,81.0,96.0,4.3,224.0,18.7,0.0,0,0,0.0,0,7,3,2,9,0,1
2025-09-03 08:00:00,88,34.9,78.7,107.0,3.9,222.0,18.9,0.0,0,0,0.0,0,8,3,2,9,0,1
2025-09-03 09:00:00,89,33.5,73.3,110.0,4.2,229.0,18.8,0.0,0,0,0.0,0,9,3,2,9,0,1
2025-09-03 10:00:00,90,31.0,67.1,102.0,4.6,245.0,18.1,0.0,0,0,0.0,0,10,3,2,9,0,2
2025-09-03 11:00:00,90,27.9,60.3,86.0,5.6,270.0,16.9,0.0,0,0,0.0,0,11,3,2,9,0,2
2025-09-03 12:00:00,90,36.0,80.1,72.0,8.8,293.0,16.6,0.0,0,0,0.0,0,12,3,2,9,0,2
2025-09-03 13:00:00,91,34.2,76.4,57.0,16.1,316.0,16.5,0.0,0,0,0.0,0,13,3,2,9,0,2
2025-09-03 14:00:00,92,33.1,67.8,36.0,26.2,337.0,16.3,0.0,0,0,0.0,0,14,3,2,9,0,2
2025-09-03 15:00:00,92,34.3,66.8,21.0,33.5,347.0,15.9,0.0,0,0,0.0,0,15,3,2,9,0,2
2025-09-03 16:00:00,92,34.2,66.4,16.0,35.7,340.0,15.4,0.0,0,0,0.0,0,16,3,2,9,0,2
2025-09-03 17:00:00,92,33.9,65.7,17.0,35.1,321.0,14.8,0.0,0,0,0.0,0,17,3,2,9,0,3
2025-09-03 18:00:00,92,33.1,64.3,20.0,33.0,296.0,13.9,0.0,0,0,0.0,0,18,3,2,9,0,3
2025-09-03 19:00:00,92,31.2,61.7,24.0,28.9,260.0,12.5,0.0,0,0,0.0,0,19,3,2,9,0,3
2025-09-03 20:00:00,92,28.6,58.0,30.0,23.3,218.0,11.0,0.0,0,0,0.0,0,20,3,2,9,0,3
2025-09-03 21:00:00,92,26.1,54.6,34.0,18.6,187.0,9.8,0.0,0,0,0.0,0,21,3,2,9,0,0
2025-09-03 22:00:00,91,24.0,51.8,35.0,15.8,169.0,9.3,0.0,0,0,0.0,0,22,3,2,9,0,0
2025-09-03 23:00:00,91,22.4,49.4,35.0,14.0,162.0,9.2,0.0,0,0,0.0,0,23,3,2,9,0,0
2025-09-04 00:00:00,90,23.7,55.9,36.0,14.4,177.0,10.2,0.0,0,0,0.0,0,0,4,3,9,0,0
2025-09-04 01:00:00,90,23.6,54.0,37.0,14.5,235.0,11.7,0.0,0,0,0.0,0,1,4,3,9,0,0
2025-09-04 02:00:00,90,25.3,57.2,39.0,14.5,313.0,13.8,0.0,0,0,0.0,0,2,4,3,9,0,0
2025-09-04 03:00:00,90,25.1,66.6,45.0,13.8,359.0,15.7,0.0,0,0,0.0,0,3,4,3,9,0,0
2025-09-04 04:00:00,90,26.0,72.2,57.0,11.5,338.0,17.0,0.0,0,0,0.0,0,4,4,3,9,0,0
2025-09-04 05:00:00,90,27.5,75.2,72.0,8.5,284.0,18.1,0.0,0,0,0.0,0,5,4,3,9,0,0
2025-09-04 06:00:00,89,29.7,78.7,86.0,6.1,242.0,18.8,0.0,0,0,0.0,0,6,4,3,9,0,1
2025-09-04 07:00:00,89,31.9,81.3,98.0,4.9,229.0,19.3,0.0,0,0,0.0,0,7,4,3,9,0,1
2025-09-04 08:00:00,89,32.2,80.8,108.0,4.4,228.0,19.5,0.0,0,0,0.0,0,8,4,3,9,0,1
2025-09-04 09:00:00,89,31.2,79.2,111.0,4.6,236.0,19.2,0.0,0,0,0.0,0,9,4,3,9,0,1
2025-09-04 10:00:00,89,29.7,75.7,102.0,5.4,256.0,18.3,0.0,0,0,0.0,0,10,4,3,9,0,2
2025-09-04 11:00:00,88,27.5,71.0,85.0,6.9,285.0,16.9,0.0,0,0,0.0,0,11,4,3,9,0,2
2025-09-04 12:00:00,88,28.6,73.3,75.0,11.4,304.0,17.6,0.0,0,0,0.0,0,12,4,3,9,0,2
2025-09-04 13:00:00,88,26.5,67.1,60.0,16.9,308.0,16.6,0.0,0,0,0.0,0,13,4,3,9,0,2
2025-09-04 14:00:00,87,25.9,61.0,39.0,24.3,302.0,15.2,0.0,0,0,0.0,0,14,4,3,9,0,2
2025-09-04 15:00:00,87,26.0,55.1,25.0,28.9,290.0,13.9,0.0,0,0,0.0,0,15,4,3,9,0,2
2025-09-04 16:00:00,86,25.3,54.4,23.0,28.1,270.0,12.7,0.0,0,0,0.0,0,16,4,3,9,0,2
2025-09-04 17:00:00,85,24.4,51.9,27.0,24.5,243.0,11.6,0.0,0,0,0.0,0,17,4,3,9,0,3
2025-09-04 18:00:00,85,23.3,49.2,32.0,20.5,218.0,10.5,0.0,0,0,0.0,0,18,4,3,9,0,3
2025-09-04 19:00:00,84,22.3,47.0,36.0,16.7,198.0,9.3,0.0,0,0,0.0,0,19,4,3,9,0,3
2025-09-04 20:00:00,83,20.8,43.9,40.0,12.6,180.0,8.1,0.0,0,0,0.0,0,20,4,3,9,0,3
2025-09-04 21:00:00,82,19.4,40.9,43.0,9.5,167.0,7.3,0.0,0,0,0.0,0,21,4,3,9,0,0
2025-09-04 22:00:00,82,18.7,40.2,44.0,7.8,150.0,7.1,0.0,0,0,0.0,0,22,4,3,9,0,0
2025-09-04 23:00:00,82,18.5,40.0,44.0,7.2,138.0,7.3,0.0,0,0,0.0,0,23,4,3,9,0,0
2025-09-05 00:00:00,81,18.5,40.3,44.0,7.6,155.0,7.9,0.0,0,0,0.0,0,0,5,4,9,0,0
2025-09-05 01:00:00,81,19.2,41.1,42.0,9.4,235.0,8.8,0.0,0,0,0.0,0,1,5,4,9,0,0
2025-09-05 02:00:00,80,21.6,45.4,40.0,11.9,345.0,10.2,0.0,0,0,0.0,0,2,5,4,9,0,0
2025-09-05 03:00:00,80,23.6,52.5,43.0,13.3,410.0,12.1,0.0,0,0,0.0,0,3,5,4,9,0,0
2025-09-05 04:00:00,80,25.5,57.4,56.0,12.7,387.0,15.1,0.0,0,0,0.0,0,4,5,4,9,0,0
2025-09-05 05:00:00,80,28.0,63.6,74.0,11.0,318.0,18.6,0.0,0,0,0.0,0,5,5,4,9,0,0
2025-09-05 06:00:00,80,31.0,68.7,92.0,9.4,264.0,21.1,0.0,0,0,0.0,0,6,5,4,9,0,1
2025-09-05 07:00:00,80,33.4,71.9,110.0,7.9,244.0,21.8,0.0,0,0,0.0,0,7,5,4,9,0,1
2025-09-05 08:00:00,80,33.4,69.4,127.0,6.4,238.0,21.4,0.0,0,0,0.0,0,8,5,4,9,0,1
2025-09-05 09:00:00,80,32.0,65.7,132.0,5.9,240.0,20.4,0.0,0,0,0.0,0,9,5,4,9,0,1
2025-09-05 10:00:00,80,30.0,61.5,117.0,6.9,251.0,18.5,0.0,0,0,0.0,0,10,5,4,9,0,2
2025-09-05 11:00:00,80,27.6,58.4,90.0,9.0,269.0,16.1,0.0,0,0,0.0,0,11,5,4,9,0,2
2025-09-05 12:00:00,80,29.7,63.8,72.0,12.5,285.0,14.7,0.0,0,0,0.0,0,12,5,4,9,0,2
2025-09-05 13:00:00,81,28.9,61.0,59.0,16.9,299.0,13.8,0.0,0,0,0.0,0,13,5,4,9,0,2
2025-09-05 14:00:00,81,28.5,56.6,40.0,22.8,310.0,12.5,0.0,0,0,0.0,0,14,5,4,9,0,2
2025-09-05 15:00:00,81,28.5,54.4,28.0,26.3,307.0,11.4,0.0,0,0,0.0,0,15,5,4,9,0,2
2025-09-05 16:00:00,81,28.8,54.7,27.0,25.2,278.0,10.8,0.0,0,0,0.0,0,16,5,4,9,0,2
2025-09-05 17:00:00,81,28.3,54.5,32.0,21.7,235.0,10.5,0.0,0,0,0.0,0,17,5,4,9,0,3
2025-09-05 18:00:00,82,27.5,51.8,37.0,18.0,197.0,10.0,0.0,0,0,0.0,0,18,5,4,9,0,3
2025-09-05 19:00:00,82,26.4,49.7,40.0,14.7,172.0,9.2,0.0,0,0,0.0,0,19,5,4,9,0,3
2025-09-05 20:00:00,82,25.3,48.8,44.0,11.4,152.0,8.3,0.0,0,0,0.0,0,20,5,4,9,0,3
2025-09-05 21:00:00,83,24.2,48.2,46.0,8.8,139.0,7.6,0.0,0,0,0.0,0,21,5,4,9,0,0
2025-09-05 22:00:00,83,23.3,47.3,47.0,7.3,130.0,7.3,0.0,0,0,0.0,0,22,5,4,9,0,0
2025-09-05 23:00:00,83,22.6,45.8,48.0,6.6,128.0,7.4,0.0,0,0,0.0,0,23,5,4,9,0,0
2025-09-06 00:00:00,84,21.8,44.1,48.0,6.6,143.0,6.9,0.0,0,0,0.0,0,0,6,5,9,1,0
2025-09-06 01:00:00,84,22.0,43.4,46.0,8.8,192.0,7.9,0.0,0,0,0.0,0,1,6,5,9,1,0
2025-09-06 02:00:00,84,23.9,46.6,43.0,11.8,258.0,9.3,0.0,0,0,0.0,0,2,6,5,9,1,0
2025-09-06 03:00:00,84,25.9,53.0,46.0,13.4,299.0,11.0,0.0,0,0,0.0,0,3,6,5,9,1,0
2025-09-06 04:00:00,85,28.1,59.3,58.0,12.3,290.0,13.2,0.0,0,0,0.0,0,4,6,5,9,1,0
2025-09-06 05:00:00,85,29.6,63.3,75.0,9.9,256.0,15.6,0.0,0,0,0.0,0,5,6,5,9,1,0
2025-09-06 06:00:00,85,31.1,67.8,89.0,7.7,230.0,17.2,0.0,0,0,0.0,0,6,6,5,9,1,1
2025-09-06 07:00:00,85,32.0,71.2,97.0,6.2,223.0,17.3,0.0,0,0,0.0,0,7,6,5,9,1,1
2025-09-06 08:00:00,85,32.1,72.6,102.0,5.0,223.0,16.5,0.0,0,0,0.0,0,8,6,5,9,1,1
2025-09-06 09:00:00,85,32.0,73.1,101.0,4.8,230.0,15.6,0.0,0,0,0.0,0,9,6,5,9,1,1
2025-09-06 10:00:00,85,31.5,71.9,92.0,5.8,247.0,14.9,0.0,0,0,0.0,0,10,6,5,9,1,2
2025-09-06 11:00:00,85,30.6,69.2,76.0,7.7,271.0,14.2,0.0,0,0,0.0,0,11,6,5,9,1,2
2025-09-06 12:00:00,85,29.0,64.3,63.0,11.1,288.0,13.3,0.0,0,0,0.0,0,12,6,5,9,1,2
2025-09-06 13:00:00,85,27.3,56.0,52.0,16.3,295.0,12.8,0.0,0,0,0.0,0,13,6,5,9,1,2
2025-09-06 14:00:00,85,26.1,46.1,37.0,23.3,296.0,12.0,0.0,0,0,0.0,0,14,6,5,9,1,2
2025-09-06 15:00:00,85,26.2,44.8,26.0,28.3,290.0,11.6,0.0,0,0,0.0,0,15,6,5,9,1,2
2025-09-06 16:00:00,85,25.9,43.8,23.0,29.8,274.0,12.0,0.0,0,0,0.0,0,16,6,5,9,1,2
2025-09-06 17:00:00,84,26.4,44.0,25.0,29.2,251.0,12.6,0.0,0,0,0.0,0,17,6,5,9,1,3
2025-09-06 18:00:00,84,26.4,43.9,28.0,26.8,227.0,12.7,0.0,0,0,0.0,0,18,6,5,9,1,3
2025-09-06 19:00:00,84,24.8,41.7,34.0,21.7,200.0,11.6,0.0,0,0,0.0,0,19,6,5,9,1,3
2025-09-06 20:00:00,84,22.1,38.0,42.0,14.8,173.0,9.9,0.0,0,0,0.0,0,20,6,5,9,1,3
2025-09-06 21:00:00,84,19.2,33.8,48.0,9.5,153.0,8.6,0.0,0,0,0.0,0,21,6,5,9,1,0
2025-09-06 22:00:00,83,17.5,31.8,51.0,6.9,142.0,7.9,0.0,0,0,0.0,0,22,6,5,9,1,0
2025-09-06 23:00:00,83,17.1,31.8,52.0,5.9,139.0,7.4,0.0,0,0,0.0,0,23,6,5,9,1,0
2025-09-07 00:00:00,82,16.6,31.7,52.0,6.2,152.0,7.6,0.0,0,0,0.0,0,0,7,6,9,1,0
2025-09-07 01:00:00,82,17.1,32.1,50.0,8.6,197.0,8.3,0.0,0,0,0.0,0,1,7,6,9,1,0
2025-09-07 02:00:00,82,18.9,35.2,47.0,11.8,257.0,9.4,0.0,0,0,0.0,0,2,7,6,9,1,0
2025-09-07 03:00:00,81,20.9,42.3,48.0,13.4,294.0,10.7,0.0,0,0,0.0,0,3,7,6,9,1,0
2025-09-07 04:00:00,81,22.2,46.9,58.0,11.7,283.0,12.4,0.0,0,0,0.0,0,4,7,6,9,1,0
2025-09-07 05:00:00,80,23.6,50.9,72.0,8.4,248.0,14.3,0.0,0,0,0.0,0,5,7,6,9,1,0
2025-09-07 06:00:00,80,25.0,52.9,83.0,5.7,220.0,15.4,0.0,0,0,0.0,0,6,7,6,9,1,1
2025-09-07 07:00:00,79,25.3,52.0,88.0,4.3,209.0,15.0,0.0,0,0,0.0,0,7,7,6,9,1,1
2025-09-07 08:00:00,79,24.9,51.9,90.0,3.7,205.0,13.8,0.0,0,0,0.0,0,8,7,6,9,1,1
2025-09-07 09:00:00,78,24.0,49.1,88.0,3.9,211.0,12.9,0.0,0,0,0.0,0,9,7,6,9,1,1
2025-09-07 10:00:00,78,22.9,46.2,80.0,5.2,232.0,12.8,0.0,0,0,0.0,0,10,7,6,9,1,2
2025-09-07 11:00:00,77,23.5,48.3,68.0,7.4,263.0,13.0,0.0,0,0,0.0,0,11,7,6,9,1,2
2025-09-07 12:00:00,76,23.4,46.6,58.0,10.5,285.0,11.1,0.0,0,0,0.0,0,12,7,6,9,1,2
2025-09-07 13:00:00,76,25.3,48.7,50.0,15.1,289.0,11.6,0.0,0,0,0.0,0,13,7,6,9,1,2
2025-09-07 14:00:00,76,26.8,49.7,39.0,21.4,285.0,12.4,0.0,0,0,0.0,0,14,7,6,9,1,2
2025-09-07 15:00:00,76,28.3,49.9,31.0,25.5,281.0,12.8,0.0,0,0,0.0,0,15,7,6,9,1,2
2025-09-07 16:00:00,76,28.8,50.9,30.0,25.6,284.0,12.8,0.0,0,0,0.0,0,16,7,6,9,1,2
2025-09-07 17:00:00,76,28.9,51.2,32.0,23.5,286.0,12.4,0.0,0,0,0.0,0,17,7,6,9,1,3
2025-09-07 18:00:00,77,28.9,51.1,35.0,20.8,276.0,11.9,0.0,0,0,0.0,0,18,7,6,9,1,3
2025-09-07 19:00:00,77,28.2,50.5,38.0,17.5,239.0,11.0,0.0,0,0,0.0,0,19,7,6,9,1,3
2025-09-07 20:00:00,77,26.8,48.8,41.0,13.6,189.0,10.0,0.0,0,0,0.0,0,20,7,6,9,1,3
2025-09-07 21:00:00,77,25.1,47.1,43.0,10.6,155.0,9.2,0.0,0,0,0.0,0,21,7,6,9,1,0
2025-09-07 22:00:00,78,24.1,46.3,44.0,8.7,137.0,8.7,0.0,0,0,0.0,0,22,7,6,9,1,0
2025-09-07 23:00:00,78,23.3,45.5,45.0,7.7,135.0,8.5,0.0,0,0,0.0,0,23,7,6,9,1,0
2025-09-08 00:00:00,79,20.8,41.2,47.0,6.7,171.0,7.7,0.0,0,0,0.0,0,0,8,0,9,0,0
2025-09-08 01:00:00,79,21.1,42.6,44.0,10.0,290.0,8.7,0.0,0,0,0.0,0,1,8,0,9,0,0
2025-09-08 02:00:00,79,22.2,43.8,39.0,14.6,447.0,10.2,0.0,0,0,0.0,0,2,8,0,9,0,0
2025-09-08 03:00:00,80,24.3,47.7,39.0,17.4,533.0,11.9,0.0,0,0,0.0,0,3,8,0,9,0,0
2025-09-08 04:00:00,80,26.0,51.8,46.0,17.0,474.0,14.3,0.0,0,0,0.0,0,4,8,0,9,0,0
2025-09-08 05:00:00,80,26.8,55.2,57.0,14.9,344.0,16.9,0.0,0,0,0.0,0,5,8,0,9,0,0
2025-09-08 06:00:00,81,26.7,56.8,66.0,12.9,251.0,18.6,0.0,0,0,0.0,0,6,8,0,9,0,1
2025-09-08 07:00:00,81,26.6,56.9,74.0,11.3,245.0,18.7,0.0,0,0,0.0,0,7,8,0,9,0,1
2025-09-08 08:00:00,81,26.2,55.8,80.0,9.9,275.0,17.9,0.0,0,0,0.0,0,8,8,0,9,0,1
2025-09-08 09:00:00,81,27.8,58.1,81.0,9.9,301.0,17.0,0.0,0,0,0.0,0,9,8,0,9,0,1
2025-09-08 10:00:00,81,27.4,56.6,73.0,11.8,301.0,16.1,0.0,0,0,0.0,0,10,8,0,9,0,2
2025-09-08 11:00:00,82,23.7,50.5,59.0,15.1,297.0,15.0,0.0,0,0,0.0,0,11,8,0,9,0,2
2025-09-08 12:00:00,82,24.9,48.7,49.0,19.4,311.0,12.4,0.0,0,0,0.0,0,12,8,0,9,0,2
2025-09-08 13:00:00,82,25.3,45.3,41.0,24.6,367.0,12.6,0.0,0,0,0.0,0,13,8,0,9,0,2
2025-09-08 14:00:00,82,26.4,48.3,31.0,31.8,440.0,13.0,0.0,0,0,0.0,0,14,8,0,9,0,2
2025-09-08 15:00:00,82,27.9,50.4,23.0,37.2,479.0,13.4,0.0,0,0,0.0,0,15,8,0,9,0,2
2025-09-08 16:00:00,82,27.6,48.8,19.0,39.3,457.0,14.1,0.0,0,0,0.0,0,16,8,0,9,0,2
2025-09-08 17:00:00,82,29.2,51.5,18.0,39.6,401.0,14.9,0.0,0,0,0.0,0,17,8,0,9,0,3
2025-09-08 18:00:00,82,30.3,53.3,18.0,38.6,340.0,15.3,0.0,0,0,0.0,0,18,8,0,9,0,3
2025-09-08 19:00:00,82,31.5,55.6,18.0,36.3,274.0,15.2,0.0,0,0,0.0,0,19,8,0,9,0,3
2025-09-08 20:00:00,82,30.9,55.8,20.0,32.7,203.0,14.7,0.0,0,0,0.0,0,20,8,0,9,0,3
2025-09-08 21:00:00,82,30.0,54.9,22.0,28.8,153.0,14.1,0.0,0,0,0.0,0,21,8,0,9,0,0
2025-09-08 22:00:00,83,28.5,52.9,27.0,23.7,124.0,13.3,0.0,0,0,0.0,0,22,8,0,9,0,0
2025-09-08 23:00:00,83,26.0,50.6,33.0,18.2,115.0,12.5,0.0,0,0,0.0,0,23,8,0,9,0,0
2025-09-09 00:00:00,83,21.9,43.4,42.0,12.7,150.0,9.8,0.0,0,0,0.0,0,0,9,1,9,0,0
2025-09-09 01:00:00,83,21.8,43.8,41.0,15.5,274.0,10.5,0.0,0,0,0.0,0,1,9,1,9,0,0
2025-09-09 02:00:00,83,22.7,44.1,40.0,19.3,442.0,11.5,0.0,0,0,0.0,0,2,9,1,9,0,0
2025-09-09 03:00:00,83,24.4,48.0,41.0,21.6,542.0,12.5,0.0,0,0,0.0,0,3,9,1,9,0,0
2025-09-09 04:00:00,83,23.1,43.8,46.0,20.9,506.0,13.7,0.0,0,0,0.0,0,4,9,1,9,0,0
2025-09-09 05:00:00,83,21.7,38.9,52.0,18.6,403.0,14.9,0.0,0,0,0.0,0,5,9,1,9,0,0
2025-09-09 06:00:00,83,18.7,31.8,56.0,17.1,326.0,15.5,0.0,0,0,0.0,0,6,9,1,9,0,1
2025-09-09 07:00:00,82,18.0,30.9,56.0,16.8,313.0,15.0,0.0,0,0,0.0,0,7,9,1,9,0,1
2025-09-09 08:00:00,81,17.8,29.9,54.0,17.1,326.0,13.9,0.0,0,0,0.0,0,8,9,1,9,0,1
2025-09-09 09:00:00,81,18.4,30.3,51.0,18.9,345.0,13.0,0.0,0,0,0.0,0,9,9,1,9,0,1
2025-09-09 10:00:00,80,17.6,27.2,46.0,23.4,372.0,12.7,0.0,0,0,0.0,0,10,9,1,9,0,2
2025-09-09 11:00:00,79,18.7,27.8,39.0,29.4,405.0,12.5,0.0,0,0,0.0,0,11,9,1,9,0,2
2025-09-09 12:00:00,79,18.4,25.5,40.0,31.8,417.0,12.0,0.0,0,0,0.0,0,12,9,1,9,0,2
2025-09-09 13:00:00,78,18.5,23.7,38.0,33.0,388.0,12.1,0.0,0,0,0.0,0,13,9,1,9,0,2
2025-09-09 14:00:00,78,17.9,22.0,35.0,34.7,338.0,12.2,0.0,0,0,0.0,0,14,9,1,9,0,2
2025-09-09 15:00:00,77,16.9,20.7,33.0,35.8,297.0,12.4,0.0,0,0,0.0,0,15,9,1,9,0,2
2025-09-09 16:00:00,76,15.2,17.6,32.0,35.7,281.0,12.5,0.0,0,0,0.0,0,16,9,1,9,0,2
2025-09-09 17:00:00,75,14.6,16.2,31.0,35.1,275.0,12.7,0.0,0,0,0.0,0,17,9,1,9,0,3
2025-09-09 18:00:00,74,15.8,16.9,30.0,34.5,263.0,12.9,0.0,0,0,0.0,0,18,9,1,9,0,3
2025-09-09 19:00:00,73,18.9,19.7,29.0,34.9,235.0,13.5,0.0,0,0,0.0,0,19,9,1,9,0,3
2025-09-09 20:00:00,72,19.3,20.1,27.0,35.4,201.0,14.3,0.0,0,0,0.0,0,20,9,1,9,0,3
2025-09-09 21:00:00,71,15.0,15.7,28.0,33.8,178.0,14.2,0.0,0,0,0.0,0,21,9,1,9,0,0
2025-09-09 22:00:00,70,12.3,13.3,33.0,28.0,159.0,12.6,0.0,0,0,0.0,0,22,9,1,9,0,0
2025-09-09 23:00:00,69,10.6,13.6,39.0,20.1,151.0,10.2,0.0,0,0,0.0,0,23,9,1,9,0,0
2025-09-10 00:00:00,67,8.6,16.6,46.0,6.7,187.0,5.2,0.0,0,0,0.0,0,0,10,2,9,0,0
2025-09-10 01:00:00,66,9.7,19.4,41.0,9.4,318.0,5.7,0.0,0,0,0.0,0,1,10,2,9,0,0
2025-09-10 02:00:00,65,11.6,22.4,34.0,13.1,493.0,6.4,0.0,0,0,0.0,0,2,10,2,9,0,0
2025-09-10 03:00:00,65,14.4,27.4,31.0,15.1,598.0,7.3,0.0,0,0,0.0,0,3,10,2,9,0,0
2025-09-10 04:00:00,64,18.3,41.9,33.0,14.0,566.0,8.4,0.0,0,0,0.0,0,4,10,2,9,0,0
2025-09-10 05:00:00,63,16.8,40.3,39.0,11.2,464.0,9.7,0.0,0,0,0.0,0,5,10,2,9,0,0
2025-09-10 06:00:00,63,16.2,39.9,44.0,9.0,376.0,10.7,0.0,0,0,0.0,0,6,10,2,9,0,1
2025-09-10 07:00:00,63,15.1,38.4,47.0,8.0,327.0,11.1,0.0,0,0,0.0,0,7,10,2,9,0,1
2025-09-10 08:00:00,63,14.9,38.2,49.0,7.6,292.0,11.2,0.0,0,0,0.0,0,8,10,2,9,0,1
2025-09-10 09:00:00,62,15.4,36.4,51.0,7.9,280.0,11.5,0.0,0,0,0.0,0,9,10,2,9,0,1
2025-09-10 10:00:00,62,16.3,38.3,53.0,8.0,300.0,12.1,0.0,0,0,0.0,0,10,10,2,9,0,2
2025-09-10 11:00:00,62,16.5,40.2,55.0,8.7,342.0,12.8,0.0,0,0,0.0,0,11,10,2,9,0,2
2025-09-10 12:00:00,62,20.4,53.0,60.0,9.6,395.0,12.6,0.0,0,0,0.0,0,12,10,2,9,0,2
2025-09-10 13:00:00,62,21.9,54.4,45.0,20.4,466.0,13.7,0.0,0,0,0.0,0,13,10,2,9,0,2
2025-09-10 14:00:00,62,26.5,52.0,25.0,35.2,546.0,15.1,0.0,0,0,0.0,0,14,10,2,9,0,2
2025-09-10 15:00:00,63,29.0,52.4,10.0,45.7,596.0,16.2,0.0,0,0,0.0,0,15,10,2,9,0,2
2025-09-10 16:00:00,64,29.6,51.9,5.0,47.9,599.0,16.8,0.0,0,0,0.0,0,16,10,2,9,0,2
2025-09-10 17:00:00,65,30.7,52.2,6.0,45.8,572.0,16.9,0.0,0,0,0.0,0,17,10,2,9,0,3
2025-09-10 18:00:00,66,31.7,51.3,7.0,43.0,522.0,16.4,0.0,0,0,0.0,0,18,10,2,9,0,3
2025-09-10 19:00:00,68,29.5,47.8,8.0,40.5,438.0,14.5,0.0,0,0,0.0,0,19,10,2,9,0,3
2025-09-10 20:00:00,68,25.7,42.8,10.0,37.3,331.0,12.0,0.0,0,0,0.0,0,20,10,2,9,0,3
2025-09-10 21:00:00,69,22.4,38.4,13.0,33.6,247.0,10.0,0.0,0,0,0.0,0,21,10,2,9,0,0
2025-09-10 22:00:00,70,19.8,35.2,17.0,28.6,184.0,9.1,0.0,0,0,0.0,0,22,10,2,9,0,0
2025-09-10 23:00:00,70,18.2,33.3,21.0,23.1,144.0,8.9,0.0,0,0,0.0,0,23,10,2,9,0,0
2025-09-11 00:00:00,71,18.6,34.1,20.0,24.2,176.0,9.6,0.0,0,0,0.0,0,0,11,3,9,0,0
2025-09-11 01:00:00,71,17.2,32.6,24.0,22.3,358.0,11.9,0.0,0,0,0.0,0,1,11,3,9,0,0
2025-09-11 02:00:00,72,18.2,36.0,29.0,19.5,613.0,15.0,0.0,0,0,0.0,0,2,11,3,9,0,0
2025-09-11 03:00:00,73,17.8,38.3,36.0,16.4,760.0,17.1,0.0,0,0,0.0,0,3,11,3,9,0,0
2025-09-11 04:00:00,73,17.1,39.0,45.0,12.8,690.0,17.2,0.0,0,0,0.0,0,4,11,3,9,0,0
2025-09-11 05:00:00,73,17.5,41.1,55.0,9.0,511.0,16.2,0.0,0,0,0.0,0,5,11,3,9,0,0
2025-09-11 06:00:00,73,18.1,43.1,63.0,6.1,369.0,15.1,0.0,0,0,0.0,0,6,11,3,9,0,1
2025-09-11 07:00:00,73,15.2,35.9,67.0,4.9,320.0,14.1,0.0,0,0,0.0,0,7,11,3,9,0,1
2025-09-11 08:00:00,73,13.4,30.6,68.0,4.6,307.0,12.9,0.0,0,0,0.0,0,8,11,3,9,0,1
2025-09-11 09:00:00,73,13.4,28.6,67.0,4.9,306.0,12.3,0.0,0,0,0.0,0,9,11,3,9,0,1
2025-09-11 10:00:00,73,13.7,28.3,65.0,4.8,306.0,12.6,0.0,0,0,0.0,0,10,11,3,9,0,2
2025-09-11 11:00:00,72,13.9,29.7,61.0,5.3,317.0,13.4,0.0,0,0,0.0,0,11,11,3,9,0,2
2025-09-11 12:00:00,72,11.2,21.3,55.0,8.7,345.0,13.8,0.0,0,0,0.0,0,12,11,3,9,0,2
2025-09-11 13:00:00,72,11.5,21.5,44.0,15.3,411.0,13.9,0.0,0,0,0.0,0,13,11,3,9,0,2
2025-09-11 14:00:00,71,13.6,22.6,28.0,24.4,494.0,14.0,0.0,0,0,0.0,0,14,11,3,9,0,2
2025-09-11 15:00:00,70,15.8,25.4,17.0,30.9,541.0,13.9,0.0,0,0,0.0,0,15,11,3,9,0,2
2025-09-11 16:00:00,69,16.7,27.3,13.0,32.6,523.0,13.4,0.0,0,0,0.0,0,16,11,3,9,0,2
2025-09-11 17:00:00,68,17.2,28.8,13.0,31.6,468.0,12.6,0.0,0,0,0.0,0,17,11,3,9,0,3
2025-09-11 18:00:00,67,17.2,29.6,15.0,29.5,405.0,11.6,0.0,0,0,0.0,0,18,11,3,9,0,3
2025-09-11 19:00:00,65,16.4,29.2,18.0,26.0,334.0,10.4,0.0,0,0,0.0,0,19,11,3,9,0,3
2025-09-11 20:00:00,64,15.1,27.8,22.0,21.2,256.0,9.0,0.0,0,0,0.0,0,20,11,3,9,0,3
2025-09-11 21:00:00,64,13.8,26.2,25.0,17.2,197.0,8.0,0.0,0,0,0.0,0,21,11,3,9,0,0
2025-09-11 22:00:00,63,12.7,25.3,27.0,14.5,165.0,7.6,0.0,0,0,0.0,0,22,11,3,9,0,0
2025-09-11 23:00:00,62,11.9,23.1,29.0,12.5,152.0,7.5,0.0,0,0,0.0,0,23,11,3,9,0,0
2025-09-12 00:00:00,62,11.5,22.4,30.0,11.8,169.0,8.1,0.0,0,0,0.0,0,0,12,4,9,0,0
2025-09-12 01:00:00,61,11.6,22.2,30.0,12.7,242.0,9.5,0.0,0,0,0.0,0,1,12,4,9,0,0
2025-09-12 02:00:00,61,13.6,24.6,31.0,13.9,343.0,11.4,0.0,0,0,0.0,0,2,12,4,9,0,0
2025-09-12 03:00:00,61,13.7,27.4,34.0,13.9,400.0,13.0,0.0,0,0,0.0,0,3,12,4,9,0,0
2025-09-12 04:00:00,60,13.5,28.2,42.0,11.6,367.0,14.1,0.0,0,0,0.0,0,4,12,4,9,0,0
2025-09-12 05:00:00,60,13.2,27.9,53.0,8.1,290.0,15.0,0.0,0,0,0.0,0,5,12,4,9,0,0
2025-09-12 06:00:00,60,13.2,27.4,62.0,5.4,232.0,15.3,0.0,0,0,0.0,0,6,12,4,9,0,1
2025-09-12 07:00:00,59,13.2,27.0,66.0,4.2,218.0,14.6,0.0,0,0,0.0,0,7,12,4,9,0,1
2025-09-12 08:00:00,59,13.0,26.4,68.0,3.8,224.0,13.3,0.0,0,0,0.0,0,8,12,4,9,0,1
2025-09-12 09:00:00,59,12.9,26.4,67.0,4.0,238.0,12.5,0.0,0,0,0.0,0,9,12,4,9,0,1
2025-09-12 10:00:00,59,12.9,26.8,64.0,4.0,253.0,12.7,0.0,0,0,0.0,0,10,12,4,9,0,2
2025-09-12 11:00:00,59,13.1,27.3,59.0,4.7,276.0,13.3,0.0,0,0,0.0,0,11,12,4,9,0,2
2025-09-12 12:00:00,59,12.5,25.0,52.0,8.0,325.0,13.7,0.0,0,0,0.0,0,12,12,4,9,0,2
2025-09-12 13:00:00,59,13.4,25.5,39.0,16.7,432.0,14.2,0.0,0,0,0.0,0,13,12,4,9,0,2
2025-09-12 14:00:00,59,17.0,26.5,22.0,28.7,564.0,14.9,0.0,0,0,0.0,0,14,12,4,9,0,2
2025-09-12 15:00:00,59,19.0,27.8,9.0,37.2,640.0,15.2,0.0,0,0,0.0,0,15,12,4,9,0,2
2025-09-12 16:00:00,60,19.5,28.1,5.0,39.5,618.0,14.7,0.0,0,0,0.0,0,16,12,4,9,0,2
2025-09-12 17:00:00,60,19.4,27.9,6.0,38.5,540.0,13.8,0.0,0,0,0.0,0,17,12,4,9,0,3
2025-09-12 18:00:00,60,18.8,27.5,8.0,35.8,455.0,12.7,0.0,0,0,0.0,0,18,12,4,9,0,3
2025-09-12 19:00:00,60,17.5,26.5,12.0,31.3,368.0,11.2,0.0,0,0,0.0,0,19,12,4,9,0,3
2025-09-12 20:00:00,60,15.9,25.1,18.0,25.2,275.0,9.4,0.0,0,0,0.0,0,20,12,4,9,0,3
2025-09-12 21:00:00,60,14.5,23.8,22.0,20.1,205.0,8.1,0.0,0,0,0.0,0,21,12,4,9,0,0
2025-09-12 22:00:00,60,13.4,22.7,24.0,17.1,167.0,7.4,0.0,0,0,0.0,0,22,12,4,9,0,0
2025-09-12 23:00:00,60,12.7,21.7,25.0,15.1,154.0,7.1,0.0,0,0,0.0,0,23,12,4,9,0,0
2025-09-13 00:00:00,60,11.9,20.1,27.0,13.5,172.0,7.7,0.0,0,0,0.0,0,0,13,5,9,1,0
2025-09-13 01:00:00,60,11.9,20.1,28.0,14.0,251.0,9.6,0.0,0,0,0.0,0,1,13,5,9,1,0
2025-09-13 02:00:00,61,14.4,22.6,29.0,14.5,361.0,12.3,0.0,0,0,0.0,0,2,13,5,9,1,0
2025-09-13 03:00:00,61,13.4,24.3,33.0,14.1,421.0,14.5,0.0,0,0,0.0,0,3,13,5,9,1,0
2025-09-13 04:00:00,61,12.5,23.4,42.0,11.7,380.0,15.7,0.0,0,0,0.0,0,4,13,5,9,1,0
2025-09-13 05:00:00,60,13.2,25.8,53.0,8.4,290.0,16.3,0.0,0,0,0.0,0,5,13,5,9,1,0
2025-09-13 06:00:00,60,13.2,25.8,62.0,5.8,223.0,16.5,0.0,0,0,0.0,0,6,13,5,9,1,1
2025-09-13 07:00:00,60,13.4,26.5,68.0,4.6,208.0,15.9,0.0,0,0,0.0,0,7,13,5,9,1,1
2025-09-13 08:00:00,60,13.1,25.4,72.0,4.1,216.0,14.8,0.0,0,0,0.0,0,8,13,5,9,1,1
2025-09-13 09:00:00,60,13.2,26.0,73.0,4.2,235.0,14.0,0.0,0,0,0.0,0,9,13,5,9,1,1
2025-09-13 10:00:00,61,13.1,26.7,69.0,4.4,261.0,14.1,0.0,0,0,0.0,0,10,13,5,9,1,2
2025-09-13 11:00:00,61,11.9,23.2,62.0,5.2,298.0,14.5,0.0,0,0,0.0,0,11,13,5,9,1,2
2025-09-13 12:00:00,60,12.7,24.6,55.0,8.5,342.0,15.8,0.0,0,0,0.0,0,12,13,5,9,1,2
2025-09-13 13:00:00,60,12.3,22.1,43.0,16.5,407.0,15.7,0.0,0,0,0.0,0,13,13,5,9,1,2
2025-09-13 14:00:00,60,15.0,22.0,26.0,27.5,480.0,15.5,0.0,0,0,0.0,0,14,13,5,9,1,2
2025-09-13 15:00:00,60,15.7,22.1,14.0,34.6,513.0,15.0,0.0,0,0,0.0,0,15,13,5,9,1,2
2025-09-13 16:00:00,60,15.3,21.5,13.0,34.5,479.0,13.9,0.0,0,0,0.0,0,16,13,5,9,1,2
2025-09-13 17:00:00,60,14.8,21.0,16.0,30.6,406.0,12.4,0.0,0,0,0.0,0,17,13,5,9,1,3
2025-09-13 18:00:00,59,13.9,20.3,21.0,26.1,333.0,11.0,0.0,0,0,0.0,0,18,13,5,9,1,3
2025-09-13 19:00:00,59,12.8,19.3,25.0,21.4,266.0,9.5,0.0,0,0,0.0,0,19,13,5,9,1,3
2025-09-13 20:00:00,59,11.6,18.3,30.0,16.2,199.0,8.1,0.0,0,0,0.0,0,20,13,5,9,1,3
2025-09-13 21:00:00,58,10.8,17.8,34.0,12.0,152.0,7.1,0.0,0,0,0.0,0,21,13,5,9,1,0
2025-09-13 22:00:00,58,10.4,17.8,36.0,9.5,130.0,6.8,0.0,0,0,0.0,0,22,13,5,9,1,0
2025-09-13 23:00:00,58,10.4,18.3,37.0,8.1,127.0,6.9,0.0,0,0,0.0,0,23,13,5,9,1,0
2025-09-14 00:00:00,57,10.4,18.1,38.0,7.9,151.0,7.5,0.0,0,0,0.0,0,0,14,6,9,1,0
2025-09-14 01:00:00,57,10.9,19.2,37.0,9.7,226.0,8.7,0.0,0,0,0.0,0,1,14,6,9,1,0
2025-09-14 02:00:00,57,13.0,21.4,35.0,12.1,328.0,10.5,0.0,0,0,0.0,0,2,14,6,9,1,0
2025-09-14 03:00:00,57,14.0,24.5,36.0,13.1,384.0,12.0,0.0,0,0,0.0,0,3,14,6,9,1,0
2025-09-14 04:00:00,57,14.0,26.3,43.0,11.3,350.0,13.2,0.0,0,0,0.0,0,4,14,6,9,1,0
2025-09-14 05:00:00,57,13.7,26.6,52.0,8.1,272.0,14.1,0.0,0,0,0.0,0,5,14,6,9,1,0
2025-09-14 06:00:00,57,13.7,26.8,60.0,5.6,213.0,14.6,0.0,0,0,0.0,0,6,14,6,9,1,1
2025-09-14 07:00:00,57,13.5,26.1,65.0,4.5,201.0,14.3,0.0,0,0,0.0,0,7,14,6,9,1,1
2025-09-14 08:00:00,57,12.8,24.3,67.0,4.1,210.0,13.6,0.0,0,0,0.0,0,8,14,6,9,1,1
2025-09-14 09:00:00,57,12.7,23.5,67.0,4.3,222.0,12.9,0.0,0,0,0.0,0,9,14,6,9,1,1
2025-09-14 10:00:00,57,12.5,23.2,63.0,5.1,232.0,12.5,0.0,0,0,0.0,0,10,14,6,9,1,2
2025-09-14 11:00:00,57,11.9,21.4,56.0,6.6,246.0,12.2,0.0,0,0,0.0,0,11,14,6,9,1,2
2025-09-14 12:00:00,57,10.6,19.0,50.0,8.9,264.0,12.7,0.0,0,0,0.0,0,12,14,6,9,1,2
2025-09-14 13:00:00,57,11.8,20.5,42.0,14.0,293.0,12.4,0.0,0,0,0.0,0,13,14,6,9,1,2
2025-09-14 14:00:00,57,12.9,18.9,30.0,21.0,326.0,12.1,0.0,0,0,0.0,0,14,14,6,9,1,2
2025-09-14 15:00:00,57,13.5,19.6,23.0,25.2,339.0,11.5,0.0,0,0,0.0,0,15,14,6,9,1,2
2025-09-14 16:00:00,57,13.9,20.9,23.0,24.2,317.0,10.7,0.0,0,0,0.0,0,16,14,6,9,1,2
2025-09-14 17:00:00,57,14.2,22.2,26.0,20.5,276.0,9.7,0.0,0,0,0.0,0,17,14,6,9,1,3
2025-09-14 18:00:00,57,14.1,22.9,30.0,16.6,234.0,8.8,0.0,0,0,0.0,0,18,14,6,9,1,3
2025-09-14 19:00:00,57,13.4,22.6,33.0,13.1,194.0,7.9,0.0,0,0,0.0,0,19,14,6,9,1,3
2025-09-14 20:00:00,57,12.3,21.5,37.0,9.6,154.0,7.1,0.0,0,0,0.0,0,20,14,6,9,1,3
2025-09-14 21:00:00,57,12.3,22.7,39.0,6.9,126.0,6.5,0.0,0,0,0.0,0,21,14,6,9,1,0
2025-09-14 22:00:00,57,11.4,21.0,40.0,5.6,109.0,6.2,0.0,0,0,0.0,0,22,14,6,9,1,0
2025-09-14 23:00:00,57,10.7,19.5,39.0,5.1,105.0,6.1,0.0,0,0,0.0,0,23,14,6,9,1,0
2025-09-15 00:00:00,57,10.2,18.5,39.0,5.5,130.0,6.7,0.0,0,0,0.0,0,0,15,0,9,0,0
2025-09-15 01:00:00,57,10.6,19.6,38.0,7.2,217.0,7.6,0.0,0,0,0.0,0,1,15,0,9,0,0
2025-09-15 02:00:00,57,12.1,21.5,37.0,9.5,333.0,8.7,0.0,0,0,0.0,0,2,15,0,9,0,0
2025-09-15 03:00:00,57,14.2,27.6,38.0,10.6,398.0,9.7,0.0,0,0,0.0,0,3,15,0,9,0,0
2025-09-15 04:00:00,57,12.8,25.8,43.0,9.3,362.0,10.2,0.0,0,0,0.0,0,4,15,0,9,0,0
2025-09-15 05:00:00,57,13.0,27.0,50.0,6.7,276.0,10.5,0.0,0,0,0.0,0,5,15,0,9,0,0
2025-09-15 06:00:00,57,13.0,27.6,55.0,4.8,210.0,10.7,0.0,0,0,0.0,0,6,15,0,9,0,1
2025-09-15 07:00:00,57,13.5,29.0,58.0,4.1,190.0,10.7,0.0,0,0,0.0,0,7,15,0,9,0,1
2025-09-15 08:00:00,57,13.6,27.6,60.0,4.0,190.0,10.5,0.0,0,0,0.0,0,8,15,0,9,0,1
2025-09-15 09:00:00,57,13.6,28.2,59.0,4.4,202.0,10.3,0.0,0,0,0.0,0,9,15,0,9,0,1
2025-09-15 10:00:00,57,13.9,28.9,55.0,5.3,231.0,10.2,0.0,0,0,0.0,0,10,15,0,9,0,2
2025-09-15 11:00:00,57,13.2,26.4,50.0,6.7,272.0,10.1,0.0,0,0,0.0,0,11,15,0,9,0,2
2025-09-15 12:00:00,57,16.4,34.0,45.0,8.8,303.0,10.4,0.0,0,0,0.0,0,12,15,0,9,0,2
2025-09-15 13:00:00,57,16.2,28.5,38.0,13.2,316.0,10.3,0.0,0,0,0.0,0,13,15,0,9,0,2
2025-09-15 14:00:00,58,17.8,29.3,30.0,19.1,318.0,10.1,0.0,0,0,0.0,0,14,15,0,9,0,2
2025-09-15 15:00:00,58,17.2,26.8,24.0,22.5,308.0,9.8,0.0,0,0,0.0,0,15,15,0,9,0,2
2025-09-15 16:00:00,58,16.1,24.6,25.0,21.2,282.0,9.3,0.0,0,0,0.0,0,16,15,0,9,0,2
2025-09-15 17:00:00,59,15.0,23.3,28.0,17.5,245.0,8.7,0.0,0,0,0.0,0,17,15,0,9,0,3
2025-09-15 18:00:00,59,14.1,22.3,32.0,13.9,209.0,8.0,0.0,0,0,0.0,0,18,15,0,9,0,3
2025-09-15 19:00:00,59,13.0,21.4,35.0,11.0,175.0,7.2,0.0,0,0,0.0,0,19,15,0,9,0,3
2025-09-15 20:00:00,59,12.1,21.1,37.0,8.3,142.0,6.4,0.0,0,0,0.0,0,20,15,0,9,0,3
2025-09-15 21:00:00,59,11.5,20.7,39.0,6.3,120.0,5.9,0.0,0,0,0.0,0,21,15,0,9,0,0
2025-09-15 22:00:00,59,11.1,20.2,40.0,5.3,103.0,5.7,0.0,0,0,0.0,0,22,15,0,9,0,0
2025-09-15 23:00:00,59,11.1,20.3,40.0,5.0,96.0,5.8,0.0,0,0,0.0,0,23,15,0,9,0,0
2025-09-16 00:00:00,59,11.5,22.7,41.0,5.6,123.0,6.2,0.0,0,0,0.0,0,0,16,1,9,0,0
2025-09-16 01:00:00,59,12.0,22.8,39.0,8.2,222.0,7.0,0.0,0,0,0.0,0,1,16,1,9,0,0
2025-09-16 02:00:00,59,14.0,25.8,36.0,11.7,354.0,8.1,0.0,0,0,0.0,0,2,16,1,9,0,0
2025-09-16 03:00:00,59,16.1,33.9,35.0,13.5,427.0,9.2,0.0,0,0,0.0,0,3,16,1,9,0,0
2025-09-16 04:00:00,59,18.0,46.2,39.0,12.1,382.0,10.4,0.0,0,0,0.0,0,4,16,1,9,0,0
2025-09-16 05:00:00,60,18.0,46.9,46.0,9.1,278.0,11.5,0.0,0,0,0.0,0,5,16,1,9,0,0
2025-09-16 06:00:00,60,17.2,43.3,52.0,6.7,201.0,12.2,0.0,0,0,0.0,0,6,16,1,9,0,1
2025-09-16 07:00:00,60,17.5,46.2,55.0,5.7,183.0,12.1,0.0,0,0,0.0,0,7,16,1,9,0,1
2025-09-16 08:00:00,61,17.5,48.1,56.0,5.3,191.0,11.5,0.0,0,0,0.0,0,8,16,1,9,0,1
2025-09-16 09:00:00,61,18.7,56.3,56.0,5.6,212.0,11.1,0.0,0,0,0.0,0,9,16,1,9,0,1
2025-09-16 10:00:00,61,19.9,59.5,54.0,6.3,247.0,11.0,0.0,0,0,0.0,0,10,16,1,9,0,2
2025-09-16 11:00:00,62,18.6,51.3,50.0,7.6,295.0,11.1,0.0,0,0,0.0,0,11,16,1,9,0,2
2025-09-16 12:00:00,62,20.2,51.1,47.0,9.4,335.0,11.7,0.0,0,0,0.0,0,12,16,1,9,0,2
2025-09-16 13:00:00,62,20.1,43.3,39.0,15.3,364.0,11.7,0.0,0,0,0.0,0,13,16,1,9,0,2
2025-09-16 14:00:00,63,21.9,39.1,28.0,23.4,385.0,11.6,0.0,0,0,0.0,0,14,16,1,9,0,2
2025-09-16 15:00:00,63,22.3,37.4,20.0,28.7,395.0,11.5,0.0,0,0,0.0,0,15,16,1,9,0,2
2025-09-16 16:00:00,63,21.8,35.7,19.0,28.7,392.0,11.4,0.0,0,0,0.0,0,16,16,1,9,0,2
2025-09-16 17:00:00,64,21.4,35.0,22.0,25.9,377.0,11.2,0.0,0,0,0.0,0,17,16,1,9,0,3
2025-09-16 18:00:00,64,20.9,34.5,25.0,22.8,349.0,10.8,0.0,0,0,0.0,0,18,16,1,9,0,3
2025-09-16 19:00:00,65,20.4,34.5,27.0,20.0,300.0,10.1,0.0,0,0,0.0,0,19,16,1,9,0,3
2025-09-16 20:00:00,66,19.6,34.5,30.0,16.9,238.0,9.2,0.0,0,0,0.0,0,20,16,1,9,0,3
2025-09-16 21:00:00,66,18.7,34.7,32.0,14.3,190.0,8.6,0.0,0,0,0.0,0,21,16,1,9,0,0
2025-09-16 22:00:00,67,17.9,35.6,33.0,12.4,159.0,8.2,0.0,0,0,0.0,0,22,16,1,9,0,0
2025-09-16 23:00:00,67,17.3,37.4,34.0,11.0,141.0,8.0,0.0,0,0,0.0,0,23,16,1,9,0,0
2025-09-17 00:00:00,68,16.8,36.1,34.0,10.7,156.0,8.4,0.0,0,0,0.0,0,0,17,2,9,0,0
2025-09-17 01:00:00,68,17.1,38.0,34.0,12.2,235.0,9.9,0.0,0,0,0.0,0,1,17,2,9,0,0
2025-09-17 02:00:00,69,19.4,43.5,34.0,14.2,347.0,12.1,0.0,0,0,0.0,0,2,17,2,9,0,0
2025-09-17 03:00:00,69,19.7,50.2,37.0,14.9,411.0,14.1,0.0,0,0,0.0,0,3,17,2,9,0,0
2025-09-17 04:00:00,69,20.6,61.9,45.0,13.0,380.0,15.8,0.0,0,0,0.0,0,4,17,2,9,0,0
2025-09-17 05:00:00,69,22.5,80.1,55.0,9.9,301.0,17.4,0.0,0,0,0.0,0,5,17,2,9,0,0
2025-09-17 06:00:00,70,23.7,84.1,63.0,7.5,243.0,18.3,0.0,0,0,0.0,0,6,17,2,9,0,1
2025-09-17 07:00:00,70,25.4,89.6,67.0,6.6,230.0,18.2,0.0,0,0,0.0,0,7,17,2,9,0,1
2025-09-17 08:00:00,71,25.1,86.4,69.0,6.4,236.0,17.4,0.0,0,0,0.0,0,8,17,2,9,0,1
2025-09-17 09:00:00,72,25.5,83.8,69.0,6.7,256.0,16.8,0.0,0,0,0.0,0,9,17,2,9,0,1
2025-09-17 10:00:00,72,26.5,87.3,68.0,6.6,284.0,16.8,0.0,0,0,0.0,0,10,17,2,9,0,2
2025-09-17 11:00:00,73,26.2,85.7,66.0,7.0,326.0,17.0,0.0,0,0,0.0,0,11,17,2,9,0,2
2025-09-17 12:00:00,73,29.2,92.9,63.0,10.6,387.0,19.0,0.0,0,0,0.0,0,12,17,2,9,0,2
2025-09-17 13:00:00,74,25.7,75.4,49.0,17.9,495.0,17.6,0.0,0,0,0.0,0,13,17,2,9,0,2
2025-09-17 14:00:00,74,25.1,58.3,31.0,28.1,623.0,15.6,0.0,0,0,0.0,0,14,17,2,9,0,2
2025-09-17 15:00:00,75,25.0,53.9,16.0,36.0,698.0,14.2,0.0,0,0,0.0,0,15,17,2,9,0,2
2025-09-17 16:00:00,75,25.6,52.5,9.0,40.1,685.0,14.1,0.0,0,0,0.0,0,16,17,2,9,0,2
2025-09-17 17:00:00,75,27.3,52.0,7.0,41.9,619.0,14.5,0.0,0,0,0.0,0,17,17,2,9,0,3
2025-09-17 18:00:00,76,28.8,52.3,7.0,41.6,537.0,14.5,0.0,0,0,0.0,0,18,17,2,9,0,3
2025-09-17 19:00:00,76,27.9,51.2,10.0,38.3,436.0,13.5,0.0,0,0,0.0,0,19,17,2,9,0,3
2025-09-17 20:00:00,77,26.0,49.2,16.0,32.8,318.0,12.1,0.0,0,0,0.0,0,20,17,2,9,0,3
2025-09-17 21:00:00,77,23.7,48.8,22.0,27.3,228.0,10.8,0.0,0,0,0.0,0,21,17,2,9,0,0
2025-09-17 22:00:00,78,21.9,48.0,26.0,22.0,178.0,9.7,0.0,0,0,0.0,0,22,17,2,9,0,0
2025-09-17 23:00:00,78,20.7,46.3,30.0,16.7,155.0,8.7,0.0,0,0,0.0,0,23,17,2,9,0,0
2025-09-18 00:00:00,78,18.5,44.0,34.0,12.3,169.0,9.5,0.0,0,0,0.0,0,0,18,3,9,0,0
2025-09-18 01:00:00,78,18.2,42.5,33.0,14.0,252.0,10.7,0.0,0,0,0.0,0,1,18,3,9,0,0
2025-09-18 02:00:00,78,21.0,45.2,32.0,16.3,370.0,12.3,0.0,0,0,0.0,0,2,18,3,9,0,0
2025-09-18 03:00:00,79,21.8,58.7,36.0,16.8,436.0,14.0,0.0,0,0,0.0,0,3,18,3,9,0,0
2025-09-18 04:00:00,79,22.9,77.8,48.0,14.0,392.0,15.8,0.0,0,0,0.0,0,4,18,3,9,0,0
2025-09-18 05:00:00,79,25.4,88.2,65.0,9.6,295.0,17.5,0.0,0,0,0.0,0,5,18,3,9,0,0
2025-09-18 06:00:00,79,26.7,91.3,79.0,6.1,224.0,18.4,0.0,0,0,0.0,0,6,18,3,9,0,1
2025-09-18 07:00:00,79,28.5,95.7,87.0,4.5,210.0,17.7,0.0,0,0,0.0,0,7,18,3,9,0,1
2025-09-18 08:00:00,80,29.0,98.5,92.0,3.8,221.0,16.2,0.0,0,0,0.0,0,8,18,3,9,0,1
2025-09-18 09:00:00,80,29.2,102.2,92.0,4.0,241.0,15.2,0.0,0,0,0.0,0,9,18,3,9,0,1
2025-09-18 10:00:00,80,28.8,102.9,87.0,4.5,259.0,15.4,0.0,0,0,0.0,0,10,18,3,9,0,2
2025-09-18 11:00:00,80,28.3,103.6,77.0,5.8,286.0,16.0,0.0,0,0,0.0,0,11,18,3,9,0,2
2025-09-18 12:00:00,81,32.7,121.5,71.0,9.1,335.0,17.3,0.0,0,0,0.0,0,12,18,3,9,0,2
2025-09-18 13:00:00,81,31.8,115.3,55.0,18.2,435.0,17.1,0.0,0,0,0.0,0,13,18,3,9,0,2
2025-09-18 14:00:00,81,32.8,95.0,32.0,30.6,557.0,16.8,0.0,0,0,0.0,0,14,18,3,9,0,2
2025-09-18 15:00:00,82,33.4,89.2,15.0,39.8,629.0,16.3,0.0,0,0,0.0,0,15,18,3,9,0,2
2025-09-18 16:00:00,83,33.4,85.4,9.0,43.0,615.0,15.6,0.0,0,0,0.0,0,16,18,3,9,0,2
2025-09-18 17:00:00,83,33.3,82.7,8.0,43.0,552.0,14.8,0.0,0,0,0.0,0,17,18,3,9,0,3
2025-09-18 18:00:00,84,32.7,79.2,10.0,40.9,477.0,13.9,0.0,0,0,0.0,0,18,18,3,9,0,3
2025-09-18 19:00:00,84,31.2,77.5,14.0,36.1,391.0,12.7,0.0,0,0,0.0,0,19,18,3,9,0,3
2025-09-18 20:00:00,84,29.0,77.1,21.0,29.2,294.0,11.5,0.0,0,0,0.0,0,20,18,3,9,0,3
2025-09-18 21:00:00,85,27.1,73.3,26.0,23.4,223.0,10.5,0.0,0,0,0.0,0,21,18,3,9,0,0
2025-09-18 22:00:00,85,25.9,72.4,29.0,19.7,191.0,9.8,0.0,0,0,0.0,0,22,18,3,9,0,0
2025-09-18 23:00:00,85,24.9,70.5,31.0,17.0,185.0,9.4,0.0,0,0,0.0,0,23,18,3,9,0,0
2025-09-19 00:00:00,85,22.8,61.7,35.0,11.7,200.0,9.2,0.0,0,0,0.0,0,0,19,4,9,0,0
2025-09-19 01:00:00,86,23.4,65.0,34.0,13.7,254.0,10.3,0.0,0,0,0.0,0,1,19,4,9,0,0
2025-09-19 02:00:00,86,25.6,70.5,34.0,16.4,330.0,11.9,0.0,0,0,0.0,0,2,19,4,9,0,0
2025-09-19 03:00:00,87,26.1,79.4,37.0,17.1,369.0,13.3,0.0,0,0,0.0,0,3,19,4,9,0,0
2025-09-19 04:00:00,87,29.6,115.7,48.0,14.0,334.0,14.3,0.0,0,0,0.0,0,4,19,4,9,0,0
2025-09-19 05:00:00,87,28.3,115.3,63.0,9.1,263.0,15.0,0.0,0,0,0.0,0,5,19,4,9,0,0
2025-09-19 06:00:00,88,29.5,121.5,74.0,5.3,212.0,15.3,0.0,0,0,0.0,0,6,19,4,9,0,1
2025-09-19 07:00:00,88,30.0,123.4,78.0,3.9,207.0,14.8,0.0,0,0,0.0,0,7,19,4,9,0,1
2025-09-19 08:00:00,88,29.6,120.6,78.0,3.8,222.0,14.0,0.0,0,0,0.0,0,8,19,4,9,0,1
2025-09-19 09:00:00,88,29.5,117.3,76.0,4.3,242.0,13.4,0.0,0,0,0.0,0,9,19,4,9,0,1
2025-09-19 10:00:00,88,27.7,106.6,72.0,4.7,255.0,13.6,0.0,0,0,0.0,0,10,19,4,9,0,2
2025-09-19 11:00:00,88,27.0,103.6,65.0,5.9,272.0,14.0,0.0,0,0,0.0,0,11,19,4,9,0,2
2025-09-19 12:00:00,88,30.6,122.0,61.0,9.5,307.0,16.6,0.0,0,0,0.0,0,12,19,4,9,0,2
2025-09-19 13:00:00,88,30.0,112.7,47.0,18.6,383.0,16.7,0.0,0,0,0.0,0,13,19,4,9,0,2
2025-09-19 14:00:00,88,30.2,85.2,27.0,31.1,477.0,16.9,0.0,0,0,0.0,0,14,19,4,9,0,2
2025-09-19 15:00:00,87,30.3,77.1,12.0,40.4,534.0,17.0,0.0,0,0,0.0,0,15,19,4,9,0,2
2025-09-19 16:00:00,87,30.7,73.3,6.0,43.7,529.0,17.1,0.0,0,0,0.0,0,16,19,4,9,0,2
2025-09-19 17:00:00,87,31.8,71.7,5.0,43.9,488.0,17.0,0.0,0,0,0.0,0,17,19,4,9,0,3
2025-09-19 18:00:00,87,32.6,70.5,5.0,42.9,434.0,16.5,0.0,0,0,0.0,0,18,19,4,9,0,3
2025-09-19 19:00:00,87,31.5,68.9,6.0,41.2,365.0,15.1,0.0,0,0,0.0,0,19,19,4,9,0,3
2025-09-19 20:00:00,87,29.7,67.3,9.0,38.3,282.0,13.2,0.0,0,0,0.0,0,20,19,4,9,0,3
2025-09-19 21:00:00,87,27.6,66.1,13.0,34.3,219.0,11.6,0.0,0,0,0.0,0,21,19,4,9,0,0
2025-09-19 22:00:00,87,25.3,68.7,19.0,28.1,182.0,10.5,0.0,0,0,0.0,0,22,19,4,9,0,0
2025-09-19 23:00:00,87,24.0,69.2,26.0,20.8,163.0,9.7,0.0,0,0,0.0,0,23,19,4,9,0,0
2025-09-20 00:00:00,87,21.6,61.9,33.0,12.8,172.0,8.4,0.0,0,0,0.0,0,0,20,5,9,1,0
2025-09-20 01:00:00,87,21.0,59.6,33.0,13.8,233.0,9.4,0.0,0,0,0.0,0,1,20,5,9,1,0
2025-09-20 02:00:00,86,23.1,67.1,33.0,14.9,320.0,10.9,0.0,0,0,0.0,0,2,20,5,9,1,0
2025-09-20 03:00:00,86,24.0,72.9,36.0,14.9,368.0,12.3,0.0,0,0,0.0,0,3,20,5,9,1,0
2025-09-20 04:00:00,86,24.3,81.3,44.0,12.5,334.0,13.6,0.0,0,0,0.0,0,4,20,5,9,1,0
2025-09-20 05:00:00,86,24.5,85.4,55.0,8.8,260.0,14.8,0.0,0,0,0.0,0,5,20,5,9,1,0
2025-09-20 06:00:00,85,26.1,90.8,63.0,6.0,205.0,15.4,0.0,0,0,0.0,0,6,20,5,9,1,1
2025-09-20 07:00:00,85,25.7,88.2,68.0,4.7,194.0,15.1,0.0,0,0,0.0,0,7,20,5,9,1,1
2025-09-20 08:00:00,85,27.1,92.2,70.0,4.3,202.0,14.2,0.0,0,0,0.0,0,8,20,5,9,1,1
2025-09-20 09:00:00,85,33.3,117.6,70.0,4.5,217.0,13.5,0.0,0,0,0.0,0,9,20,5,9,1,1
2025-09-20 10:00:00,85,26.2,88.2,67.0,4.9,233.0,13.3,0.0,0,0,0.0,0,10,20,5,9,1,2
2025-09-20 11:00:00,85,25.8,88.2,61.0,5.9,256.0,13.3,0.0,0,0,0.0,0,11,20,5,9,1,2
2025-09-20 12:00:00,85,25.7,88.7,54.0,9.3,296.0,14.8,0.0,0,0,0.0,0,12,20,5,9,1,2
2025-09-20 13:00:00,84,25.7,85.9,43.0,17.2,374.0,14.9,0.0,0,0,0.0,0,13,20,5,9,1,2
2025-09-20 14:00:00,84,27.0,72.6,27.0,28.1,469.0,15.1,0.0,0,0,0.0,0,14,20,5,9,1,2
2025-09-20 15:00:00,84,28.5,71.5,15.0,36.3,525.0,15.0,0.0,0,0,0.0,0,15,20,5,9,1,2
2025-09-20 16:00:00,84,29.1,71.2,10.0,39.6,513.0,14.6,0.0,0,0,0.0,0,16,20,5,9,1,2
2025-09-20 17:00:00,83,29.5,70.8,10.0,40.1,461.0,14.1,0.0,0,0,0.0,0,17,20,5,9,1,3
2025-09-20 18:00:00,83,29.8,70.3,11.0,38.7,400.0,13.3,0.0,0,0,0.0,0,18,20,5,9,1,3
2025-09-20 19:00:00,83,29.2,69.6,15.0,34.8,329.0,12.1,0.0,0,0,0.0,0,19,20,5,9,1,3
2025-09-20 20:00:00,83,27.4,68.0,20.0,29.0,249.0,10.8,0.0,0,0,0.0,0,20,20,5,9,1,3
2025-09-20 21:00:00,83,25.6,67.1,25.0,23.7,188.0,9.7,0.0,0,0,0.0,0,21,20,5,9,1,0
2025-09-20 22:00:00,83,24.1,65.2,29.0,19.4,154.0,9.1,0.0,0,0,0.0,0,22,20,5,9,1,0
2025-09-20 23:00:00,82,22.9,64.5,32.0,15.7,140.0,8.8,0.0,0,0,0.0,0,23,20,5,9,1,0
2025-09-21 00:00:00,82,19.8,52.2,36.0,10.2,156.0,7.9,0.0,0,0,0.0,0,0,21,6,9,1,0
2025-09-21 01:00:00,82,20.3,54.9,35.0,12.1,230.0,9.2,0.0,0,0,0.0,0,1,21,6,9,1,0
2025-09-21 02:00:00,82,22.4,61.2,34.0,14.5,333.0,11.1,0.0,0,0,0.0,0,2,21,6,9,1,0
2025-09-21 03:00:00,82,23.5,69.8,36.0,15.4,389.0,12.8,0.0,0,0,0.0,0,3,21,6,9,1,0
2025-09-21 04:00:00,82,24.9,87.1,44.0,13.1,349.0,14.4,0.0,0,0,0.0,0,4,21,6,9,1,0
2025-09-21 05:00:00,82,25.7,90.1,56.0,9.3,262.0,15.8,0.0,0,0,0.0,0,5,21,6,9,1,0
2025-09-21 06:00:00,82,26.5,91.7,64.0,6.4,196.0,16.5,0.0,0,0,0.0,0,6,21,6,9,1,1
2025-09-21 07:00:00,82,26.2,89.6,66.0,5.4,180.0,16.0,0.0,0,0,0.0,0,7,21,6,9,1,1
2025-09-21 08:00:00,82,26.3,88.7,65.0,5.4,185.0,14.7,0.0,0,0,0.0,0,8,21,6,9,1,1
2025-09-21 09:00:00,82,24.6,81.3,63.0,5.7,197.0,13.7,0.0,0,0,0.0,0,9,21,6,9,1,1
2025-09-21 10:00:00,82,23.5,78.0,61.0,5.7,211.0,13.2,0.0,0,0,0.0,0,10,21,6,9,1,2
2025-09-21 11:00:00,81,23.5,78.2,59.0,6.1,231.0,12.8,0.0,0,0,0.0,0,11,21,6,9,1,2
2025-09-21 12:00:00,81,21.8,73.6,56.0,8.5,259.0,13.3,0.0,0,0,0.0,0,12,21,6,9,1,2
2025-09-21 13:00:00,81,21.4,68.7,46.0,15.6,306.0,13.6,0.0,0,0,0.0,0,13,21,6,9,1,2
2025-09-21 14:00:00,80,23.1,58.9,32.0,25.3,360.0,13.9,0.0,0,0,0.0,0,14,21,6,9,1,2
2025-09-21 15:00:00,80,24.5,57.7,22.0,32.2,389.0,13.9,0.0,0,0,0.0,0,15,21,6,9,1,2
2025-09-21 16:00:00,80,24.8,56.8,19.0,34.1,375.0,13.5,0.0,0,0,0.0,0,16,21,6,9,1,2
2025-09-21 17:00:00,80,24.9,55.8,20.0,33.1,335.0,12.8,0.0,0,0,0.0,0,17,21,6,9,1,3
2025-09-21 18:00:00,79,24.5,54.2,23.0,30.6,291.0,11.9,0.0,0,0,0.0,0,18,21,6,9,1,3
2025-09-21 19:00:00,79,23.2,52.2,27.0,26.0,244.0,10.7,0.0,0,0,0.0,0,19,21,6,9,1,3
2025-09-21 20:00:00,78,21.2,49.0,33.0,19.8,192.0,9.2,0.0,0,0,0.0,0,20,21,6,9,1,3
2025-09-21 21:00:00,78,19.6,46.4,38.0,14.8,155.0,8.2,0.0,0,0,0.0,0,21,21,6,9,1,0
2025-09-21 22:00:00,77,18.6,44.5,40.0,11.8,135.0,7.7,0.0,0,0,0.0,0,22,21,6,9,1,0
2025-09-21 23:00:00,77,17.9,43.0,42.0,10.0,129.0,7.7,0.0,0,0,0.0,0,23,21,6,9,1,0
2025-09-22 00:00:00,76,17.6,43.5,44.0,7.8,146.0,7.8,0.0,0,0,0.0,0,0,22,0,9,0,0
2025-09-22 01:00:00,76,18.0,45.2,42.0,10.1,209.0,8.8,0.0,0,0,0.0,0,1,22,0,9,0,0
2025-09-22 02:00:00,76,19.6,47.5,40.0,13.1,294.0,10.1,0.0,0,0,0.0,0,2,22,0,9,0,0
2025-09-22 03:00:00,76,20.5,49.2,41.0,14.4,341.0,11.4,0.0,0,0,0.0,0,3,22,0,9,0,0
2025-09-22 04:00:00,76,21.0,57.4,48.0,12.5,310.0,12.5,0.0,0,0,0.0,0,4,22,0,9,0,0
2025-09-22 05:00:00,75,22.1,62.6,57.0,8.9,240.0,13.6,0.0,0,0,0.0,0,5,22,0,9,0,0
2025-09-22 06:00:00,75,23.1,65.4,65.0,6.0,189.0,14.2,0.0,0,0,0.0,0,6,22,0,9,0,1
2025-09-22 07:00:00,75,23.2,65.0,69.0,4.7,179.0,14.1,0.0,0,0,0.0,0,7,22,0,9,0,1
2025-09-22 08:00:00,75,23.3,64.5,72.0,4.2,187.0,13.6,0.0,0,0,0.0,0,8,22,0,9,0,1
2025-09-22 09:00:00,74,23.0,62.4,72.0,4.4,201.0,13.2,0.0,0,0,0.0,0,9,22,0,9,0,1
2025-09-22 10:00:00,74,22.8,61.0,69.0,5.0,220.0,13.1,0.0,0,0,0.0,0,10,22,0,9,0,2
2025-09-22 11:00:00,74,21.9,57.5,63.0,6.2,246.0,13.0,0.0,0,0,0.0,0,11,22,0,9,0,2
2025-09-22 12:00:00,74,19.6,52.2,58.0,8.4,272.0,13.1,0.0,0,0,0.0,0,12,22,0,9,0,2
2025-09-22 13:00:00,74,18.0,43.7,50.0,13.0,304.0,12.8,0.0,0,0,0.0,0,13,22,0,9,0,2
2025-09-22 14:00:00,74,17.6,35.0,39.0,19.2,338.0,12.4,0.0,0,0,0.0,0,14,22,0,9,0,2
2025-09-22 15:00:00,73,17.8,33.4,32.0,23.3,351.0,11.9,0.0,0,0,0.0,0,15,22,0,9,0,2
2025-09-22 16:00:00,73,17.6,32.5,31.0,23.5,332.0,11.1,0.0,0,0,0.0,0,16,22,0,9,0,2
2025-09-22 17:00:00,72,17.1,31.4,33.0,21.5,293.0,10.2,0.0,0,0,0.0,0,17,22,0,9,0,3
2025-09-22 18:00:00,71,16.4,30.6,35.0,19.0,252.0,9.4,0.0,0,0,0.0,0,18,22,0,9,0,3
2025-09-22 19:00:00,71,15.4,29.3,38.0,16.0,212.0,8.6,0.0,0,0,0.0,0,19,22,0,9,0,3
2025-09-22 20:00:00,70,14.3,28.0,41.0,12.4,171.0,7.9,0.0,0,0,0.0,0,20,22,0,9,0,3
2025-09-22 21:00:00,70,13.5,26.7,43.0,9.6,140.0,7.4,0.0,0,0,0.0,0,21,22,0,9,0,0
2025-09-22 22:00:00,69,12.9,25.6,44.0,7.9,120.0,7.1,0.0,0,0,0.0,0,22,22,0,9,0,0
2025-09-22 23:00:00,69,12.4,24.7,45.0,7.0,111.0,6.9,0.0,0,0,0.0,0,23,22,0,9,0,0
2025-09-23 00:00:00,68,12.6,25.3,43.0,7.2,125.0,7.2,0.0,0,0,0.0,0,0,23,1,9,0,0
2025-09-23 01:00:00,68,13.1,25.8,42.0,9.1,185.0,8.4,0.0,0,0,0.0,0,1,23,1,9,0,0
2025-09-23 02:00:00,68,15.3,28.3,42.0,11.5,268.0,10.0,0.0,0,0,0.0,0,2,23,1,9,0,0
2025-09-23 03:00:00,67,16.7,35.5,44.0,12.6,316.0,11.5,0.0,0,0,0.0,0,3,23,1,9,0,0
2025-09-23 04:00:00,67,17.8,43.3,51.0,10.8,292.0,12.6,0.0,0,0,0.0,0,4,23,1,9,0,0
2025-09-23 05:00:00,67,19.5,49.5,62.0,7.6,233.0,13.5,0.0,0,0,0.0,0,5,23,1,9,0,0
2025-09-23 06:00:00,66,20.8,52.2,69.0,5.2,191.0,13.9,0.0,0,0,0.0,0,6,23,1,9,0,1
2025-09-23 07:00:00,66,20.5,51.3,71.0,4.3,188.0,13.6,0.0,0,0,0.0,0,7,23,1,9,0,1
2025-09-23 08:00:00,66,20.7,51.7,71.0,4.1,201.0,12.8,0.0,0,0,0.0,0,8,23,1,9,0,1
2025-09-23 09:00:00,66,20.4,49.5,69.0,4.5,218.0,12.2,0.0,0,0,0.0,0,9,23,1,9,0,1
2025-09-23 10:00:00,66,19.5,46.8,66.0,4.8,234.0,11.9,0.0,0,0,0.0,0,10,23,1,9,0,2
2025-09-23 11:00:00,65,18.6,43.8,61.0,5.7,253.0,11.8,0.0,0,0,0.0,0,11,23,1,9,0,2
2025-09-23 12:00:00,65,21.1,48.0,56.0,8.2,272.0,12.7,0.0,0,0,0.0,0,12,23,1,9,0,2
2025-09-23 13:00:00,65,20.5,44.1,46.0,14.8,296.0,12.8,0.0,0,0,0.0,0,13,23,1,9,0,2
2025-09-23 14:00:00,65,21.8,39.5,33.0,23.8,320.0,12.9,0.0,0,0,0.0,0,14,23,1,9,0,2
2025-09-23 15:00:00,66,22.8,39.6,24.0,29.6,330.0,12.7,0.0,0,0,0.0,0,15,23,1,9,0,2
2025-09-23 16:00:00,66,22.7,39.0,23.0,29.4,320.0,11.9,0.0,0,0,0.0,0,16,23,1,9,0,2
2025-09-23 17:00:00,67,22.4,39.1,27.0,25.9,296.0,10.7,0.0,0,0,0.0,0,17,23,1,9,0,3
2025-09-23 18:00:00,67,21.5,38.3,31.0,21.9,265.0,9.6,0.0,0,0,0.0,0,18,23,1,9,0,3
2025-09-23 19:00:00,67,20.4,37.4,35.0,17.7,222.0,8.6,0.0,0,0,0.0,0,19,23,1,9,0,3
2025-09-23 20:00:00,68,19.3,36.4,40.0,12.9,172.0,7.6,0.0,0,0,0.0,0,20,23,1,9,0,3
2025-09-23 21:00:00,68,18.3,36.0,44.0,9.3,137.0,7.0,0.0,0,0,0.0,0,21,23,1,9,0,0
2025-09-23 22:00:00,69,17.7,36.1,46.0,7.3,121.0,6.7,0.0,0,0,0.0,0,22,23,1,9,0,0
2025-09-23 23:00:00,69,17.9,37.8,46.0,6.5,119.0,6.8,0.0,0,0,0.0,0,23,23,1,9,0,0
2025-09-24 00:00:00,69,19.0,43.2,46.0,6.9,139.0,7.5,0.0,0,0,0.0,0,0,24,2,9,0,0
2025-09-24 01:00:00,70,19.2,43.3,42.0,11.1,201.0,8.6,0.0,0,0,0.0,0,1,24,2,9,0,0
2025-09-24 02:00:00,70,21.1,45.8,36.0,16.8,285.0,10.1,0.0,0,0,0.0,0,2,24,2,9,0,0
2025-09-24 03:00:00,71,22.2,43.5,35.0,19.7,335.0,11.6,0.0,0,0,0.0,0,3,24,2,9,0,0
2025-09-24 04:00:00,71,21.9,54.5,41.0,17.2,316.0,13.0,0.0,0,0,0.0,0,4,24,2,9,0,0
2025-09-24 05:00:00,72,22.1,58.6,51.0,11.9,262.0,14.3,0.0,0,0,0.0,0,5,24,2,9,0,0
2025-09-24 06:00:00,72,22.9,60.8,59.0,7.8,222.0,15.1,0.0,0,0,0.0,0,6,24,2,9,0,1
2025-09-24 07:00:00,72,25.0,68.7,61.0,6.6,214.0,14.9,0.0,0,0,0.0,0,7,24,2,9,0,1
2025-09-24 08:00:00,72,28.9,82.2,61.0,6.5,221.0,14.0,0.0,0,0,0.0,0,8,24,2,9,0,1
2025-09-24 09:00:00,73,20.8,53.3,60.0,6.9,235.0,13.3,0.0,0,0,0.0,0,9,24,2,9,0,1
2025-09-24 10:00:00,73,20.2,53.4,58.0,6.8,256.0,13.0,0.0,0,0,0.0,0,10,24,2,9,0,2
2025-09-24 11:00:00,73,20.8,56.3,55.0,7.1,285.0,12.7,0.0,0,0,0.0,0,11,24,2,9,0,2
2025-09-24 12:00:00,73,23.7,67.5,53.0,9.0,320.0,13.9,0.0,0,0,0.0,0,12,24,2,9,0,2
2025-09-24 13:00:00,73,23.1,61.2,43.0,15.4,373.0,13.5,0.0,0,0,0.0,0,13,24,2,9,0,2
2025-09-24 14:00:00,74,23.9,51.2,30.0,24.1,432.0,13.0,0.0,0,0,0.0,0,14,24,2,9,0,2
2025-09-24 15:00:00,74,24.6,49.6,21.0,30.3,462.0,12.4,0.0,0,0,0.0,0,15,24,2,9,0,2
2025-09-24 16:00:00,74,24.7,48.9,18.0,31.7,442.0,11.8,0.0,0,0,0.0,0,16,24,2,9,0,2
2025-09-24 17:00:00,74,24.6,48.2,20.0,30.6,394.0,11.2,0.0,0,0,0.0,0,17,24,2,9,0,3
2025-09-24 18:00:00,74,24.2,48.1,22.0,28.2,341.0,10.6,0.0,0,0,0.0,0,18,24,2,9,0,3
2025-09-24 19:00:00,74,23.2,47.3,26.0,24.3,286.0,9.9,0.0,0,0,0.0,0,19,24,2,9,0,3
2025-09-24 20:00:00,75,22.2,46.8,31.0,19.3,226.0,9.1,0.0,0,0,0.0,0,20,24,2,9,0,3
2025-09-24 21:00:00,75,21.5,46.3,35.0,15.3,185.0,8.6,0.0,0,0,0.0,0,21,24,2,9,0,0
2025-09-24 22:00:00,75,21.1,46.2,36.0,13.3,167.0,8.4,0.0,0,0,0.0,0,22,24,2,9,0,0
2025-09-24 23:00:00,75,20.8,46.0,35.0,12.5,166.0,8.4,0.0,0,0,0.0,0,23,24,2,9,0,0
2025-09-25 00:00:00,76,19.8,42.1,37.0,11.3,191.0,8.6,0.0,0,0,0.0,0,0,25,3,9,0,0
2025-09-25 01:00:00,76,20.2,42.1,37.0,12.9,268.0,9.7,0.0,0,0,0.0,0,1,25,3,9,0,0
2025-09-25 02:00:00,76,23.0,46.4,37.0,14.9,370.0,11.4,0.0,0,0,0.0,0,2,25,3,9,0,0
2025-09-25 03:00:00,76,24.8,56.9,40.0,15.7,425.0,13.2,0.0,0,0,0.0,0,3,25,3,9,0,0
2025-09-25 04:00:00,76,24.4,60.5,47.0,13.9,386.0,15.5,0.0,0,0,0.0,0,4,25,3,9,0,0
2025-09-25 05:00:00,76,24.3,63.6,58.0,10.9,300.0,18.1,0.0,0,0,0.0,0,5,25,3,9,0,0
2025-09-25 06:00:00,76,25.2,64.0,66.0,8.4,237.0,19.7,0.0,0,0,0.0,0,6,25,3,9,0,1
2025-09-25 07:00:00,77,25.9,66.1,72.0,7.0,227.0,19.6,0.0,0,0,0.0,0,7,25,3,9,0,1
2025-09-25 08:00:00,77,25.6,64.7,77.0,6.2,240.0,18.5,0.0,0,0,0.0,0,8,25,3,9,0,1
2025-09-25 09:00:00,76,25.9,65.2,78.0,6.1,261.0,17.5,0.0,0,0,0.0,0,9,25,3,9,0,1
2025-09-25 10:00:00,77,24.6,62.6,74.0,6.4,284.0,17.0,0.0,0,0,0.0,0,10,25,3,9,0,2
2025-09-25 11:00:00,77,23.3,59.3,66.0,7.4,315.0,16.7,0.0,0,0,0.0,0,11,25,3,9,0,2
2025-09-25 12:00:00,77,28.6,73.3,59.0,10.9,357.0,17.7,0.0,0,0,0.0,0,12,25,3,9,0,2
2025-09-25 13:00:00,78,28.1,69.2,46.0,19.3,418.0,17.1,0.0,0,0,0.0,0,13,25,3,9,0,2
2025-09-25 14:00:00,78,29.2,60.3,29.0,31.0,488.0,16.4,0.0,0,0,0.0,0,14,25,3,9,0,2
2025-09-25 15:00:00,79,30.4,59.1,15.0,39.8,546.0,15.7,0.0,0,0,0.0,0,15,25,3,9,0,2
2025-09-25 16:00:00,79,31.3,58.3,9.0,43.3,586.0,15.4,0.0,0,0,0.0,0,16,25,3,9,0,2
2025-09-25 17:00:00,80,32.0,58.3,7.0,44.0,613.0,15.2,0.0,0,0,0.0,0,17,25,3,9,0,3
2025-09-25 18:00:00,80,33.1,59.0,7.0,43.6,616.0,14.8,0.0,0,0,0.0,0,18,25,3,9,0,3
2025-09-25 19:00:00,81,33.2,58.0,7.0,42.5,589.0,13.9,0.0,0,0,0.0,0,19,25,3,9,0,3
2025-09-25 20:00:00,82,31.7,56.2,9.0,40.4,538.0,12.7,0.0,0,0,0.0,0,20,25,3,9,0,3
2025-09-25 21:00:00,82,30.2,54.6,11.0,37.4,474.0,11.8,0.0,0,0,0.0,0,21,25,3,9,0,0
2025-09-25 22:00:00,83,29.0,53.6,14.0,33.0,372.0,11.1,0.0,0,0,0.0,0,22,25,3,9,0,0
2025-09-25 23:00:00,84,28.4,53.0,17.0,27.8,256.0,10.6,0.0,0,0,0.0,0,23,25,3,9,0,0
2025-09-26 00:00:00,84,27.6,52.9,20.0,22.1,213.0,9.8,0.0,0,0,0.0,0,0,26,4,9,0,0
2025-09-26 01:00:00,85,28.6,57.7,21.0,21.8,324.0,10.7,0.0,0,0,0.0,0,1,26,4,9,0,0
2025-09-26 02:00:00,86,31.0,60.5,24.0,21.1,507.0,12.2,0.0,0,0,0.0,0,2,26,4,9,0,0
2025-09-26 03:00:00,86,31.0,65.7,31.0,19.5,608.0,14.2,0.0,0,0,0.0,0,3,26,4,9,0,0
2025-09-26 04:00:00,87,32.2,79.6,45.0,15.9,534.0,17.4,0.0,0,0,0.0,0,4,26,4,9,0,0
2025-09-26 05:00:00,87,30.3,73.1,63.0,11.4,377.0,21.2,0.0,0,0,0.0,0,5,26,4,9,0,0
2025-09-26 06:00:00,88,30.4,71.0,81.0,7.8,259.0,23.9,0.0,0,0,0.0,0,6,26,4,9,0,1
2025-09-26 07:00:00,88,31.1,69.8,100.0,5.9,230.0,24.6,0.0,0,0,0.0,0,7,26,4,9,0,1
2025-09-26 08:00:00,89,32.2,69.4,118.0,5.0,240.0,24.2,0.0,0,0,0.0,0,8,26,4,9,0,1
2025-09-26 09:00:00,89,33.1,68.9,127.0,5.2,260.0,23.6,0.0,0,0,0.0,0,9,26,4,9,0,1
2025-09-26 10:00:00,90,33.6,69.4,122.0,6.2,280.0,23.4,0.0,0,0,0.0,0,10,26,4,9,0,2
2025-09-26 11:00:00,90,32.2,66.1,108.0,8.2,310.0,23.0,0.0,0,0,0.0,0,11,26,4,9,0,2
2025-09-26 12:00:00,91,27.4,53.7,93.0,11.4,346.0,23.1,0.0,0,0,0.0,0,12,26,4,9,0,2
2025-09-26 13:00:00,91,25.8,50.1,71.0,20.1,391.0,21.5,0.0,0,0,0.0,0,13,26,4,9,0,2
2025-09-26 14:00:00,91,27.0,45.8,40.0,32.2,441.0,19.2,0.0,0,0,0.0,0,14,26,4,9,0,2
2025-09-26 15:00:00,91,26.8,44.6,16.0,41.3,485.0,17.5,0.0,0,0,0.0,0,15,26,4,9,0,2
2025-09-26 16:00:00,90,27.0,43.4,7.0,45.2,534.0,17.1,0.0,0,0,0.0,0,16,26,4,9,0,2
2025-09-26 17:00:00,90,27.8,43.2,5.0,46.3,577.0,17.2,0.0,0,0,0.0,0,17,26,4,9,0,3
2025-09-26 18:00:00,90,28.9,43.4,6.0,45.1,566.0,16.9,0.0,0,0,0.0,0,18,26,4,9,0,3
2025-09-26 19:00:00,89,28.4,42.0,9.0,41.2,451.0,15.4,0.0,0,0,0.0,0,19,26,4,9,0,3
2025-09-26 20:00:00,89,25.1,38.5,14.0,35.2,282.0,13.5,0.0,0,0,0.0,0,20,26,4,9,0,3
2025-09-26 21:00:00,88,21.6,34.9,19.0,29.1,161.0,11.8,0.0,0,0,0.0,0,21,26,4,9,0,0
2025-09-26 22:00:00,88,19.2,32.8,24.0,22.7,126.0,10.5,0.0,0,0,0.0,0,22,26,4,9,0,0
2025-09-26 23:00:00,87,17.9,32.0,30.0,16.3,138.0,9.5,0.0,0,0,0.0,0,23,26,4,9,0,0
2025-09-27 00:00:00,86,17.8,33.1,32.0,12.7,183.0,9.1,0.0,0,0,0.0,0,0,27,5,9,1,0
2025-09-27 01:00:00,85,18.3,33.9,29.0,16.1,290.0,10.2,0.0,0,0,0.0,0,1,27,5,9,1,0
2025-09-27 02:00:00,85,22.6,38.1,26.0,20.5,430.0,11.8,0.0,0,0,0.0,0,2,27,5,9,1,0
2025-09-27 03:00:00,84,24.9,44.4,31.0,22.4,506.0,14.0,0.0,0,0,0.0,0,3,27,5,9,1,0
2025-09-27 04:00:00,83,24.7,46.8,50.0,19.3,456.0,17.5,0.0,0,0,0.0,0,4,27,5,9,1,0
2025-09-27 05:00:00,83,22.9,42.6,76.0,13.7,342.0,21.6,0.0,0,0,0.0,0,5,27,5,9,1,0
2025-09-27 06:00:00,82,21.4,37.8,98.0,9.2,256.0,24.6,0.0,0,0,0.0,0,6,27,5,9,1,1
2025-09-27 07:00:00,82,19.8,32.6,115.0,6.8,231.0,25.8,0.0,0,0,0.0,0,7,27,5,9,1,1
2025-09-27 08:00:00,81,21.4,33.3,127.0,5.4,234.0,25.9,0.0,0,0,0.0,0,8,27,5,9,1,1
2025-09-27 09:00:00,80,22.2,33.6,131.0,5.5,250.0,25.4,0.0,0,0,0.0,0,9,27,5,9,1,1
2025-09-27 10:00:00,79,22.5,34.0,122.0,6.9,280.0,24.2,0.0,0,0,0.0,0,10,27,5,9,1,2
2025-09-27 11:00:00,78,21.7,33.1,103.0,9.8,324.0,22.4,0.0,0,0,0.0,0,11,27,5,9,1,2
2025-09-27 12:00:00,77,21.4,31.8,97.0,14.4,366.0,23.3,0.0,0,0,0.0,0,12,27,5,9,1,2
2025-09-27 13:00:00,77,21.8,32.4,73.0,22.4,411.0,21.1,0.0,0,0,0.0,0,13,27,5,9,1,2
2025-09-27 14:00:00,77,23.9,33.4,41.0,33.5,455.0,17.9,0.0,0,0,0.0,0,14,27,5,9,1,2
2025-09-27 15:00:00,76,23.7,33.5,17.0,41.4,470.0,15.5,0.0,0,0,0.0,0,15,27,5,9,1,2
2025-09-27 16:00:00,76,23.6,33.5,9.0,44.0,438.0,14.6,0.0,0,0,0.0,0,16,27,5,9,1,2
2025-09-27 17:00:00,76,24.1,33.6,9.0,43.4,377.0,14.4,0.0,0,0,0.0,0,17,27,5,9,1,3
2025-09-27 18:00:00,75,24.0,33.3,12.0,40.1,315.0,13.7,0.0,0,0,0.0,0,18,27,5,9,1,3
2025-09-27 19:00:00,75,21.9,31.1,19.0,32.5,253.0,11.9,0.0,0,0,0.0,0,19,27,5,9,1,3
2025-09-27 20:00:00,75,19.2,28.3,28.0,22.1,189.0,9.6,0.0,0,0,0.0,0,20,27,5,9,1,3
2025-09-27 21:00:00,74,17.3,26.7,36.0,14.1,146.0,7.9,0.0,0,0,0.0,0,21,27,5,9,1,0
2025-09-27 22:00:00,74,16.3,25.4,39.0,10.5,132.0,7.3,0.0,0,0,0.0,0,22,27,5,9,1,0
2025-09-27 23:00:00,74,15.8,24.9,39.0,9.2,140.0,7.4,0.0,0,0,0.0,0,23,27,5,9,1,0
2025-09-28 00:00:00,73,16.3,25.1,36.0,10.6,163.0,8.1,0.0,0,0,0.0,0,0,28,6,9,1,0
2025-09-28 01:00:00,73,17.1,26.0,33.0,13.7,216.0,8.8,0.0,0,0,0.0,0,1,28,6,9,1,0
2025-09-28 02:00:00,73,20.5,29.6,31.0,17.9,285.0,10.0,0.0,0,0,0.0,0,2,28,6,9,1,0
2025-09-28 03:00:00,73,21.8,32.6,35.0,20.1,327.0,12.1,0.0,0,0,0.0,0,3,28,6,9,1,0
2025-09-28 04:00:00,73,22.4,34.5,51.0,18.5,316.0,16.2,0.0,0,0,0.0,0,4,28,6,9,1,0
2025-09-28 05:00:00,73,22.6,35.3,74.0,14.9,279.0,21.3,0.0,0,0,0.0,0,5,28,6,9,1,0
2025-09-28 06:00:00,73,23.1,36.1,95.0,11.7,250.0,24.7,0.0,0,0,0.0,0,6,28,6,9,1,1
2025-09-28 07:00:00,73,25.0,37.8,114.0,9.2,241.0,25.2,0.0,0,0,0.0,0,7,28,6,9,1,1
2025-09-28 08:00:00,73,26.5,39.8,131.0,7.0,241.0,24.1,0.0,0,0,0.0,0,8,28,6,9,1,1
2025-09-28 09:00:00,73,26.8,40.6,137.0,6.5,252.0,22.6,0.0,0,0,0.0,0,9,28,6,9,1,1
2025-09-28 10:00:00,74,26.9,41.8,126.0,8.3,281.0,21.0,0.0,0,0,0.0,0,10,28,6,9,1,2
2025-09-28 11:00:00,74,26.3,44.1,105.0,11.9,321.0,19.1,0.0,0,0,0.0,0,11,28,6,9,1,2
2025-09-28 12:00:00,75,29.9,54.1,92.0,17.4,356.0,18.6,0.0,0,0,0.0,0,12,28,6,9,1,2
2025-09-28 13:00:00,75,31.9,59.1,72.0,22.2,389.0,16.9,0.0,0,0,0.0,0,13,28,6,9,1,2
2025-09-28 14:00:00,76,33.2,66.6,44.0,28.8,418.0,14.4,0.0,0,0,0.0,0,14,28,6,9,1,2
2025-09-28 15:00:00,77,33.9,75.9,25.0,32.7,419.0,12.4,0.0,0,0,0.0,0,15,28,6,9,1,2
2025-09-28 16:00:00,78,34.6,76.4,21.0,32.0,371.0,11.3,0.0,0,0,0.0,0,16,28,6,9,1,2
2025-09-28 17:00:00,78,34.5,72.4,25.0,28.6,296.0,10.7,0.0,0,0,0.0,0,17,28,6,9,1,3
2025-09-28 18:00:00,79,32.7,68.0,31.0,24.2,231.0,9.8,0.0,0,0,0.0,0,18,28,6,9,1,3
2025-09-28 19:00:00,80,29.6,62.4,37.0,18.4,190.0,8.2,0.0,0,0,0.0,0,19,28,6,9,1,3
2025-09-28 20:00:00,81,27.2,60.1,44.0,11.7,160.0,6.5,0.0,0,0,0.0,0,20,28,6,9,1,3
2025-09-28 21:00:00,81,26.7,61.0,49.0,6.9,143.0,5.3,0.0,0,0,0.0,0,21,28,6,9,1,0
2025-09-28 22:00:00,82,26.8,62.2,49.0,5.1,122.0,4.9,0.0,0,0,0.0,0,22,28,6,9,1,0
2025-09-28 23:00:00,83,26.8,61.5,46.0,5.4,114.0,5.2,0.0,0,0,0.0,0,23,28,6,9,1,0
2025-09-29 00:00:00,84,25.7,58.3,41.0,8.5,178.0,6.9,0.0,0,0,0.0,0,0,29,0,9,0,0
2025-09-29 01:00:00,84,25.8,55.1,35.0,14.7,399.0,8.4,0.0,0,0,0.0,0,1,29,0,9,0,0
2025-09-29 02:00:00,85,28.2,52.7,28.0,23.2,691.0,10.5,0.0,0,0,0.0,0,2,29,0,9,0,0
2025-09-29 03:00:00,86,31.7,49.8,35.0,27.9,862.0,12.9,0.0,0,0,0.0,0,3,29,0,9,0,0
2025-09-29 04:00:00,86,30.7,44.4,70.0,25.7,793.0,15.9,0.0,0,0,0.0,0,4,29,0,9,0,0
2025-09-29 05:00:00,87,29.4,37.8,119.0,19.8,603.0,19.2,0.0,0,0,0.0,0,5,29,0,9,0,0
2025-09-29 06:00:00,88,27.5,34.0,156.0,14.4,449.0,20.7,0.0,0,0,0.0,0,6,29,0,9,0,1
2025-09-29 07:00:00,88,24.8,32.2,169.0,9.7,382.0,18.9,0.0,0,0,0.0,0,7,29,0,9,0,1
2025-09-29 08:00:00,88,22.1,28.8,170.0,5.5,351.0,15.5,0.0,0,0,0.0,0,8,29,0,9,0,1
2025-09-29 09:00:00,88,20.4,25.8,165.0,4.6,363.0,13.3,0.0,0,0,0.0,0,9,29,0,9,0,1
2025-09-29 10:00:00,87,20.1,24.4,155.0,8.3,425.0,13.7,0.0,0,0,0.0,0,10,29,0,9,0,2
2025-09-29 11:00:00,88,23.2,28.8,138.0,15.4,530.0,15.3,0.0,0,0,0.0,0,11,29,0,9,0,2
2025-09-29 12:00:00,109,25.3,29.6,127.0,17.2,663.0,10.8,0.0,0,0,0.0,0,12,29,0,9,0,2
2025-09-29 13:00:00,122,36.8,39.7,97.0,35.3,865.0,14.2,0.0,0,0,0.0,0,13,29,0,9,0,2
2025-09-29 14:00:00,117,47.3,51.6,56.0,60.0,1094.0,19.0,0.0,0,0,0.0,0,14,29,0,9,0,2
2025-09-29 15:00:00,96,52.0,56.5,25.0,76.4,1211.0,22.8,0.0,0,0,0.0,0,15,29,0,9,0,2
2025-09-29 16:00:00,89,52.2,56.6,16.0,76.3,1114.0,25.0,0.0,0,0,0.0,0,16,29,0,9,0,2
2025-09-29 17:00:00,90,53.3,58.8,18.0,68.0,905.0,26.1,0.0,0,0,0.0,0,17,29,0,9,0,3
2025-09-29 18:00:00,92,51.5,56.5,20.0,61.2,744.0,26.0,0.0,0,0,0.0,0,18,29,0,9,0,3
2025-09-29 19:00:00,93,39.2,44.4,18.0,59.8,712.0,23.6,0.0,0,0,0.0,0,19,29,0,9,0,3
2025-09-29 20:00:00,94,36.9,43.0,15.0,60.0,729.0,19.9,0.0,0,0,0.0,0,20,29,0,9,0,3
2025-09-29 21:00:00,95,37.1,43.1,13.0,60.2,719.0,17.3,0.0,0,0,0.0,0,21,29,0,9,0,0
2025-09-29 22:00:00,96,36.0,40.9,10.0,60.3,599.0,16.8,0.0,0,0,0.0,0,22,29,0,9,0,0
2025-09-29 23:00:00,96,34.9,38.9,7.0,60.5,451.0,17.3,0.0,0,0,0.0,0,23,29,0,9,0,0
2025-09-30 00:00:00,97,42.3,47.6,11.0,54.1,447.0,16.4,0.0,0,0,0.0,0,0,30,1,9,0,0
2025-09-30 01:00:00,98,38.0,43.2,12.0,54.1,763.0,18.1,0.0,0,0,0.0,0,1,30,1,9,0,0
2025-09-30 02:00:00,99,36.3,43.2,16.0,53.5,1221.0,20.5,0.0,0,0,0.0,0,2,30,1,9,0,0
2025-09-30 03:00:00,100,36.3,47.6,30.0,48.7,1463.0,21.4,0.0,0,0,0.0,0,3,30,1,9,0,0
2025-09-30 04:00:00,100,30.5,67.1,66.0,35.5,1267.0,19.9,0.0,0,0,0.0,0,4,30,1,9,0,0
2025-09-30 05:00:00,100,31.8,96.2,114.0,18.0,853.0,17.0,0.0,0,0,0.0,0,5,30,1,9,0,0
2025-09-30 06:00:00,100,29.2,87.8,146.0,5.4,526.0,14.2,0.0,0,0,0.0,0,6,30,1,9,0,1
2025-09-30 07:00:00,101,22.7,59.8,150.0,1.7,387.0,11.5,0.0,0,0,0.0,0,7,30,1,9,0,1
2025-09-30 08:00:00,100,18.9,40.5,139.0,2.9,334.0,9.0,0.0,0,0,0.0,0,8,30,1,9,0,1
2025-09-30 09:00:00,100,16.4,28.1,128.0,5.2,361.0,7.7,0.0,0,0,0.0,0,9,30,1,9,0,1
2025-09-30 10:00:00,100,15.5,21.5,124.0,6.3,485.0,8.4,0.0,0,0,0.0,0,10,30,1,9,0,2
2025-09-30 11:00:00,99,16.1,17.6,119.0,8.5,689.0,10.5,0.0,0,0,0.0,0,11,30,1,9,0,2
2025-09-30 12:00:00,99,25.9,26.3,108.0,11.8,922.0,9.1,0.0,0,0,0.0,0,12,30,1,9,0,2
2025-09-30 13:00:00,99,25.9,26.1,91.0,20.9,1251.0,10.5,0.0,0,0,0.0,0,13,30,1,9,0,2
2025-09-30 14:00:00,98,30.4,30.5,67.0,33.2,1609.0,12.4,0.0,0,0,0.0,0,14,30,1,9,0,2
2025-09-30 15:00:00,97,32.4,32.5,50.0,40.8,1745.0,13.5,0.0,0,0,0.0,0,15,30,1,9,0,2
2025-09-30 16:00:00,95,32.0,32.1,47.0,39.4,1465.0,13.0,0.0,0,0,0.0,0,16,30,1,9,0,2
2025-09-30 17:00:00,94,30.5,30.6,50.0,33.2,964.0,11.8,0.0,0,0,0.0,0,17,30,1,9,0,3
2025-09-30 18:00:00,92,28.7,28.8,53.0,27.3,576.0,10.5,0.0,0,0,0.0,0,18,30,1,9,0,3
2025-09-30 19:00:00,90,26.9,27.0,53.0,23.0,449.0,9.4,0.0,0,0,0.0,0,19,30,1,9,0,3
2025-09-30 20:00:00,89,24.8,24.9,53.0,18.9,436.0,8.3,0.0,0,0,0.0,0,20,30,1,9,0,3
2025-09-30 21:00:00,88,23.1,23.2,51.0,16.2,424.0,7.7,0.0,0,0,0.0,0,21,30,1,9,0,0
2025-09-30 22:00:00,87,22.1,22.2,47.0,15.2,349.0,8.0,0.0,0,0,0.0,0,22,30,1,9,0,0
2025-09-30 23:00:00,86,21.7,21.7,42.0,15.6,277.0,8.8,0.0,0,0,0.0,0,23,30,1,9,0,0
2025-10-01 00:00:00,85,18.8,18.9,44.0,14.0,290.0,9.1,0.0,0,0,0.0,0,0,1,2,10,0,0
2025-10-01 01:00:00,83,19.3,19.4,41.0,18.1,490.0,10.0,0.0,0,0,0.0,0,1,1,2,10,0,0
2025-10-01 02:00:00,81,22.2,22.4,37.0,23.5,775.0,11.3,0.0,0,0,0.0,0,2,1,2,10,0,0
2025-10-01 03:00:00,80,22.2,22.3,43.0,25.4,928.0,12.3,0.0,0,0,0.0,0,3,1,2,10,0,0
2025-10-01 04:00:00,79,14.8,15.0,68.0,20.3,813.0,12.7,0.0,0,0,0.0,0,4,1,2,10,0,0
2025-10-01 05:00:00,78,11.7,12.5,102.0,11.7,565.0,12.8,0.0,0,0,0.0,0,5,1,2,10,0,0
2025-10-01 06:00:00,76,11.0,12.9,127.0,5.2,377.0,12.4,0.0,0,0,0.0,0,6,1,2,10,0,1
2025-10-01 07:00:00,75,10.4,12.5,135.0,3.1,319.0,11.1,0.0,0,0,0.0,0,7,1,2,10,0,1
2025-10-01 08:00:00,74,9.7,11.5,134.0,3.1,320.0,9.2,0.0,0,0,0.0,0,8,1,2,10,0,1
2025-10-01 09:00:00,73,9.2,10.6,131.0,3.7,358.0,7.8,0.0,0,0,0.0,0,9,1,2,10,0,1
2025-10-01 10:00:00,73,8.7,9.9,128.0,4.2,434.0,7.2,0.0,0,0,0.0,0,10,1,2,10,0,2
2025-10-01 11:00:00,72,8.2,9.2,122.0,5.3,548.0,7.0,0.0,0,0,0.0,0,11,1,2,10,0,2
2025-10-01 12:00:00,72,14.5,17.3,106.0,7.8,676.0,6.5,0.0,0,0,0.0,0,12,1,2,10,0,2
2025-10-01 13:00:00,76,17.0,19.0,95.0,10.6,840.0,6.9,0.0,0,0,0.0,0,13,1,2,10,0,2
2025-10-01 14:00:00,75,17.6,19.4,80.0,14.5,1018.0,7.5,0.0,0,0,0.0,0,14,1,2,10,0,2
2025-10-01 15:00:00,69,17.1,18.7,67.0,17.2,1122.0,7.9,0.0,0,0,0.0,0,15,1,2,10,0,2
2025-10-01 16:00:00,68,16.2,17.8,59.0,17.9,1105.0,8.2,0.0,0,0,0.0,0,16,1,2,10,0,2
2025-10-01 17:00:00,67,15.4,16.7,54.0,17.6,1013.0,8.3,0.0,0,0,0.0,0,17,1,2,10,0,3
2025-10-01 18:00:00,65,14.2,15.4,51.0,16.5,899.0,8.2,0.0,0,0,0.0,0,18,1,2,10,0,3
2025-10-01 19:00:00,64,12.6,13.9,51.0,14.3,761.0,7.5,0.0,0,0,0.0,0,19,1,2,10,0,3
2025-10-01 20:00:00,63,11.3,12.9,52.0,11.3,600.0,6.6,0.0,0,0,0.0,0,20,1,2,10,0,3
2025-10-01 21:00:00,62,11.0,13.0,52.0,9.5,469.0,6.2,0.0,0,0,0.0,0,21,1,2,10,0,0
2025-10-01 22:00:00,61,11.4,13.4,48.0,9.5,352.0,6.6,0.0,0,0,0.0,0,22,1,2,10,0,0
2025-10-01 23:00:00,60,11.5,13.4,43.0,10.6,265.0,7.6,0.0,0,0,0.0,0,23,1,2,10,0,0
2025-10-02 00:00:00,59,12.6,14.3,36.0,13.6,310.0,8.3,0.0,0,0,0.0,0,0,2,3,10,0,0
2025-10-02 01:00:00,59,13.3,15.2,35.0,17.5,638.0,9.5,0.0,0,0,0.0,0,1,2,3,10,0,0
2025-10-02 02:00:00,58,16.4,18.5,34.0,22.7,1097.0,11.1,0.0,0,0,0.0,0,2,2,3,10,0,0
2025-10-02 03:00:00,58,18.4,21.5,40.0,24.4,1333.0,12.0,0.0,0,0,0.0,0,3,2,3,10,0,0
2025-10-02 04:00:00,58,15.1,21.7,60.0,19.4,1116.0,11.6,0.0,0,0,0.0,0,4,2,3,10,0,0
2025-10-02 05:00:00,58,13.1,19.3,86.0,10.9,676.0,10.5,0.0,0,0,0.0,0,5,2,3,10,0,0
2025-10-02 06:00:00,58,12.1,17.4,105.0,4.6,344.0,9.4,0.0,0,0,0.0,0,6,2,3,10,0,1
2025-10-02 07:00:00,58,11.2,15.9,111.0,2.7,262.0,8.3,0.0,0,0,0.0,0,7,2,3,10,0,1
2025-10-02 08:00:00,58,10.3,14.8,110.0,2.9,289.0,7.2,0.0,0,0,0.0,0,8,2,3,10,0,1
2025-10-02 09:00:00,58,9.5,14.1,106.0,3.6,332.0,6.4,0.0,0,0,0.0,0,9,2,3,10,0,1
2025-10-02 10:00:00,58,8.7,13.2,101.0,4.3,361.0,6.1,0.0,0,0,0.0,0,10,2,3,10,0,2
2025-10-02 11:00:00,58,8.4,12.6,95.0,5.5,406.0,6.2,0.0,0,0,0.0,0,11,2,3,10,0,2
2025-10-02 12:00:00,58,10.6,15.9,86.0,7.6,462.0,6.6,0.0,0,0,0.0,0,12,2,3,10,0,2
2025-10-02 13:00:00,58,11.5,15.5,77.0,10.8,548.0,7.1,0.0,0,0,0.0,0,13,2,3,10,0,2
2025-10-02 14:00:00,57,13.4,16.1,65.0,15.0,646.0,7.9,0.0,0,0,0.0,0,14,2,3,10,0,2
2025-10-02 15:00:00,57,12.7,14.8,57.0,17.5,698.0,8.4,0.0,0,0,0.0,0,15,2,3,10,0,2
2025-10-02 16:00:00,57,11.6,13.3,56.0,16.6,672.0,8.5,0.0,0,0,0.0,0,16,2,3,10,0,2
2025-10-02 17:00:00,56,10.7,12.1,58.0,14.0,601.0,8.3,0.0,0,0,0.0,0,17,2,3,10,0,3
2025-10-02 18:00:00,56,9.8,10.9,61.0,11.4,525.0,8.0,0.0,0,0,0.0,0,18,2,3,10,0,3
2025-10-02 19:00:00,56,8.6,9.4,63.0,9.3,450.0,7.4,0.0,0,0,0.0,0,19,2,3,10,0,3
2025-10-02 20:00:00,55,7.5,8.1,65.0,7.3,369.0,6.6,0.0,0,0,0.0,0,20,2,3,10,0,3
2025-10-02 21:00:00,55,7.1,7.8,65.0,6.0,308.0,6.1,0.0,0,0,0.0,0,21,2,3,10,0,0
2025-10-02 22:00:00,55,7.0,7.6,63.0,5.7,259.0,6.0,0.0,0,0,0.0,0,22,2,3,10,0,0
2025-10-02 23:00:00,54,7.1,7.8,60.0,6.0,230.0,6.3,0.0,0,0,0.0,0,23,2,3,10,0,0
2025-10-03 00:00:00,54,7.0,8.0,58.0,7.2,260.0,6.6,0.0,0,0,0.0,0,0,3,4,10,0,0
2025-10-03 01:00:00,54,7.1,8.2,53.0,10.4,419.0,7.2,0.0,0,0,0.0,0,1,3,4,10,0,0
2025-10-03 02:00:00,53,8.3,9.8,47.0,14.6,638.0,7.9,0.0,0,0,0.0,0,2,3,4,10,0,0
2025-10-03 03:00:00,52,9.1,12.5,45.0,16.5,754.0,8.6,0.0,0,0,0.0,0,3,3,4,10,0,0
2025-10-03 04:00:00,52,9.7,14.0,53.0,13.9,663.0,9.0,0.0,0,0,0.0,0,4,3,4,10,0,0
2025-10-03 05:00:00,51,9.3,14.8,65.0,9.0,469.0,9.4,0.0,0,0,0.0,0,5,3,4,10,0,0
2025-10-03 06:00:00,51,9.0,14.5,75.0,5.4,325.0,9.5,0.0,0,0,0.0,0,6,3,4,10,0,1
2025-10-03 07:00:00,51,8.7,13.9,79.0,4.4,291.0,9.4,0.0,0,0,0.0,0,7,3,4,10,0,1
2025-10-03 08:00:00,51,8.0,12.7,80.0,4.7,307.0,9.1,0.0,0,0,0.0,0,8,3,4,10,0,1
2025-10-03 09:00:00,50,7.5,11.6,79.0,5.7,349.0,8.9,0.0,0,0,0.0,0,9,3,4,10,0,1
2025-10-03 10:00:00,50,7.7,11.1,77.0,7.4,421.0,9.1,0.0,0,0,0.0,0,10,3,4,10,0,2
2025-10-03 11:00:00,50,8.1,11.2,74.0,9.8,519.0,9.5,0.0,0,0,0.0,0,11,3,4,10,0,2
2025-10-03 12:00:00,50,11.2,17.4,57.0,15.0,612.0,9.0,0.0,0,0,0.0,0,12,3,4,10,0,2
2025-10-03 13:00:00,50,12.5,17.7,52.0,16.5,706.0,8.5,0.0,0,0,0.0,0,13,3,4,10,0,2
2025-10-03 14:00:00,50,12.7,17.8,46.0,18.4,795.0,7.8,0.0,0,0,0.0,0,14,3,4,10,0,2
2025-10-03 15:00:00,50,12.5,17.6,41.0,19.3,833.0,7.2,0.0,0,0,0.0,0,15,3,4,10,0,2
2025-10-03 16:00:00,50,12.4,17.4,39.0,18.4,793.0,6.9,0.0,0,0,0.0,0,16,3,4,10,0,2
2025-10-03 17:00:00,50,12.4,17.3,39.0,16.5,703.0,6.8,0.0,0,0,0.0,0,17,3,4,10,0,3
2025-10-03 18:00:00,50,12.7,17.5,40.0,14.5,600.0,6.6,0.0,0,0,0.0,0,18,3,4,10,0,3
2025-10-03 19:00:00,51,12.3,16.9,41.0,12.3,481.0,6.2,0.0,0,0,0.0,0,19,3,4,10,0,3
2025-10-03 20:00:00,51,11.7,16.2,44.0,9.9,350.0,5.9,0.0,0,0,0.0,0,20,3,4,10,0,3
2025-10-03 21:00:00,51,11.3,15.7,45.0,8.2,256.0,5.7,0.0,0,0,0.0,0,21,3,4,10,0,0
2025-10-03 22:00:00,52,11.1,15.4,45.0,7.2,192.0,5.8,0.0,0,0,0.0,0,22,3,4,10,0,0
2025-10-03 23:00:00,52,10.9,15.4,45.0,6.9,165.0,6.2,0.0,0,0,0.0,0,23,3,4,10,0,0
2025-10-04 00:00:00,52,9.3,12.0,47.0,7.9,247.0,6.6,0.0,0,0,0.0,0,0,4,5,10,1,0
2025-10-04 01:00:00,52,9.9,12.5,42.0,12.5,564.0,7.7,0.0,0,0,0.0,0,1,4,5,10,1,0
2025-10-04 02:00:00,53,12.4,15.3,36.0,18.6,989.0,9.3,0.0,0,0,0.0,0,2,4,5,10,1,0
2025-10-04 03:00:00,53,13.6,19.1,34.0,21.9,1214.0,11.0,0.0,0,0,0.0,0,3,4,5,10,1,0
2025-10-04 04:00:00,53,14.6,23.2,40.0,19.7,1040.0,12.9,0.0,0,0,0.0,0,4,4,5,10,1,0
2025-10-04 05:00:00,54,14.6,25.6,50.0,14.7,667.0,14.9,0.0,0,0,0.0,0,5,4,5,10,1,0
2025-10-04 06:00:00,54,14.9,26.6,59.0,10.6,380.0,16.0,0.0,0,0,0.0,0,6,4,5,10,1,1
2025-10-04 07:00:00,54,15.0,26.8,65.0,8.5,298.0,15.3,0.0,0,0,0.0,0,7,4,5,10,1,1
2025-10-04 08:00:00,55,13.9,24.6,69.0,7.3,302.0,13.6,0.0,0,0,0.0,0,8,4,5,10,1,1
2025-10-04 09:00:00,55,13.0,22.4,70.0,7.1,329.0,12.5,0.0,0,0,0.0,0,9,4,5,10,1,1
2025-10-04 10:00:00,56,12.0,20.1,68.0,7.6,362.0,12.7,0.0,0,0,0.0,0,10,4,5,10,1,2
2025-10-04 11:00:00,56,11.8,18.9,63.0,9.2,417.0,13.5,0.0,0,0,0.0,0,11,4,5,10,1,2
2025-10-04 12:00:00,57,12.1,18.7,66.0,10.2,478.0,12.5,0.0,0,0,0.0,0,12,4,5,10,1,2
2025-10-04 13:00:00,57,14.6,19.6,51.0,19.1,562.0,12.7,0.0,0,0,0.0,0,13,4,5,10,1,2
2025-10-04 14:00:00,57,17.7,22.1,31.0,31.2,652.0,13.0,0.0,0,0,0.0,0,14,4,5,10,1,2
2025-10-04 15:00:00,57,18.1,22.5,17.0,38.9,686.0,12.9,0.0,0,0,0.0,0,15,4,5,10,1,2
2025-10-04 16:00:00,58,17.8,22.4,15.0,38.4,619.0,12.3,0.0,0,0,0.0,0,16,4,5,10,1,2
2025-10-04 17:00:00,58,17.1,21.8,19.0,33.4,497.0,11.4,0.0,0,0,0.0,0,17,4,5,10,1,3
2025-10-04 18:00:00,58,16.3,21.1,24.0,27.9,389.0,10.4,0.0,0,0,0.0,0,18,4,5,10,1,3
2025-10-04 19:00:00,59,14.9,19.5,30.0,22.3,313.0,9.1,0.0,0,0,0.0,0,19,4,5,10,1,3
2025-10-04 20:00:00,59,13.0,17.3,38.0,16.1,251.0,7.7,0.0,0,0,0.0,0,20,4,5,10,1,3
2025-10-04 21:00:00,59,11.6,15.8,43.0,11.8,225.0,6.8,0.0,0,0,0.0,0,21,4,5,10,1,0
2025-10-04 22:00:00,59,11.2,15.4,43.0,10.4,253.0,6.5,0.0,0,0,0.0,0,22,4,5,10,1,0
2025-10-04 23:00:00,59,11.5,15.5,42.0,10.8,315.0,6.6,0.0,0,0,0.0,0,23,4,5,10,1,0
2025-10-05 00:00:00,59,12.4,16.5,44.0,11.2,376.0,7.3,0.0,0,0,0.0,0,0,5,6,10,1,0
2025-10-05 01:00:00,59,13.8,18.3,46.0,13.6,437.0,9.5,0.0,0,0,0.0,0,1,5,6,10,1,0
2025-10-05 02:00:00,60,18.3,23.5,48.0,16.7,496.0,12.4,0.0,0,0,0.0,0,2,5,6,10,1,0
2025-10-05 03:00:00,60,18.2,25.0,54.0,17.7,512.0,14.7,0.0,0,0,0.0,0,3,5,6,10,1,0
2025-10-05 04:00:00,60,17.1,24.6,65.0,14.5,447.0,15.7,0.0,0,0,0.0,0,4,5,6,10,1,0
2025-10-05 05:00:00,61,16.6,24.1,79.0,9.2,339.0,16.0,0.0,0,0,0.0,0,5,5,6,10,1,0
2025-10-05 06:00:00,61,16.9,24.4,89.0,5.2,257.0,15.7,0.0,0,0,0.0,0,6,5,6,10,1,1
2025-10-05 07:00:00,61,15.5,22.5,92.0,3.7,229.0,14.6,0.0,0,0,0.0,0,7,5,6,10,1,1
2025-10-05 08:00:00,61,14.6,21.5,91.0,3.5,227.0,13.0,0.0,0,0,0.0,0,8,5,6,10,1,1
2025-10-05 09:00:00,61,14.0,21.1,88.0,3.9,236.0,11.8,0.0,0,0,0.0,0,9,5,6,10,1,1
2025-10-05 10:00:00,61,14.0,21.8,82.0,4.7,253.0,11.5,0.0,0,0,0.0,0,10,5,6,10,1,2
2025-10-05 11:00:00,61,13.4,21.4,74.0,6.3,281.0,11.6,0.0,0,0,0.0,0,11,5,6,10,1,2
2025-10-05 12:00:00,61,11.5,18.2,67.0,8.7,309.0,12.4,0.0,0,0,0.0,0,12,5,6,10,1,2
2025-10-05 13:00:00,61,12.3,19.6,58.0,13.7,340.0,12.0,0.0,0,0,0.0,0,13,5,6,10,1,2
2025-10-05 14:00:00,61,15.1,22.0,47.0,20.4,372.0,11.5,0.0,0,0,0.0,0,14,5,6,10,1,2
2025-10-05 15:00:00,61,15.8,23.5,39.0,24.5,380.0,10.8,0.0,0,0,0.0,0,15,5,6,10,1,2
2025-10-05 16:00:00,61,15.7,23.9,39.0,23.6,350.0,9.9,0.0,0,0,0.0,0,16,5,6,10,1,2
2025-10-05 17:00:00,61,15.4,24.6,43.0,20.1,296.0,8.9,0.0,0,0,0.0,0,17,5,6,10,1,3
2025-10-05 18:00:00,60,15.5,25.7,47.0,16.5,247.0,8.0,0.0,0,0,0.0,0,18,5,6,10,1,3
2025-10-05 19:00:00,60,15.7,27.0,51.0,13.2,208.0,7.3,0.0,0,0,0.0,0,19,5,6,10,1,3
2025-10-05 20:00:00,60,15.5,27.5,56.0,9.8,172.0,6.7,0.0,0,0,0.0,0,20,5,6,10,1,3
2025-10-05 21:00:00,61,15.6,28.0,59.0,7.2,148.0,6.2,0.0,0,0,0.0,0,21,5,6,10,1,0
2025-10-05 22:00:00,61,15.7,28.0,61.0,5.5,135.0,5.8,0.0,0,0,0.0,0,22,5,6,10,1,0
2025-10-05 23:00:00,61,15.7,27.8,62.0,4.7,134.0,5.6,0.0,0,0,0.0,0,23,5,6,10,1,0
2025-10-06 00:00:00,62,16.1,27.0,64.0,4.6,151.0,5.9,0.0,0,0,0.0,0,0,6,0,10,0,0
2025-10-06 01:00:00,62,16.3,28.2,62.0,7.2,206.0,6.8,0.0,0,0,0.0,0,1,6,0,10,0,0
2025-10-06 02:00:00,62,18.6,37.6,60.0,10.6,280.0,8.0,0.0,0,0,0.0,0,2,6,0,10,0,0
2025-10-06 03:00:00,62,23.2,64.5,63.0,12.3,323.0,9.1,0.0,0,0,0.0,0,3,6,0,10,0,0
2025-10-06 04:00:00,63,30.5,125.3,75.0,10.4,303.0,10.0,0.0,0,0,0.0,0,4,6,0,10,0,0
2025-10-06 05:00:00,64,39.0,184.9,91.0,6.7,252.0,10.8,0.0,0,0,0.0,0,5,6,0,10,0,0
2025-10-06 06:00:00,65,45.4,223.1,105.0,3.9,215.0,11.4,0.0,0,0,0.0,0,6,6,0,10,0,1
2025-10-06 07:00:00,68,49.9,243.1,113.0,3.1,206.0,11.6,0.0,0,0,0.0,0,7,6,0,10,0,1
2025-10-06 08:00:00,70,51.6,244.0,118.0,3.3,210.0,11.5,0.0,0,0,0.0,0,8,6,0,10,0,1
2025-10-06 09:00:00,73,51.5,231.0,119.0,4.2,227.0,11.4,0.0,0,0,0.0,0,9,6,0,10,0,1
2025-10-06 10:00:00,76,49.9,209.5,115.0,6.1,258.0,11.4,0.0,0,0,0.0,0,10,6,0,10,0,2
2025-10-06 11:00:00,79,49.5,193.7,106.0,8.9,302.0,11.3,0.0,0,0,0.0,0,11,6,0,10,0,2
2025-10-06 12:00:00,82,56.6,209.1,97.0,12.7,353.0,12.2,0.0,0,0,0.0,0,12,6,0,10,0,2
2025-10-06 13:00:00,85,56.5,185.8,89.0,14.7,428.0,11.0,0.0,0,0,0.0,0,13,6,0,10,0,2
2025-10-06 14:00:00,89,51.3,164.4,78.0,17.2,510.0,9.4,0.0,0,0,0.0,0,14,6,0,10,0,2
2025-10-06 15:00:00,92,42.1,132.7,68.0,18.3,539.0,8.1,0.0,0,0,0.0,0,15,6,0,10,0,2
2025-10-06 16:00:00,94,32.8,98.5,62.0,16.5,472.0,7.4,0.0,0,0,0.0,0,16,6,0,10,0,2
2025-10-06 17:00:00,95,25.7,70.8,58.0,13.1,352.0,7.0,0.0,0,0,0.0,0,17,6,0,10,0,3
2025-10-06 18:00:00,96,21.2,52.9,55.0,10.1,252.0,6.6,0.0,0,0,0.0,0,18,6,0,10,0,3
2025-10-06 19:00:00,96,18.5,42.7,53.0,7.9,199.0,6.1,0.0,0,0,0.0,0,19,6,0,10,0,3
2025-10-06 20:00:00,97,16.9,39.2,53.0,6.1,167.0,5.6,0.0,0,0,0.0,0,20,6,0,10,0,3
2025-10-06 21:00:00,97,16.5,40.7,53.0,4.9,147.0,5.4,0.0,0,0,0.0,0,21,6,0,10,0,0
2025-10-06 22:00:00,97,16.8,45.1,54.0,4.1,104.0,5.3,0.0,0,0,0.0,0,22,6,0,10,0,0
2025-10-06 23:00:00,97,18.0,52.4,55.0,3.9,74.0,5.4,0.0,0,0,0.0,0,23,6,0,10,0,0
2025-10-07 00:00:00,97,18.9,61.5,54.0,4.8,160.0,6.0,0.0,0,0,0.0,0,0,7,1,10,0,0
2025-10-07 01:00:00,97,20.5,64.0,49.0,10.9,506.0,7.3,0.0,0,0,0.0,0,1,7,1,10,0,0
2025-10-07 02:00:00,98,25.5,76.8,42.0,19.1,969.0,9.3,0.0,0,0,0.0,0,2,7,1,10,0,0
2025-10-07 03:00:00,98,31.5,104.5,44.0,23.4,1223.0,11.7,0.0,0,0,0.0,0,3,7,1,10,0,0
2025-10-07 04:00:00,99,36.4,166.7,61.0,20.0,1064.0,14.9,0.0,0,0,0.0,0,4,7,1,10,0,0
2025-10-07 05:00:00,99,43.8,225.4,87.0,12.6,695.0,18.5,0.0,0,0,0.0,0,5,7,1,10,0,0
2025-10-07 06:00:00,100,49.0,253.3,109.0,6.9,402.0,21.0,0.0,0,0,0.0,0,6,7,1,10,0,1
2025-10-07 07:00:00,100,52.2,261.7,124.0,4.8,296.0,21.5,0.0,0,0,0.0,0,7,7,1,10,0,1
2025-10-07 08:00:00,100,53.3,262.6,134.0,4.4,265.0,20.9,0.0,0,0,0.0,0,8,7,1,10,0,1
2025-10-07 09:00:00,100,53.4,260.8,137.0,4.8,263.0,20.2,0.0,0,0,0.0,0,9,7,1,10,0,1
2025-10-07 10:00:00,101,52.7,258.9,128.0,5.3,265.0,19.9,0.0,0,0,0.0,0,10,7,1,10,0,2
2025-10-07 11:00:00,101,51.3,254.3,111.0,6.7,296.0,19.5,0.0,0,0,0.0,0,11,7,1,10,0,2
2025-10-07 12:00:00,101,51.3,245.9,97.0,10.8,379.0,21.0,0.0,0,0,0.0,0,12,7,1,10,0,2
2025-10-07 13:00:00,100,46.2,188.6,75.0,20.7,565.0,19.3,0.0,0,0,0.0,0,13,7,1,10,0,2
2025-10-07 14:00:00,100,44.1,161.1,44.0,34.3,803.0,17.0,0.0,0,0,0.0,0,14,7,1,10,0,2
2025-10-07 15:00:00,99,42.3,142.5,21.0,45.0,967.0,15.3,0.0,0,0,0.0,0,15,7,1,10,0,2
2025-10-07 16:00:00,99,41.0,129.5,12.0,49.7,1010.0,14.9,0.0,0,0,0.0,0,16,7,1,10,0,2
2025-10-07 17:00:00,100,40.5,121.1,11.0,51.5,978.0,15.0,0.0,0,0,0.0,0,17,7,1,10,0,3
2025-10-07 18:00:00,101,41.0,114.8,10.0,52.2,885.0,15.1,0.0,0,0,0.0,0,18,7,1,10,0,3
2025-10-07 19:00:00,103,42.1,115.9,9.0,52.5,688.0,14.7,0.0,0,0,0.0,0,19,7,1,10,0,3
2025-10-07 20:00:00,106,42.5,118.0,9.0,51.7,429.0,14.3,0.0,0,0,0.0,0,20,7,1,10,0,3
2025-10-07 21:00:00,108,41.6,116.9,9.0,50.4,250.0,14.0,0.0,0,0,0.0,0,21,7,1,10,0,0
2025-10-07 22:00:00,111,40.7,114.8,10.0,48.0,182.0,13.8,0.0,0,0,0.0,0,22,7,1,10,0,0
2025-10-07 23:00:00,113,39.8,111.1,11.0,45.1,193.0,13.9,0.0,0,0,0.0,0,23,7,1,10,0,0
2025-10-08 00:00:00,116,37.0,109.0,16.0,37.5,328.0,13.5,0.0,0,0,0.0,0,0,8,2,10,0,0
2025-10-08 01:00:00,117,39.7,109.9,14.0,39.9,730.0,16.0,0.0,0,0,0.0,0,1,8,2,10,0,0
2025-10-08 02:00:00,119,50.4,119.2,12.0,42.9,1255.0,19.7,0.0,0,0,0.0,0,2,8,2,10,0,0
2025-10-08 03:00:00,122,46.9,104.8,18.0,41.8,1519.0,23.4,0.0,0,0,0.0,0,3,8,2,10,0,0
2025-10-08 04:00:00,124,32.6,109.4,39.0,33.0,1264.0,27.6,0.0,0,0,0.0,0,4,8,2,10,0,0
2025-10-08 05:00:00,123,33.2,126.7,69.0,20.1,746.0,31.9,0.0,0,0,0.0,0,5,8,2,10,0,0
2025-10-08 06:00:00,122,36.2,142.5,96.0,10.3,353.0,34.1,0.0,0,0,0.0,0,6,8,2,10,0,1
2025-10-08 07:00:00,121,39.9,149.9,119.0,6.3,251.0,32.5,0.0,0,0,0.0,0,7,8,2,10,0,1
2025-10-08 08:00:00,120,41.9,150.4,138.0,5.2,273.0,28.8,0.0,0,0,0.0,0,8,8,2,10,0,1
2025-10-08 09:00:00,118,43.5,146.2,149.0,5.5,304.0,25.9,0.0,0,0,0.0,0,9,8,2,10,0,1
2025-10-08 10:00:00,117,44.0,141.1,147.0,6.3,295.0,25.5,0.0,0,0,0.0,0,10,8,2,10,0,2
2025-10-08 11:00:00,116,43.2,133.2,136.0,8.5,296.0,25.9,0.0,0,0,0.0,0,11,8,2,10,0,2
2025-10-08 12:00:00,116,47.6,145.3,139.0,12.4,337.0,28.6,0.0,0,0,0.0,0,12,8,2,10,0,2
2025-10-08 13:00:00,115,45.5,118.0,106.0,23.5,440.0,26.1,0.0,0,0,0.0,0,13,8,2,10,0,2
2025-10-08 14:00:00,115,42.7,101.7,61.0,38.9,584.0,22.7,0.0,0,0,0.0,0,14,8,2,10,0,2
2025-10-08 15:00:00,115,39.6,93.4,26.0,50.6,736.0,20.3,0.0,0,0,0.0,0,15,8,2,10,0,2
2025-10-08 16:00:00,115,39.2,90.8,12.0,55.0,928.0,20.1,0.0,0,0,0.0,0,16,8,2,10,0,2
2025-10-08 17:00:00,115,41.9,93.4,8.0,55.7,1128.0,20.9,0.0,0,0,0.0,0,17,8,2,10,0,3
2025-10-08 18:00:00,115,46.7,103.1,6.0,55.5,1213.0,21.5,0.0,0,0,0.0,0,18,8,2,10,0,3
2025-10-08 19:00:00,115,49.7,109.7,3.0,55.6,1096.0,21.6,0.0,0,0,0.0,0,19,8,2,10,0,3
2025-10-08 20:00:00,116,49.6,112.5,2.0,54.9,864.0,21.6,0.0,0,0,0.0,0,20,8,2,10,0,3
2025-10-08 21:00:00,117,49.0,114.1,3.0,52.8,651.0,21.0,0.0,0,0,0.0,0,21,8,2,10,0,0
2025-10-08 22:00:00,118,45.2,102.9,6.0,48.4,451.0,19.2,0.0,0,0,0.0,0,22,8,2,10,0,0
2025-10-08 23:00:00,118,38.9,92.4,10.0,42.7,269.0,16.9,0.0,0,0,0.0,0,23,8,2,10,0,0
2025-10-09 00:00:00,118,31.1,78.9,20.0,30.7,256.0,12.6,0.0,0,0,0.0,0,0,9,3,10,0,0
2025-10-09 01:00:00,117,30.9,79.4,17.0,31.6,600.0,13.1,0.0,0,0,0.0,0,1,9,3,10,0,0
2025-10-09 02:00:00,116,35.3,87.3,15.0,32.5,1113.0,13.9,0.0,0,0,0.0,0,2,9,3,10,0,0
2025-10-09 03:00:00,115,38.5,88.2,23.0,30.9,1381.0,15.9,0.0,0,0,0.0,0,3,9,3,10,0,0
2025-10-09 04:00:00,114,34.6,105.2,50.0,24.2,1143.0,20.5,0.0,0,0,0.0,0,4,9,3,10,0,0
2025-10-09 05:00:00,114,36.7,124.3,87.0,14.9,660.0,26.3,0.0,0,0,0.0,0,5,9,3,10,0,0
2025-10-09 06:00:00,115,41.7,130.4,117.0,7.9,300.0,30.0,0.0,0,0,0.0,0,6,9,3,10,0,1
2025-10-09 07:00:00,115,44.8,127.6,135.0,5.1,225.0,29.4,0.0,0,0,0.0,0,7,9,3,10,0,1
2025-10-09 08:00:00,116,44.9,122.0,147.0,4.5,273.0,26.7,0.0,0,0,0.0,0,8,9,3,10,0,1
2025-10-09 09:00:00,116,43.0,115.3,151.0,5.2,325.0,24.6,0.0,0,0,0.0,0,9,9,3,10,0,1
2025-10-09 10:00:00,116,41.9,111.5,147.0,6.3,328.0,24.5,0.0,0,0,0.0,0,10,9,3,10,0,2
2025-10-09 11:00:00,116,41.8,110.1,136.0,8.6,334.0,24.9,0.0,0,0,0.0,0,11,9,3,10,0,2
2025-10-09 12:00:00,116,41.4,106.6,139.0,12.0,380.0,27.2,0.0,0,0,0.0,0,12,9,3,10,0,2
2025-10-09 13:00:00,115,41.0,92.9,109.0,21.0,506.0,24.7,0.0,0,0,0.0,0,13,9,3,10,0,2
2025-10-09 14:00:00,114,39.6,85.0,68.0,33.5,672.0,21.3,0.0,0,0,0.0,0,14,9,3,10,0,2
2025-10-09 15:00:00,114,37.7,82.0,36.0,43.5,793.0,18.6,0.0,0,0,0.0,0,15,9,3,10,0,2
2025-10-09 16:00:00,114,37.5,79.6,22.0,48.9,842.0,17.6,0.0,0,0,0.0,0,16,9,3,10,0,2
2025-10-09 17:00:00,114,38.5,78.2,17.0,51.8,846.0,17.3,0.0,0,0,0.0,0,17,9,3,10,0,3
2025-10-09 18:00:00,113,39.5,78.2,15.0,52.8,803.0,16.9,0.0,0,0,0.0,0,18,9,3,10,0,3
2025-10-09 19:00:00,113,39.6,79.6,15.0,51.7,689.0,16.1,0.0,0,0,0.0,0,19,9,3,10,0,3
2025-10-09 20:00:00,112,40.3,84.5,17.0,48.8,528.0,15.2,0.0,0,0,0.0,0,20,9,3,10,0,3
2025-10-09 21:00:00,111,41.4,91.3,20.0,44.8,395.0,14.4,0.0,0,0,0.0,0,21,9,3,10,0,0
2025-10-09 22:00:00,110,40.5,90.1,24.0,38.9,281.0,13.6,0.0,0,0,0.0,0,22,9,3,10,0,0
2025-10-09 23:00:00,109,36.6,77.3,28.0,32.0,195.0,12.9,0.0,0,0,0.0,0,23,9,3,10,0,0
2025-10-10 00:00:00,109,32.5,70.3,32.0,24.7,239.0,12.0,0.0,0,0,0.0,0,0,10,4,10,0,0
2025-10-10 01:00:00,109,32.0,69.2,28.0,28.3,562.0,12.6,0.0,0,0,0.0,0,1,10,4,10,0,0
2025-10-10 02:00:00,109,36.2,73.3,23.0,32.9,1015.0,13.6,0.0,0,0,0.0,0,2,10,4,10,0,0
2025-10-10 03:00:00,109,38.6,76.1,29.0,33.6,1252.0,15.8,0.0,0,0,0.0,0,3,10,4,10,0,0
2025-10-10 04:00:00,109,35.3,89.2,56.0,26.7,1052.0,20.8,0.0,0,0,0.0,0,4,10,4,10,0,0
2025-10-10 05:00:00,109,37.5,93.4,95.0,15.8,635.0,26.9,0.0,0,0,0.0,0,5,10,4,10,0,0
2025-10-10 06:00:00,110,39.3,95.5,125.0,7.6,316.0,30.5,0.0,0,0,0.0,0,6,10,4,10,0,1
2025-10-10 07:00:00,109,38.4,91.0,139.0,4.5,228.0,29.0,0.0,0,0,0.0,0,7,10,4,10,0,1
2025-10-10 08:00:00,109,37.5,86.8,145.0,4.0,239.0,25.0,0.0,0,0,0.0,0,8,10,4,10,0,1
2025-10-10 09:00:00,108,37.0,84.3,145.0,4.7,266.0,21.8,0.0,0,0,0.0,0,9,10,4,10,0,1
2025-10-10 10:00:00,107,36.6,82.7,138.0,5.7,275.0,21.0,0.0,0,0,0.0,0,10,10,4,10,0,2
2025-10-10 11:00:00,107,35.7,80.1,126.0,7.9,300.0,21.1,0.0,0,0,0.0,0,11,10,4,10,0,2
2025-10-10 12:00:00,106,43.2,93.8,139.0,10.9,369.0,26.0,0.0,0,0,0.0,0,12,10,4,10,0,2
2025-10-10 13:00:00,106,43.3,81.3,112.0,18.9,515.0,23.7,0.0,0,0,0.0,0,13,10,4,10,0,2
2025-10-10 14:00:00,106,42.5,76.4,75.0,30.0,704.0,20.6,0.0,0,0,0.0,0,14,10,4,10,0,2
2025-10-10 15:00:00,107,41.3,74.7,46.0,39.3,859.0,18.1,0.0,0,0,0.0,0,15,10,4,10,0,2
2025-10-10 16:00:00,107,41.2,73.1,33.0,45.2,972.0,17.2,0.0,0,0,0.0,0,16,10,4,10,0,2
2025-10-10 17:00:00,108,42.1,72.4,27.0,49.3,1051.0,17.0,0.0,0,0,0.0,0,17,10,4,10,0,3
2025-10-10 18:00:00,108,44.0,74.5,24.0,51.0,1043.0,16.5,0.0,0,0,0.0,0,18,10,4,10,0,3
2025-10-10 19:00:00,108,45.2,76.4,23.0,49.6,880.0,15.3,0.0,0,0,0.0,0,19,10,4,10,0,3
2025-10-10 20:00:00,109,45.1,77.1,24.0,45.8,630.0,13.8,0.0,0,0,0.0,0,20,10,4,10,0,3
2025-10-10 21:00:00,109,42.4,71.0,26.0,41.1,441.0,12.7,0.0,0,0,0.0,0,21,10,4,10,0,0
2025-10-10 22:00:00,110,38.6,65.9,30.0,34.3,315.0,12.0,0.0,0,0,0.0,0,22,10,4,10,0,0
2025-10-10 23:00:00,109,35.7,63.1,35.0,26.6,250.0,11.6,0.0,0,0,0.0,0,23,10,4,10,0,0
2025-10-11 00:00:00,109,35.0,63.1,34.0,25.1,389.0,12.3,0.0,0,0,0.0,0,0,11,5,10,1,0
2025-10-11 01:00:00,110,35.6,62.9,27.0,31.6,979.0,14.2,0.0,0,0,0.0,0,1,11,5,10,1,0
2025-10-11 02:00:00,110,43.8,72.2,18.0,40.1,1773.0,17.0,0.0,0,0,0.0,0,2,11,5,10,1,0
2025-10-11 03:00:00,111,46.6,74.5,23.0,42.7,2177.0,20.1,0.0,0,0,0.0,0,3,11,5,10,1,0
2025-10-11 04:00:00,112,38.8,83.4,52.0,33.8,1806.0,23.9,0.0,0,0,0.0,0,4,11,5,10,1,0
2025-10-11 05:00:00,112,39.9,88.0,95.0,19.1,1044.0,28.0,0.0,0,0,0.0,0,5,11,5,10,1,0
2025-10-11 06:00:00,112,42.3,88.2,129.0,7.9,456.0,30.2,0.0,0,0,0.0,0,6,11,5,10,1,1
2025-10-11 07:00:00,112,42.7,85.9,147.0,4.2,277.0,29.0,0.0,0,0,0.0,0,7,11,5,10,1,1
2025-10-11 08:00:00,113,41.9,83.6,156.0,4.1,271.0,26.0,0.0,0,0,0.0,0,8,11,5,10,1,1
2025-10-11 09:00:00,113,42.1,83.4,160.0,5.0,294.0,23.7,0.0,0,0,0.0,0,9,11,5,10,1,1
2025-10-11 10:00:00,114,42.4,83.1,159.0,5.9,293.0,23.6,0.0,0,0,0.0,0,10,11,5,10,1,2
2025-10-11 11:00:00,115,42.6,82.7,153.0,8.0,321.0,24.4,0.0,0,0,0.0,0,11,11,5,10,1,2
2025-10-11 12:00:00,115,41.1,77.8,143.0,10.4,386.0,24.2,0.0,0,0,0.0,0,12,11,5,10,1,2
2025-10-11 13:00:00,115,41.6,72.6,118.0,17.1,523.0,22.2,0.0,0,0,0.0,0,13,11,5,10,1,2
2025-10-11 14:00:00,115,42.0,66.8,83.0,26.7,697.0,19.6,0.0,0,0,0.0,0,14,11,5,10,1,2
2025-10-11 15:00:00,115,40.9,64.7,54.0,35.3,818.0,17.6,0.0,0,0,0.0,0,15,11,5,10,1,2
2025-10-11 16:00:00,115,41.1,64.0,38.0,42.8,848.0,17.2,0.0,0,0,0.0,0,16,11,5,10,1,2
2025-10-11 17:00:00,115,42.7,64.3,29.0,49.4,825.0,17.5,0.0,0,0,0.0,0,17,11,5,10,1,3
2025-10-11 18:00:00,115,44.8,65.0,24.0,52.4,763.0,17.5,0.0,0,0,0.0,0,18,11,5,10,1,3
2025-10-11 19:00:00,115,44.5,64.0,23.0,49.9,645.0,16.6,0.0,0,0,0.0,0,19,11,5,10,1,3
2025-10-11 20:00:00,115,42.4,61.2,25.0,43.8,490.0,15.4,0.0,0,0,0.0,0,20,11,5,10,1,3
2025-10-11 21:00:00,115,39.7,58.2,29.0,37.1,365.0,14.3,0.0,0,0,0.0,0,21,11,5,10,1,0
2025-10-11 22:00:00,114,36.8,55.5,36.0,29.2,255.0,13.3,0.0,0,0,0.0,0,22,11,5,10,1,0
2025-10-11 23:00:00,114,33.6,52.7,44.0,20.8,176.0,12.3,0.0,0,0,0.0,0,23,11,5,10,1,0
2025-10-12 00:00:00,114,33.2,52.2,43.0,20.0,246.0,13.2,0.0,0,0,0.0,0,0,12,6,10,1,0
2025-10-12 01:00:00,114,32.0,51.2,38.0,25.4,640.0,13.6,0.0,0,0,0.0,0,1,12,6,10,1,0
2025-10-12 02:00:00,113,35.0,53.9,32.0,32.5,1183.0,14.4,0.0,0,0,0.0,0,2,12,6,10,1,0
2025-10-12 03:00:00,112,39.3,57.2,39.0,34.9,1467.0,16.3,0.0,0,0,0.0,0,3,12,6,10,1,0
2025-10-12 04:00:00,112,38.8,63.8,69.0,27.9,1229.0,20.8,0.0,0,0,0.0,0,4,12,6,10,1,0
2025-10-12 05:00:00,112,39.6,68.7,111.0,16.2,732.0,26.5,0.0,0,0,0.0,0,5,12,6,10,1,0
2025-10-12 06:00:00,112,34.6,60.5,144.0,7.3,352.0,29.8,0.0,0,0,0.0,0,6,12,6,10,1,1
2025-10-12 07:00:00,111,32.8,61.2,160.0,4.3,251.0,28.7,0.0,0,0,0.0,0,7,12,6,10,1,1
2025-10-12 08:00:00,110,32.9,63.6,168.0,4.1,268.0,25.2,0.0,0,0,0.0,0,8,12,6,10,1,1
2025-10-12 09:00:00,109,33.4,63.8,171.0,4.7,298.0,22.5,0.0,0,0,0.0,0,9,12,6,10,1,1
2025-10-12 10:00:00,108,34.0,62.9,171.0,4.9,297.0,22.0,0.0,0,0,0.0,0,10,12,6,10,1,2
2025-10-12 11:00:00,107,34.5,61.7,166.0,6.0,309.0,22.2,0.0,0,0,0.0,0,11,12,6,10,1,2
2025-10-12 12:00:00,113,38.5,66.8,155.0,9.5,365.0,22.6,0.0,0,0,0.0,0,12,12,6,10,1,2
2025-10-12 13:00:00,132,41.2,62.4,128.0,17.3,508.0,20.9,0.0,0,0,0.0,0,13,12,6,10,1,2
2025-10-12 14:00:00,135,43.3,59.8,91.0,28.2,695.0,18.5,0.0,0,0,0.0,0,14,12,6,10,1,2
2025-10-12 15:00:00,124,43.8,60.1,63.0,36.5,822.0,16.7,0.0,0,0,0.0,0,15,12,6,10,1,2
2025-10-12 16:00:00,106,44.7,60.8,53.0,40.3,847.0,16.0,0.0,0,0,0.0,0,16,12,6,10,1,2
2025-10-12 17:00:00,107,45.8,61.5,52.0,41.5,812.0,15.9,0.0,0,0,0.0,0,17,12,6,10,1,3
2025-10-12 18:00:00,107,46.8,62.9,53.0,40.9,738.0,15.5,0.0,0,0,0.0,0,18,12,6,10,1,3
2025-10-12 19:00:00,107,47.6,63.6,52.0,38.2,604.0,14.5,0.0,0,0,0.0,0,19,12,6,10,1,3
2025-10-12 20:00:00,108,46.9,61.0,53.0,33.6,430.0,13.3,0.0,0,0,0.0,0,20,12,6,10,1,3
2025-10-12 21:00:00,108,44.0,56.9,55.0,28.6,299.0,12.2,0.0,0,0,0.0,0,21,12,6,10,1,0
2025-10-12 22:00:00,108,41.2,54.0,61.0,22.2,200.0,11.2,0.0,0,0,0.0,0,22,12,6,10,1,0
2025-10-12 23:00:00,109,38.8,52.0,68.0,15.3,142.0,10.3,0.0,0,0,0.0,0,23,12,6,10,1,0
2025-10-13 00:00:00,109,36.9,50.8,70.0,13.0,240.0,9.9,0.0,0,0,0.0,0,0,13,0,10,0,0
2025-10-13 01:00:00,110,36.0,50.1,62.0,20.1,679.0,10.8,0.0,0,0,0.0,0,1,13,0,10,0,0
2025-10-13 02:00:00,110,38.2,52.4,52.0,29.4,1274.0,12.2,0.0,0,0,0.0,0,2,13,0,10,0,0
2025-10-13 03:00:00,111,41.3,54.2,53.0,33.4,1576.0,13.8,0.0,0,0,0.0,0,3,13,0,10,0,0
2025-10-13 04:00:00,111,36.8,55.1,76.0,26.8,1293.0,15.9,0.0,0,0,0.0,0,4,13,0,10,0,0
2025-10-13 05:00:00,111,33.3,49.5,110.0,14.9,717.0,18.3,0.0,0,0,0.0,0,5,13,0,10,0,0
2025-10-13 06:00:00,110,31.3,47.0,137.0,5.9,284.0,19.8,0.0,0,0,0.0,0,6,13,0,10,0,1
2025-10-13 07:00:00,110,28.9,43.9,150.0,3.2,180.0,19.8,0.0,0,0,0.0,0,7,13,0,10,0,1
2025-10-13 08:00:00,109,28.0,42.1,156.0,3.4,218.0,18.9,0.0,0,0,0.0,0,8,13,0,10,0,1
2025-10-13 09:00:00,109,28.5,42.3,158.0,4.4,269.0,18.4,0.0,0,0,0.0,0,9,13,0,10,0,1
2025-10-13 10:00:00,108,29.2,42.6,157.0,5.3,280.0,18.9,0.0,0,0,0.0,0,10,13,0,10,0,2
2025-10-13 11:00:00,108,29.7,42.7,151.0,6.9,304.0,19.8,0.0,0,0,0.0,0,11,13,0,10,0,2
2025-10-13 12:00:00,107,38.0,54.5,138.0,10.3,374.0,21.6,0.0,0,0,0.0,0,12,13,0,10,0,2
2025-10-13 13:00:00,113,40.0,54.0,116.0,16.6,534.0,20.3,0.0,0,0,0.0,0,13,13,0,10,0,2
2025-10-13 14:00:00,114,42.0,53.8,85.0,25.6,740.0,18.6,0.0,0,0,0.0,0,14,13,0,10,0,2
2025-10-13 15:00:00,107,42.5,54.0,60.0,34.0,896.0,17.4,0.0,0,0,0.0,0,15,13,0,10,0,2
2025-10-13 16:00:00,107,44.1,54.9,46.0,41.8,979.0,17.5,0.0,0,0,0.0,0,16,13,0,10,0,2
2025-10-13 17:00:00,107,46.6,57.0,37.0,49.0,1012.0,18.2,0.0,0,0,0.0,0,17,13,0,10,0,3
2025-10-13 18:00:00,107,49.0,59.6,32.0,52.2,962.0,18.4,0.0,0,0,0.0,0,18,13,0,10,0,3
2025-10-13 19:00:00,107,49.9,60.1,32.0,49.2,767.0,17.5,0.0,0,0,0.0,0,19,13,0,10,0,3
2025-10-13 20:00:00,107,47.5,56.8,36.0,42.3,488.0,16.0,0.0,0,0,0.0,0,20,13,0,10,0,3
2025-10-13 21:00:00,107,44.0,53.3,42.0,34.8,281.0,14.5,0.0,0,0,0.0,0,21,13,0,10,0,0
2025-10-13 22:00:00,107,40.5,50.2,51.0,26.2,182.0,12.9,0.0,0,0,0.0,0,22,13,0,10,0,0
2025-10-13 23:00:00,107,37.8,47.4,62.0,17.0,155.0,11.3,0.0,0,0,0.0,0,23,13,0,10,0,0
2025-10-14 00:00:00,107,37.6,47.1,60.0,15.6,239.0,11.7,0.0,0,0,0.0,0,0,14,1,10,0,0
2025-10-14 01:00:00,107,37.1,46.9,53.0,22.8,556.0,12.4,0.0,0,0,0.0,0,1,14,1,10,0,0
2025-10-14 02:00:00,107,40.3,50.4,45.0,32.3,984.0,13.5,0.0,0,0,0.0,0,2,14,1,10,0,0
2025-10-14 03:00:00,107,44.6,54.0,49.0,36.1,1205.0,14.8,0.0,0,0,0.0,0,3,14,1,10,0,0
2025-10-14 04:00:00,108,41.6,55.6,75.0,28.7,1007.0,16.5,0.0,0,0,0.0,0,4,14,1,10,0,0
2025-10-14 05:00:00,108,35.0,49.1,112.0,15.6,602.0,18.4,0.0,0,0,0.0,0,5,14,1,10,0,0
2025-10-14 06:00:00,109,27.8,38.3,142.0,5.8,299.0,19.7,0.0,0,0,0.0,0,6,14,1,10,0,1
2025-10-14 07:00:00,108,25.0,34.0,156.0,2.9,236.0,19.7,0.0,0,0,0.0,0,7,14,1,10,0,1
2025-10-14 08:00:00,108,25.0,33.2,163.0,3.3,276.0,19.0,0.0,0,0,0.0,0,8,14,1,10,0,1
2025-10-14 09:00:00,107,25.8,33.6,165.0,4.4,319.0,18.6,0.0,0,0,0.0,0,9,14,1,10,0,1
2025-10-14 10:00:00,107,26.5,34.3,164.0,5.1,317.0,19.0,0.0,0,0,0.0,0,10,14,1,10,0,2
2025-10-14 11:00:00,107,26.8,34.6,158.0,6.5,318.0,19.6,0.0,0,0,0.0,0,11,14,1,10,0,2
2025-10-14 12:00:00,108,26.9,34.1,148.0,8.8,365.0,19.7,0.0,0,0,0.0,0,12,14,1,10,0,2
2025-10-14 13:00:00,123,31.2,38.3,124.0,16.3,513.0,18.6,0.0,0,0,0.0,0,13,14,1,10,0,2
2025-10-14 14:00:00,126,34.6,41.1,91.0,26.6,706.0,17.0,0.0,0,0,0.0,0,14,14,1,10,0,2
2025-10-14 15:00:00,115,34.7,41.0,66.0,34.2,819.0,15.7,0.0,0,0,0.0,0,15,14,1,10,0,2
2025-10-14 16:00:00,103,34.5,40.5,59.0,36.6,786.0,15.1,0.0,0,0,0.0,0,16,14,1,10,0,2
2025-10-14 17:00:00,102,34.5,40.4,60.0,36.2,672.0,14.8,0.0,0,0,0.0,0,17,14,1,10,0,3
2025-10-14 18:00:00,101,34.7,40.7,62.0,34.6,551.0,14.3,0.0,0,0,0.0,0,18,14,1,10,0,3
2025-10-14 19:00:00,99,34.3,40.4,61.0,32.2,432.0,13.3,0.0,0,0,0.0,0,19,14,1,10,0,3
2025-10-14 20:00:00,98,33.9,39.5,61.0,28.5,306.0,12.2,0.0,0,0,0.0,0,20,14,1,10,0,3
2025-10-14 21:00:00,97,32.6,37.5,62.0,24.6,219.0,11.2,0.0,0,0,0.0,0,21,14,1,10,0,0
2025-10-14 22:00:00,96,30.6,35.6,66.0,19.3,159.0,10.4,0.0,0,0,0.0,0,22,14,1,10,0,0
2025-10-14 23:00:00,95,29.1,34.3,71.0,13.6,138.0,9.8,0.0,0,0,0.0,0,23,14,1,10,0,0
2025-10-15 00:00:00,95,28.1,33.9,75.0,10.7,237.0,9.3,0.0,0,0,0.0,0,0,15,2,10,0,0
2025-10-15 01:00:00,94,28.2,34.2,66.0,17.4,602.0,9.9,0.0,0,0,0.0,0,1,15,2,10,0,0
2025-10-15 02:00:00,93,30.7,36.9,56.0,26.2,1088.0,10.7,0.0,0,0,0.0,0,2,15,2,10,0,0
2025-10-15 03:00:00,93,34.2,39.3,57.0,30.2,1338.0,12.2,0.0,0,0,0.0,0,3,15,2,10,0,0
2025-10-15 04:00:00,92,31.0,37.8,80.0,24.5,1118.0,15.0,0.0,0,0,0.0,0,4,15,2,10,0,0
2025-10-15 05:00:00,91,26.1,32.0,116.0,14.0,663.0,18.3,0.0,0,0,0.0,0,5,15,2,10,0,0
2025-10-15 06:00:00,90,21.7,26.1,144.0,6.0,324.0,20.5,0.0,0,0,0.0,0,6,15,2,10,0,1
2025-10-15 07:00:00,90,17.7,21.0,158.0,3.6,253.0,20.2,0.0,0,0,0.0,0,7,15,2,10,0,1
2025-10-15 08:00:00,89,17.5,20.3,166.0,3.7,298.0,18.7,0.0,0,0,0.0,0,8,15,2,10,0,1
2025-10-15 09:00:00,89,18.4,21.1,170.0,4.6,348.0,17.9,0.0,0,0,0.0,0,9,15,2,10,0,1
2025-10-15 10:00:00,88,19.6,22.3,174.0,5.0,364.0,18.8,0.0,0,0,0.0,0,10,15,2,10,0,2
2025-10-15 11:00:00,93,20.5,23.3,173.0,6.2,385.0,20.3,0.0,0,0,0.0,0,11,15,2,10,0,2
2025-10-15 12:00:00,118,25.4,28.6,166.0,10.1,422.0,21.5,0.0,0,0,0.0,0,12,15,2,10,0,2
2025-10-15 13:00:00,136,34.3,37.0,137.0,20.6,490.0,20.8,0.0,0,0,0.0,0,13,15,2,10,0,2
2025-10-15 14:00:00,140,38.6,41.6,96.0,35.1,574.0,19.8,0.0,0,0,0.0,0,14,15,2,10,0,2
2025-10-15 15:00:00,130,37.8,41.0,66.0,45.3,643.0,18.9,0.0,0,0,0.0,0,15,15,2,10,0,2
2025-10-15 16:00:00,111,37.8,41.0,55.0,47.9,702.0,18.5,0.0,0,0,0.0,0,16,15,2,10,0,2
2025-10-15 17:00:00,88,38.2,41.1,53.0,46.3,746.0,18.4,0.0,0,0,0.0,0,17,15,2,10,0,3
2025-10-15 18:00:00,88,38.2,41.0,55.0,42.6,730.0,17.8,0.0,0,0,0.0,0,18,15,2,10,0,3
2025-10-15 19:00:00,88,37.0,39.6,58.0,36.5,603.0,16.5,0.0,0,0,0.0,0,19,15,2,10,0,3
2025-10-15 20:00:00,89,34.0,36.3,65.0,28.4,416.0,14.8,0.0,0,0,0.0,0,20,15,2,10,0,3
2025-10-15 21:00:00,89,30.6,32.8,71.0,21.4,280.0,13.3,0.0,0,0,0.0,0,21,15,2,10,0,0
2025-10-15 22:00:00,88,27.6,29.9,77.0,15.5,209.0,12.0,0.0,0,0,0.0,0,22,15,2,10,0,0
2025-10-15 23:00:00,88,25.4,27.6,82.0,10.7,189.0,10.9,0.0,0,0,0.0,0,23,15,2,10,0,0
2025-10-16 00:00:00,88,26.7,28.8,74.0,14.0,283.0,11.9,0.0,0,0,0.0,0,0,16,3,10,0,0
2025-10-16 01:00:00,88,25.8,27.9,64.0,24.1,615.0,12.9,0.0,0,0,0.0,0,1,16,3,10,0,0
2025-10-16 02:00:00,88,28.5,30.6,51.0,37.4,1061.0,14.4,0.0,0,0,0.0,0,2,16,3,10,0,0
2025-10-16 03:00:00,87,34.3,36.1,52.0,43.4,1312.0,16.6,0.0,0,0,0.0,0,3,16,3,10,0,0
2025-10-16 04:00:00,87,31.0,33.6,79.0,34.8,1178.0,20.3,0.0,0,0,0.0,0,4,16,3,10,0,0
2025-10-16 05:00:00,87,25.8,29.7,120.0,18.9,848.0,24.6,0.0,0,0,0.0,0,5,16,3,10,0,0
2025-10-16 06:00:00,87,19.2,23.1,152.0,6.9,584.0,26.9,0.0,0,0,0.0,0,6,16,3,10,0,1
2025-10-16 07:00:00,87,18.4,22.6,168.0,3.4,488.0,25.5,0.0,0,0,0.0,0,7,16,3,10,0,1
2025-10-16 08:00:00,87,19.2,23.7,176.0,3.8,458.0,22.1,0.0,0,0,0.0,0,8,16,3,10,0,1
2025-10-16 09:00:00,87,19.7,24.5,179.0,5.0,446.0,19.7,0.0,0,0,0.0,0,9,16,3,10,0,1
2025-10-16 10:00:00,88,20.1,25.0,180.0,5.0,428.0,19.5,0.0,0,0,0.0,0,10,16,3,10,0,2
2025-10-16 11:00:00,102,20.6,25.4,177.0,5.9,429.0,20.2,0.0,0,0,0.0,0,11,16,3,10,0,2
2025-10-16 12:00:00,128,21.7,25.7,167.0,10.6,471.0,22.1,0.0,0,0,0.0,0,12,16,3,10,0,2
2025-10-16 13:00:00,147,32.6,36.0,137.0,22.3,590.0,21.2,0.0,0,0,0.0,0,13,16,3,10,0,2
2025-10-16 14:00:00,151,38.0,40.9,96.0,38.6,751.0,20.0,0.0,0,0,0.0,0,14,16,3,10,0,2
2025-10-16 15:00:00,139,38.6,41.8,64.0,50.8,872.0,19.3,0.0,0,0,0.0,0,15,16,3,10,0,2
2025-10-16 16:00:00,117,39.9,43.7,52.0,55.4,931.0,19.5,0.0,0,0,0.0,0,16,16,3,10,0,2
2025-10-16 17:00:00,90,41.9,45.9,50.0,56.0,949.0,20.2,0.0,0,0,0.0,0,17,16,3,10,0,3
2025-10-16 18:00:00,88,44.2,48.5,48.0,55.3,909.0,20.5,0.0,0,0,0.0,0,18,16,3,10,0,3
2025-10-16 19:00:00,88,47.1,51.8,43.0,54.7,772.0,20.1,0.0,0,0,0.0,0,19,16,3,10,0,3
2025-10-16 20:00:00,89,47.8,52.6,39.0,52.9,576.0,19.3,0.0,0,0,0.0,0,20,16,3,10,0,3
2025-10-16 21:00:00,90,45.9,50.5,40.0,48.4,425.0,18.3,0.0,0,0,0.0,0,21,16,3,10,0,0
2025-10-16 22:00:00,91,41.7,46.2,51.0,37.8,324.0,16.8,0.0,0,0,0.0,0,22,16,3,10,0,0
2025-10-16 23:00:00,92,36.8,41.2,67.0,24.4,268.0,15.1,0.0,0,0,0.0,0,23,16,3,10,0,0
2025-10-17 00:00:00,93,33.5,38.0,74.0,19.2,339.0,14.7,0.0,0,0,0.0,0,0,17,4,10,0,0
2025-10-17 01:00:00,94,31.7,36.0,66.0,27.6,685.0,15.2,0.0,0,0,0.0,0,1,17,4,10,0,0
2025-10-17 02:00:00,94,34.1,38.3,58.0,38.6,1159.0,16.1,0.0,0,0,0.0,0,2,17,4,10,0,0
2025-10-17 03:00:00,95,38.8,42.3,61.0,43.1,1405.0,17.7,0.0,0,0,0.0,0,3,17,4,10,0,0
2025-10-17 04:00:00,95,36.0,40.6,89.0,34.6,1193.0,21.0,0.0,0,0,0.0,0,4,17,4,10,0,0
2025-10-17 05:00:00,95,30.5,36.3,129.0,19.6,753.0,24.9,0.0,0,0,0.0,0,5,17,4,10,0,0
2025-10-17 06:00:00,96,24.8,31.2,160.0,8.1,416.0,27.0,0.0,0,0,0.0,0,6,17,4,10,0,1
2025-10-17 07:00:00,96,19.7,31.1,173.0,4.4,317.0,25.3,0.0,0,0,0.0,0,7,17,4,10,0,1
2025-10-17 08:00:00,96,19.3,32.0,178.0,4.2,322.0,21.8,0.0,0,0,0.0,0,8,17,4,10,0,1
2025-10-17 09:00:00,96,19.4,32.7,179.0,5.2,359.0,19.4,0.0,0,0,0.0,0,9,17,4,10,0,1
2025-10-17 10:00:00,96,19.7,33.4,180.0,5.7,407.0,19.8,0.0,0,0,0.0,0,10,17,4,10,0,2
2025-10-17 11:00:00,111,20.3,33.8,177.0,7.3,487.0,21.4,0.0,0,0,0.0,0,11,17,4,10,0,2
2025-10-17 12:00:00,136,17.7,28.2,166.0,13.2,590.0,22.2,0.0,0,0,0.0,0,12,17,4,10,0,2
2025-10-17 13:00:00,151,28.1,34.5,137.0,24.2,738.0,21.1,0.0,0,0,0.0,0,13,17,4,10,0,2
2025-10-17 14:00:00,153,32.8,36.9,98.0,39.5,909.0,19.6,0.0,0,0,0.0,0,14,17,4,10,0,2
2025-10-17 15:00:00,140,34.5,37.8,67.0,51.6,1029.0,18.9,0.0,0,0,0.0,0,15,17,4,10,0,2
2025-10-17 16:00:00,118,36.6,39.8,54.0,57.9,1082.0,19.9,0.0,0,0,0.0,0,16,17,4,10,0,2
2025-10-17 17:00:00,95,39.5,43.0,51.0,61.0,1084.0,21.7,0.0,0,0,0.0,0,17,17,4,10,0,3
2025-10-17 18:00:00,94,43.2,47.3,50.0,60.7,1006.0,22.6,0.0,0,0,0.0,0,18,17,4,10,0,3
2025-10-17 19:00:00,94,45.4,49.8,50.0,56.0,782.0,21.9,0.0,0,0,0.0,0,19,17,4,10,0,3
2025-10-17 20:00:00,94,43.8,48.1,53.0,47.9,478.0,20.4,0.0,0,0,0.0,0,20,17,4,10,0,3
2025-10-17 21:00:00,94,38.3,42.0,58.0,39.1,259.0,18.5,0.0,0,0,0.0,0,21,17,4,10,0,0
2025-10-17 22:00:00,93,32.9,36.8,69.0,28.2,165.0,16.0,0.0,0,0,0.0,0,22,17,4,10,0,0
2025-10-17 23:00:00,93,29.0,33.2,83.0,16.7,157.0,13.2,0.0,0,0,0.0,0,23,17,4,10,0,0
2025-10-18 00:00:00,92,29.8,34.0,83.0,15.5,285.0,14.3,0.0,0,0,0.0,0,0,18,5,10,1,0
2025-10-18 01:00:00,92,29.5,34.0,72.0,25.1,691.0,14.9,0.0,0,0,0.0,0,1,18,5,10,1,0
2025-10-18 02:00:00,91,33.8,38.3,58.0,37.9,1234.0,16.0,0.0,0,0,0.0,0,2,18,5,10,1,0
2025-10-18 03:00:00,91,39.0,43.3,58.0,43.9,1539.0,17.9,0.0,0,0,0.0,0,3,18,5,10,1,0
2025-10-18 04:00:00,91,39.2,44.2,84.0,36.4,1376.0,21.7,0.0,0,0,0.0,0,4,18,5,10,1,0
2025-10-18 05:00:00,92,34.6,41.2,124.0,22.0,975.0,26.3,0.0,0,0,0.0,0,5,18,5,10,1,0
2025-10-18 06:00:00,92,27.3,35.7,157.0,10.8,654.0,29.3,0.0,0,0,0.0,0,6,18,5,10,1,1
2025-10-18 07:00:00,92,22.8,34.5,174.0,6.5,540.0,29.1,0.0,0,0,0.0,0,7,18,5,10,1,1
2025-10-18 08:00:00,92,23.4,35.2,185.0,5.4,507.0,27.2,0.0,0,0,0.0,0,8,18,5,10,1,1
2025-10-18 09:00:00,93,24.7,35.7,189.0,5.8,493.0,25.7,0.0,0,0,0.0,0,9,18,5,10,1,1
2025-10-18 10:00:00,93,25.7,36.2,190.0,6.8,459.0,25.8,0.0,0,0,0.0,0,10,18,5,10,1,2
2025-10-18 11:00:00,113,26.3,36.4,186.0,9.4,444.0,26.4,0.0,0,0,0.0,0,11,18,5,10,1,2
2025-10-18 12:00:00,141,24.2,30.4,169.0,17.7,504.0,26.4,0.0,0,0,0.0,0,12,18,5,10,1,2
2025-10-18 13:00:00,157,31.1,35.6,137.0,28.4,718.0,24.1,0.0,0,0,0.0,0,13,18,5,10,1,2
2025-10-18 14:00:00,159,34.0,38.2,91.0,43.3,1007.0,21.0,0.0,0,0,0.0,0,14,18,5,10,1,2
2025-10-18 15:00:00,147,34.5,38.8,56.0,55.1,1194.0,18.8,0.0,0,0,0.0,0,15,18,5,10,1,2
2025-10-18 16:00:00,122,34.9,39.5,39.0,61.8,1203.0,18.6,0.0,0,0,0.0,0,16,18,5,10,1,2
2025-10-18 17:00:00,95,36.1,40.9,31.0,65.3,1109.0,19.3,0.0,0,0,0.0,0,17,18,5,10,1,3
2025-10-18 18:00:00,95,37.6,42.3,29.0,64.2,966.0,19.3,0.0,0,0,0.0,0,18,18,5,10,1,3
2025-10-18 19:00:00,94,36.1,40.7,33.0,55.8,750.0,17.7,0.0,0,0,0.0,0,19,18,5,10,1,3
2025-10-18 20:00:00,93,32.6,37.6,43.0,42.8,485.0,15.5,0.0,0,0,0.0,0,20,18,5,10,1,3
2025-10-18 21:00:00,93,29.0,34.8,52.0,31.2,292.0,13.4,0.0,0,0,0.0,0,21,18,5,10,1,0
2025-10-18 22:00:00,92,26.1,33.2,61.0,21.6,191.0,11.5,0.0,0,0,0.0,0,22,18,5,10,1,0
2025-10-18 23:00:00,91,24.7,33.1,69.0,13.5,163.0,9.9,0.0,0,0,0.0,0,23,18,5,10,1,0
2025-10-19 00:00:00,91,24.8,33.1,68.0,12.9,274.0,9.7,0.0,0,0,0.0,0,0,19,6,10,1,0
2025-10-19 01:00:00,91,25.6,34.1,57.0,23.6,675.0,11.2,0.0,0,0,0.0,0,1,19,6,10,1,0
2025-10-19 02:00:00,90,31.0,39.5,43.0,38.0,1214.0,13.5,0.0,0,0,0.0,0,2,19,6,10,1,0
2025-10-19 03:00:00,90,36.9,44.8,44.0,45.0,1501.0,16.4,0.0,0,0,0.0,0,3,19,6,10,1,0
2025-10-19 04:00:00,90,35.0,45.5,73.0,37.7,1286.0,20.7,0.0,0,0,0.0,0,4,19,6,10,1,0
2025-10-19 05:00:00,90,29.8,42.5,116.0,23.2,819.0,25.7,0.0,0,0,0.0,0,5,19,6,10,1,0
2025-10-19 06:00:00,89,25.3,36.2,151.0,11.7,453.0,28.8,0.0,0,0,0.0,0,6,19,6,10,1,1
2025-10-19 07:00:00,89,22.5,32.4,168.0,7.0,332.0,28.5,0.0,0,0,0.0,0,7,19,6,10,1,1
2025-10-19 08:00:00,89,21.3,31.5,176.0,5.3,312.0,26.3,0.0,0,0,0.0,0,8,19,6,10,1,1
2025-10-19 09:00:00,89,21.9,32.1,177.0,5.4,321.0,24.4,0.0,0,0,0.0,0,9,19,6,10,1,1
2025-10-19 10:00:00,89,22.5,32.5,172.0,6.9,333.0,23.7,0.0,0,0,0.0,0,10,19,6,10,1,2
2025-10-19 11:00:00,96,22.9,32.5,160.0,10.3,374.0,23.3,0.0,0,0,0.0,0,11,19,6,10,1,2
2025-10-19 12:00:00,120,22.3,30.0,150.0,14.6,445.0,24.3,0.0,0,0,0.0,0,12,19,6,10,1,2
2025-10-19 13:00:00,137,26.8,31.9,125.0,22.3,574.0,22.4,0.0,0,0,0.0,0,13,19,6,10,1,2
2025-10-19 14:00:00,139,28.0,32.2,90.0,32.8,734.0,19.8,0.0,0,0,0.0,0,14,19,6,10,1,2
2025-10-19 15:00:00,126,27.5,31.7,63.0,41.1,845.0,17.8,0.0,0,0,0.0,0,15,19,6,10,1,2
2025-10-19 16:00:00,103,28.2,32.4,50.0,45.4,879.0,17.2,0.0,0,0,0.0,0,16,19,6,10,1,2
2025-10-19 17:00:00,86,29.3,33.4,45.0,47.4,864.0,17.3,0.0,0,0,0.0,0,17,19,6,10,1,3
2025-10-19 18:00:00,86,29.5,33.6,43.0,46.5,802.0,17.0,0.0,0,0,0.0,0,18,19,6,10,1,3
2025-10-19 19:00:00,85,28.2,32.6,45.0,41.4,662.0,15.8,0.0,0,0,0.0,0,19,19,6,10,1,3
2025-10-19 20:00:00,84,26.3,30.7,51.0,33.4,474.0,14.3,0.0,0,0,0.0,0,20,19,6,10,1,3
2025-10-19 21:00:00,84,24.0,28.6,57.0,26.0,331.0,13.0,0.0,0,0,0.0,0,21,19,6,10,1,0
2025-10-19 22:00:00,83,21.2,26.0,65.0,19.0,236.0,12.0,0.0,0,0,0.0,0,22,19,6,10,1,0
2025-10-19 23:00:00,83,19.0,23.9,73.0,12.6,187.0,11.3,0.0,0,0,0.0,0,23,19,6,10,1,0
2025-10-20 00:00:00,83,18.4,23.3,72.0,12.8,268.0,11.5,0.0,0,0,0.0,0,0,20,0,10,0,0
2025-10-20 01:00:00,82,18.6,23.8,61.0,23.9,627.0,13.1,0.0,0,0,0.0,0,1,20,0,10,0,0
2025-10-20 02:00:00,81,23.5,28.9,47.0,38.7,1116.0,15.4,0.0,0,0,0.0,0,2,20,0,10,0,0
2025-10-20 03:00:00,81,30.0,35.2,47.0,46.1,1375.0,17.9,0.0,0,0,0.0,0,3,20,0,10,0,0
2025-10-20 04:00:00,80,31.2,37.4,72.0,38.8,1176.0,21.1,0.0,0,0,0.0,0,4,20,0,10,0,0
2025-10-20 05:00:00,80,24.2,35.3,111.0,24.0,748.0,24.5,0.0,0,0,0.0,0,5,20,0,10,0,0
2025-10-20 06:00:00,80,21.4,34.0,143.0,12.2,415.0,26.3,0.0,0,0,0.0,0,6,20,0,10,0,1
2025-10-20 07:00:00,79,20.8,31.5,161.0,7.1,309.0,25.3,0.0,0,0,0.0,0,7,20,0,10,0,1
2025-10-20 08:00:00,79,20.0,28.8,171.0,5.1,298.0,22.7,0.0,0,0,0.0,0,8,20,0,10,0,1
2025-10-20 09:00:00,79,20.0,27.9,174.0,5.1,315.0,20.5,0.0,0,0,0.0,0,9,20,0,10,0,1
2025-10-20 10:00:00,79,20.0,27.6,168.0,7.3,342.0,19.7,0.0,0,0,0.0,0,10,20,0,10,0,2
2025-10-20 11:00:00,89,19.9,27.2,156.0,11.6,397.0,19.3,0.0,0,0,0.0,0,11,20,0,10,0,2
2025-10-20 12:00:00,112,18.8,23.6,141.0,17.0,460.0,20.3,0.0,0,0,0.0,0,12,20,0,10,0,2
2025-10-20 13:00:00,127,25.6,29.6,116.0,25.8,526.0,18.9,0.0,0,0,0.0,0,13,20,0,10,0,2
2025-10-20 14:00:00,128,26.9,31.4,82.0,38.2,602.0,17.1,0.0,0,0,0.0,0,14,20,0,10,0,2
2025-10-20 15:00:00,115,27.1,32.2,54.0,49.1,686.0,16.1,0.0,0,0,0.0,0,15,20,0,10,0,2
2025-10-20 16:00:00,92,27.9,33.6,37.0,57.9,812.0,17.1,0.0,0,0,0.0,0,16,20,0,10,0,2
2025-10-20 17:00:00,78,30.6,36.6,27.0,65.3,946.0,19.0,0.0,0,0,0.0,0,17,20,0,10,0,3
2025-10-20 18:00:00,78,35.0,40.7,21.0,68.1,990.0,20.0,0.0,0,0,0.0,0,18,20,0,10,0,3
2025-10-20 19:00:00,79,36.9,42.5,21.0,64.2,867.0,19.2,0.0,0,0,0.0,0,19,20,0,10,0,3
2025-10-20 20:00:00,79,34.5,40.4,26.0,55.7,654.0,17.5,0.0,0,0,0.0,0,20,20,0,10,0,3
2025-10-20 21:00:00,80,29.6,35.6,33.0,46.2,482.0,15.8,0.0,0,0,0.0,0,21,20,0,10,0,0
2025-10-20 22:00:00,80,24.3,30.5,42.0,34.6,355.0,13.9,0.0,0,0,0.0,0,22,20,0,10,0,0
2025-10-20 23:00:00,81,20.9,27.1,51.0,22.1,270.0,12.0,0.0,0,0,0.0,0,23,20,0,10,0,0
2025-10-21 00:00:00,81,18.9,24.6,59.0,14.0,347.0,10.5,0.0,0,0,0.0,0,0,21,1,10,0,0
2025-10-21 01:00:00,81,19.2,24.3,50.0,23.4,746.0,12.2,0.0,0,0,0.0,0,1,21,1,10,0,0
2025-10-21 02:00:00,81,23.4,27.5,38.0,35.9,1307.0,14.6,0.0,0,0,0.0,0,2,21,1,10,0,0
2025-10-21 03:00:00,81,28.5,31.2,41.0,41.9,1671.0,16.9,0.0,0,0,0.0,0,3,21,1,10,0,0
2025-10-21 04:00:00,81,29.9,32.4,72.0,35.3,1665.0,19.3,0.0,0,0,0.0,0,4,21,1,10,0,0
2025-10-21 05:00:00,81,27.1,32.9,117.0,22.3,1462.0,21.6,0.0,0,0,0.0,0,5,21,1,10,0,0
2025-10-21 06:00:00,81,26.8,35.3,151.0,11.8,1217.0,22.4,0.0,0,0,0.0,0,6,21,1,10,0,1
2025-10-21 07:00:00,81,24.4,31.7,164.0,7.2,930.0,20.5,0.0,0,0,0.0,0,7,21,1,10,0,1
2025-10-21 08:00:00,81,23.9,31.2,166.0,5.1,602.0,17.2,0.0,0,0,0.0,0,8,21,1,10,0,1
2025-10-21 09:00:00,82,23.6,31.8,163.0,4.8,386.0,14.8,0.0,0,0,0.0,0,9,21,1,10,0,1
2025-10-21 10:00:00,82,23.1,32.1,159.0,4.5,344.0,13.9,0.0,0,0,0.0,0,10,21,1,10,0,2
2025-10-21 11:00:00,86,22.4,32.0,149.0,6.0,415.0,14.0,0.0,0,0,0.0,0,11,21,1,10,0,2
2025-10-21 12:00:00,109,21.2,30.3,132.0,12.9,572.0,14.6,0.0,0,0,0.0,0,12,21,1,10,0,2
2025-10-21 13:00:00,122,37.7,45.1,101.0,35.7,897.0,18.1,0.0,0,0,0.0,0,13,21,1,10,0,2
2025-10-21 14:00:00,119,49.9,56.5,58.0,67.0,1307.0,23.1,0.0,0,0,0.0,0,14,21,1,10,0,2
2025-10-21 15:00:00,99,56.9,63.8,26.0,88.7,1529.0,28.2,0.0,0,0,0.0,0,15,21,1,10,0,2
2025-10-21 16:00:00,88,67.3,74.7,16.0,92.0,1394.0,34.4,0.0,0,0,0.0,0,16,21,1,10,0,2
2025-10-21 17:00:00,91,71.7,79.2,17.0,85.7,1070.0,40.8,0.0,0,0,0.0,0,17,21,1,10,0,3
2025-10-21 18:00:00,94,68.7,75.7,19.0,79.0,791.0,42.9,0.0,0,0,0.0,0,18,21,1,10,0,3
2025-10-21 19:00:00,97,60.5,65.9,18.0,76.1,639.0,37.0,0.0,0,0,0.0,0,19,21,1,10,0,3
2025-10-21 20:00:00,99,49.2,54.0,18.0,72.7,531.0,26.9,0.0,0,0,0.0,0,20,21,1,10,0,3
2025-10-21 21:00:00,100,39.5,45.5,25.0,65.2,453.0,19.0,0.0,0,0,0.0,0,21,21,1,10,0,0
2025-10-21 22:00:00,101,34.9,42.8,46.0,48.1,373.0,16.0,0.0,0,0,0.0,0,22,21,1,10,0,0
2025-10-21 23:00:00,102,33.6,43.2,73.0,26.8,322.0,15.3,0.0,0,0,0.0,0,23,21,1,10,0,0
2025-10-22 00:00:00,103,34.7,44.1,88.0,13.9,379.0,15.5,0.0,0,0,0.0,0,0,22,2,10,0,0
2025-10-22 01:00:00,105,35.0,43.9,81.0,21.3,670.0,16.7,0.0,0,0,0.0,0,1,22,2,10,0,0
2025-10-22 02:00:00,106,37.1,45.6,73.0,31.0,1070.0,18.3,0.0,0,0,0.0,0,2,22,2,10,0,0
2025-10-22 03:00:00,108,41.3,48.4,75.0,35.4,1282.0,19.2,0.0,0,0,0.0,0,3,22,2,10,0,0
2025-10-22 04:00:00,109,39.8,48.8,98.0,29.1,1118.0,19.0,0.0,0,0,0.0,0,4,22,2,10,0,0
2025-10-22 05:00:00,110,36.6,47.1,131.0,17.4,765.0,18.1,0.0,0,0,0.0,0,5,22,2,10,0,0
2025-10-22 06:00:00,111,30.7,41.4,155.0,8.2,489.0,16.8,0.0,0,0,0.0,0,6,22,2,10,0,1
2025-10-22 07:00:00,112,24.6,34.1,162.0,4.7,393.0,14.7,0.0,0,0,0.0,0,7,22,2,10,0,1
2025-10-22 08:00:00,112,23.0,31.1,160.0,3.8,374.0,12.1,0.0,0,0,0.0,0,8,22,2,10,0,1
2025-10-22 09:00:00,112,22.2,29.5,156.0,4.2,385.0,10.3,0.0,0,0,0.0,0,9,22,2,10,0,1
2025-10-22 10:00:00,111,21.9,29.0,154.0,4.6,402.0,9.7,0.0,0,0,0.0,0,10,22,2,10,0,2
2025-10-22 11:00:00,111,22.1,29.1,151.0,6.2,450.0,9.8,0.0,0,0,0.0,0,11,22,2,10,0,2
2025-10-22 12:00:00,115,27.2,34.5,142.0,11.5,553.0,10.4,0.0,0,0,0.0,0,12,22,2,10,0,2
2025-10-22 13:00:00,124,35.3,40.6,120.0,23.5,775.0,11.2,0.0,0,0,0.0,0,13,22,2,10,0,2
2025-10-22 14:00:00,122,40.4,44.9,88.0,40.1,1054.0,12.4,0.0,0,0,0.0,0,14,22,2,10,0,2
2025-10-22 15:00:00,111,41.6,46.4,63.0,52.9,1223.0,13.4,0.0,0,0,0.0,0,15,22,2,10,0,2
2025-10-22 16:00:00,109,42.5,48.1,50.0,58.3,1191.0,14.4,0.0,0,0,0.0,0,16,22,2,10,0,2
2025-10-22 17:00:00,106,44.9,51.6,42.0,60.1,1051.0,15.2,0.0,0,0,0.0,0,17,22,2,10,0,3
2025-10-22 18:00:00,104,49.5,57.0,35.0,60.7,912.0,15.5,0.0,0,0,0.0,0,18,22,2,10,0,3
2025-10-22 19:00:00,102,52.9,60.8,25.0,62.1,809.0,14.8,0.0,0,0,0.0,0,19,22,2,10,0,3
2025-10-22 20:00:00,101,52.4,59.4,17.0,62.4,708.0,13.5,0.0,0,0,0.0,0,20,22,2,10,0,3
2025-10-22 21:00:00,101,48.3,53.7,16.0,58.8,617.0,12.5,0.0,0,0,0.0,0,21,22,2,10,0,0
2025-10-22 22:00:00,102,41.1,46.3,30.0,47.0,493.0,12.1,0.0,0,0,0.0,0,22,22,2,10,0,0
2025-10-22 23:00:00,103,35.4,40.6,51.0,31.3,380.0,12.1,0.0,0,0,0.0,0,23,22,2,10,0,0
2025-10-23 00:00:00,103,34.1,39.7,59.0,25.0,416.0,12.6,0.0,0,0,0.0,0,0,23,3,10,0,0
2025-10-23 01:00:00,103,31.9,37.5,57.0,31.0,770.0,13.9,0.0,0,0,0.0,0,1,23,3,10,0,0
2025-10-23 02:00:00,103,34.0,39.7,56.0,38.9,1273.0,15.7,0.0,0,0,0.0,0,2,23,3,10,0,0
2025-10-23 03:00:00,102,38.0,43.5,65.0,41.5,1559.0,17.4,0.0,0,0,0.0,0,3,23,3,10,0,0
2025-10-23 04:00:00,102,41.1,46.7,93.0,33.8,1417.0,19.3,0.0,0,0,0.0,0,4,23,3,10,0,0
2025-10-23 05:00:00,102,38.6,49.2,130.0,20.9,1058.0,21.1,0.0,0,0,0.0,0,5,23,3,10,0,0
2025-10-23 06:00:00,102,35.5,56.7,158.0,10.7,751.0,21.6,0.0,0,0,0.0,0,6,23,3,10,0,1
2025-10-23 07:00:00,103,30.4,59.3,168.0,6.2,577.0,19.6,0.0,0,0,0.0,0,7,23,3,10,0,1
2025-10-23 08:00:00,103,26.9,53.8,168.0,4.6,456.0,16.2,0.0,0,0,0.0,0,8,23,3,10,0,1
2025-10-23 09:00:00,104,24.2,47.8,165.0,4.9,411.0,13.8,0.0,0,0,0.0,0,9,23,3,10,0,1
2025-10-23 10:00:00,104,22.3,43.2,163.0,4.6,474.0,12.8,0.0,0,0,0.0,0,10,23,3,10,0,2
2025-10-23 11:00:00,104,21.2,39.2,159.0,6.4,613.0,12.7,0.0,0,0,0.0,0,11,23,3,10,0,2
2025-10-23 12:00:00,123,15.7,27.6,142.0,12.2,766.0,13.4,0.0,0,0,0.0,0,12,23,3,10,0,2
2025-10-23 13:00:00,133,32.1,41.0,108.0,42.6,913.0,17.2,0.0,0,0,0.0,0,13,23,3,10,0,2
2025-10-23 14:00:00,128,45.5,54.0,61.0,84.1,1072.0,22.4,0.0,0,0,0.0,0,14,23,3,10,0,2
2025-10-23 15:00:00,108,54.0,62.4,26.0,112.4,1238.0,26.8,0.0,0,0,0.0,0,15,23,3,10,0,2
2025-10-23 16:00:00,104,59.1,66.8,16.0,114.9,1454.0,30.0,0.0,0,0,0.0,0,16,23,3,10,0,2
2025-10-23 17:00:00,106,58.8,65.7,19.0,104.2,1676.0,32.4,0.0,0,0,0.0,0,17,23,3,10,0,3
2025-10-23 18:00:00,107,57.0,63.1,22.0,93.0,1765.0,32.7,0.0,0,0,0.0,0,18,23,3,10,0,3
2025-10-23 19:00:00,108,54.9,60.5,20.0,85.1,1632.0,29.6,0.0,0,0,0.0,0,19,23,3,10,0,3
2025-10-23 20:00:00,108,52.3,57.3,19.0,76.7,1366.0,24.5,0.0,0,0,0.0,0,20,23,3,10,0,3
2025-10-23 21:00:00,108,49.4,53.7,18.0,69.8,1096.0,20.3,0.0,0,0,0.0,0,21,23,3,10,0,0
2025-10-23 22:00:00,108,45.8,49.1,17.0,65.3,794.0,17.8,0.0,0,0,0.0,0,22,23,3,10,0,0
2025-10-23 23:00:00,109,38.9,41.7,17.0,62.1,487.0,16.1,0.0,0,0,0.0,0,23,23,3,10,0,0
2025-10-24 00:00:00,109,34.2,36.9,15.0,57.1,389.0,14.3,0.0,0,0,0.0,0,0,24,4,10,0,0
2025-10-24 01:00:00,109,29.2,32.0,16.0,57.9,709.0,16.2,0.0,0,0,0.0,0,1,24,4,10,0,0
2025-10-24 02:00:00,109,31.8,34.5,20.0,58.3,1237.0,18.8,0.0,0,0,0.0,0,2,24,4,10,0,0
2025-10-24 03:00:00,109,36.6,38.9,35.0,54.3,1555.0,21.4,0.0,0,0,0.0,0,3,24,4,10,0,0
2025-10-24 04:00:00,109,36.6,39.1,74.0,41.4,1437.0,24.2,0.0,0,0,0.0,0,4,24,4,10,0,0
2025-10-24 05:00:00,108,28.5,32.4,125.0,24.1,1109.0,26.9,0.0,0,0,0.0,0,5,24,4,10,0,0
2025-10-24 06:00:00,107,22.5,28.5,164.0,10.9,829.0,27.6,0.0,0,0,0.0,0,6,24,4,10,0,1
2025-10-24 07:00:00,106,22.2,30.2,179.0,5.7,680.0,24.5,0.0,0,0,0.0,0,7,24,4,10,0,1
2025-10-24 08:00:00,105,22.2,31.7,181.0,4.8,579.0,19.4,0.0,0,0,0.0,0,8,24,4,10,0,1
2025-10-24 09:00:00,104,21.6,31.2,178.0,5.3,531.0,15.4,0.0,0,0,0.0,0,9,24,4,10,0,1
2025-10-24 10:00:00,104,20.6,29.7,175.0,3.2,496.0,13.4,0.0,0,0,0.0,0,10,24,4,10,0,2
2025-10-24 11:00:00,104,19.8,28.4,167.0,2.6,514.0,12.4,0.0,0,0,0.0,0,11,24,4,10,0,2
2025-10-24 12:00:00,131,18.2,25.1,144.0,12.7,710.0,12.3,0.0,0,0,0.0,0,12,24,4,10,0,2
2025-10-24 13:00:00,146,32.0,37.6,109.0,43.4,1258.0,16.1,0.0,0,0,0.0,0,13,24,4,10,0,2
2025-10-24 14:00:00,142,44.1,49.2,60.0,85.3,1983.0,21.5,0.0,0,0,0.0,0,14,24,4,10,0,2
2025-10-24 15:00:00,120,50.9,55.6,25.0,114.5,2491.0,26.2,0.0,0,0,0.0,0,15,24,4,10,0,2
2025-10-24 16:00:00,104,55.4,59.8,16.0,118.9,2625.0,30.1,0.0,0,0,0.0,0,16,24,4,10,0,2
2025-10-24 17:00:00,103,56.9,61.0,19.0,110.6,2541.0,33.4,0.0,0,0,0.0,0,17,24,4,10,0,3
2025-10-24 18:00:00,103,56.3,60.3,23.0,101.1,2310.0,34.1,0.0,0,0,0.0,0,18,24,4,10,0,3
2025-10-24 19:00:00,103,54.2,58.0,22.0,94.5,1868.0,30.2,0.0,0,0,0.0,0,19,24,4,10,0,3
2025-10-24 20:00:00,103,49.6,53.0,20.0,86.9,1280.0,23.7,0.0,0,0,0.0,0,20,24,4,10,0,3
2025-10-24 21:00:00,103,43.8,46.7,22.0,77.8,809.0,18.5,0.0,0,0,0.0,0,21,24,4,10,0,0
2025-10-24 22:00:00,102,36.4,39.1,29.0,65.3,517.0,16.2,0.0,0,0,0.0,0,22,24,4,10,0,0
2025-10-24 23:00:00,101,30.3,32.8,39.0,51.3,342.0,15.2,0.0,0,0,0.0,0,23,24,4,10,0,0
2025-10-25 00:00:00,100,25.3,28.0,50.0,36.7,363.0,12.5,0.0,0,0,0.0,0,0,25,5,10,1,0
2025-10-25 01:00:00,99,23.9,26.5,45.0,41.1,746.0,13.7,0.0,0,0,0.0,0,1,25,5,10,1,0
2025-10-25 02:00:00,99,27.0,29.6,39.0,46.7,1324.0,15.4,0.0,0,0,0.0,0,2,25,5,10,1,0
2025-10-25 03:00:00,99,31.3,33.9,46.0,47.0,1680.0,16.8,0.0,0,0,0.0,0,3,25,5,10,1,0
2025-10-25 04:00:00,98,35.2,37.5,77.0,36.8,1595.0,17.9,0.0,0,0,0.0,0,4,25,5,10,1,0
2025-10-25 05:00:00,98,26.0,31.0,121.0,21.4,1286.0,18.6,0.0,0,0,0.0,0,5,25,5,10,1,0
2025-10-25 06:00:00,98,17.8,21.4,154.0,9.5,991.0,18.4,0.0,0,0,0.0,0,6,25,5,10,1,1
2025-10-25 07:00:00,98,14.7,18.1,165.0,5.0,759.0,16.5,0.0,0,0,0.0,0,7,25,5,10,1,1
2025-10-25 08:00:00,97,15.0,19.3,165.0,4.2,541.0,13.6,0.0,0,0,0.0,0,8,25,5,10,1,1
2025-10-25 09:00:00,96,15.0,20.1,162.0,4.5,420.0,11.3,0.0,0,0,0.0,0,9,25,5,10,1,1
2025-10-25 10:00:00,96,14.7,20.3,159.0,4.0,402.0,10.0,0.0,0,0,0.0,0,10,25,5,10,1,2
2025-10-25 11:00:00,95,14.9,20.6,154.0,4.7,483.0,9.4,0.0,0,0,0.0,0,11,25,5,10,1,2
2025-10-25 12:00:00,113,18.0,24.6,138.0,9.6,732.0,8.7,0.0,0,0,0.0,0,12,25,5,10,1,2
2025-10-25 13:00:00,126,22.4,26.9,115.0,19.7,1366.0,9.3,0.0,0,0,0.0,0,13,25,5,10,1,2
2025-10-25 14:00:00,124,25.2,28.9,84.0,33.4,2168.0,10.2,0.0,0,0,0.0,0,14,25,5,10,1,2
2025-10-25 15:00:00,109,26.4,29.9,61.0,43.2,2561.0,10.9,0.0,0,0,0.0,0,15,25,5,10,1,2
2025-10-25 16:00:00,91,27.6,31.2,53.0,45.7,2161.0,11.5,0.0,0,0,0.0,0,16,25,5,10,1,2
2025-10-25 17:00:00,89,29.0,32.8,53.0,44.1,1353.0,12.0,0.0,0,0,0.0,0,17,25,5,10,1,3
2025-10-25 18:00:00,86,29.7,33.8,56.0,40.5,711.0,12.0,0.0,0,0,0.0,0,18,25,5,10,1,3
2025-10-25 19:00:00,84,28.9,32.9,60.0,34.4,470.0,11.2,0.0,0,0,0.0,0,19,25,5,10,1,3
2025-10-25 20:00:00,82,26.9,30.9,67.0,26.3,395.0,9.8,0.0,0,0,0.0,0,20,25,5,10,1,3
2025-10-25 21:00:00,81,24.8,28.6,73.0,19.6,360.0,8.8,0.0,0,0,0.0,0,21,25,5,10,1,0
2025-10-25 22:00:00,79,23.0,26.6,76.0,14.6,307.0,8.2,0.0,0,0,0.0,0,22,25,5,10,1,0
2025-10-25 23:00:00,78,21.5,24.8,79.0,11.0,295.0,7.9,0.0,0,0,0.0,0,23,25,5,10,1,0
2025-10-26 00:00:00,77,21.0,24.0,74.0,11.7,371.0,8.3,0.0,0,0,0.0,0,0,26,6,10,1,0
2025-10-26 01:00:00,77,21.2,24.2,69.0,19.5,634.0,9.6,0.0,0,0,0.0,0,1,26,6,10,1,0
2025-10-26 02:00:00,77,24.4,27.0,62.0,30.0,986.0,11.4,0.0,0,0,0.0,0,2,26,6,10,1,0
2025-10-26 03:00:00,77,29.6,31.4,66.0,34.8,1179.0,13.0,0.0,0,0,0.0,0,3,26,6,10,1,0
2025-10-26 04:00:00,76,29.3,31.7,90.0,28.6,1062.0,14.5,0.0,0,0,0.0,0,4,26,6,10,1,0
2025-10-26 05:00:00,76,25.8,29.2,124.0,16.9,786.0,15.9,0.0,0,0,0.0,0,5,26,6,10,1,0
2025-10-26 06:00:00,76,16.0,18.2,149.0,7.7,559.0,16.2,0.0,0,0,0.0,0,6,26,6,10,1,1
2025-10-26 07:00:00,76,11.2,13.4,157.0,4.4,456.0,14.5,0.0,0,0,0.0,0,7,26,6,10,1,1
2025-10-26 08:00:00,76,10.5,12.9,157.0,3.7,403.0,11.7,0.0,0,0,0.0,0,8,26,6,10,1,1
2025-10-26 09:00:00,75,10.9,13.2,154.0,3.9,384.0,9.6,0.0,0,0,0.0,0,9,26,6,10,1,1
2025-10-26 10:00:00,75,11.6,14.1,152.0,4.1,405.0,8.8,0.0,0,0,0.0,0,10,26,6,10,1,2
2025-10-26 11:00:00,90,12.4,15.1,148.0,5.2,461.0,8.6,0.0,0,0,0.0,0,11,26,6,10,1,2
2025-10-26 12:00:00,107,23.4,28.0,136.0,8.6,516.0,8.8,0.0,0,0,0.0,0,12,26,6,10,1,2
2025-10-26 13:00:00,117,26.5,29.6,121.0,16.3,567.0,10.1,0.0,0,0,0.0,0,13,26,6,10,1,2
2025-10-26 14:00:00,116,29.2,31.9,99.0,26.7,619.0,11.8,0.0,0,0,0.0,0,14,26,6,10,1,2
2025-10-26 15:00:00,106,30.9,33.4,83.0,33.8,648.0,13.1,0.0,0,0,0.0,0,15,26,6,10,1,2
2025-10-26 16:00:00,90,30.7,33.2,76.0,34.9,647.0,13.6,0.0,0,0,0.0,0,16,26,6,10,1,2
2025-10-26 17:00:00,76,29.7,31.9,73.0,32.5,623.0,13.6,0.0,0,0,0.0,0,17,26,6,10,1,3
2025-10-26 18:00:00,76,28.1,30.0,74.0,28.6,578.0,13.3,0.0,0,0,0.0,0,18,26,6,10,1,3
2025-10-26 19:00:00,76,25.8,27.5,81.0,22.5,496.0,12.7,0.0,0,0,0.0,0,19,26,6,10,1,3
2025-10-26 20:00:00,76,24.2,25.8,91.0,14.8,392.0,11.7,0.0,0,0,0.0,0,20,26,6,10,1,3
2025-10-26 21:00:00,76,24.2,25.6,98.0,9.0,317.0,11.0,0.0,0,0,0.0,0,21,26,6,10,1,0
2025-10-26 22:00:00,76,24.8,26.7,98.0,6.1,273.0,10.5,0.0,0,0,0.0,0,22,26,6,10,1,0
2025-10-26 23:00:00,76,24.9,27.8,94.0,5.1,258.0,10.2,0.0,0,0,0.0,0,23,26,6,10,1,0
2025-10-27 00:00:00,76,24.9,29.1,89.0,6.7,308.0,10.5,0.0,0,0,0.0,0,0,27,0,10,0,0
2025-10-27 01:00:00,76,24.4,29.3,79.0,12.9,497.0,11.2,0.0,0,0,0.0,0,1,27,0,10,0,0
2025-10-27 02:00:00,77,25.7,31.0,66.0,21.1,751.0,12.2,0.0,0,0,0.0,0,2,27,0,10,0,0
2025-10-27 03:00:00,77,28.1,32.5,65.0,25.2,893.0,13.0,0.0,0,0,0.0,0,3,27,0,10,0,0
2025-10-27 04:00:00,77,26.7,32.6,87.0,21.1,813.0,13.6,0.0,0,0,0.0,0,4,27,0,10,0,0
2025-10-27 05:00:00,76,21.0,27.3,120.0,12.9,620.0,13.9,0.0,0,0,0.0,0,5,27,0,10,0,0
2025-10-27 06:00:00,76,19.0,24.0,145.0,6.4,461.0,13.5,0.0,0,0,0.0,0,6,27,0,10,0,1
2025-10-27 07:00:00,76,17.6,22.1,151.0,4.1,387.0,11.6,0.0,0,0,0.0,0,7,27,0,10,0,1
2025-10-27 08:00:00,77,16.8,21.6,149.0,3.5,347.0,8.9,0.0,0,0,0.0,0,8,27,0,10,0,1
2025-10-27 09:00:00,77,16.8,21.8,145.0,3.7,336.0,6.9,0.0,0,0,0.0,0,9,27,0,10,0,1
2025-10-27 10:00:00,78,17.0,21.9,143.0,3.9,355.0,6.2,0.0,0,0,0.0,0,10,27,0,10,0,2
2025-10-27 11:00:00,80,17.3,22.1,139.0,4.8,403.0,6.1,0.0,0,0,0.0,0,11,27,0,10,0,2
2025-10-27 12:00:00,96,28.9,35.2,131.0,8.4,469.0,6.8,0.0,0,0,0.0,0,12,27,0,10,0,2
2025-10-27 13:00:00,105,31.3,36.1,114.0,15.8,579.0,8.0,0.0,0,0,0.0,0,13,27,0,10,0,2
2025-10-27 14:00:00,104,32.7,36.8,91.0,25.7,708.0,9.6,0.0,0,0,0.0,0,14,27,0,10,0,2
2025-10-27 15:00:00,93,34.0,37.4,77.0,31.3,768.0,11.1,0.0,0,0,0.0,0,15,27,0,10,0,2
2025-10-27 16:00:00,80,32.6,35.4,80.0,28.5,703.0,12.3,0.0,0,0,0.0,0,16,27,0,10,0,2
2025-10-27 17:00:00,80,30.5,33.1,91.0,21.4,569.0,13.4,0.0,0,0,0.0,0,17,27,0,10,0,3
2025-10-27 18:00:00,80,29.8,32.2,100.0,15.1,454.0,13.9,0.0,0,0,0.0,0,18,27,0,10,0,3
2025-10-27 19:00:00,80,29.2,31.8,103.0,11.4,385.0,13.5,0.0,0,0,0.0,0,19,27,0,10,0,3
2025-10-27 20:00:00,80,28.5,31.1,104.0,8.5,336.0,12.6,0.0,0,0,0.0,0,20,27,0,10,0,3
2025-10-27 21:00:00,81,28.2,31.1,102.0,6.6,307.0,11.8,0.0,0,0,0.0,0,21,27,0,10,0,0
2025-10-27 22:00:00,81,28.9,32.2,97.0,5.5,287.0,11.2,0.0,0,0,0.0,0,22,27,0,10,0,0
2025-10-27 23:00:00,81,30.0,33.8,90.0,5.4,289.0,10.6,0.0,0,0,0.0,0,23,27,0,10,0,0
2025-10-28 00:00:00,82,30.6,34.2,85.0,7.2,353.0,11.0,0.0,0,0,0.0,0,0,28,1,10,0,0
2025-10-28 01:00:00,82,31.8,35.7,78.0,12.6,557.0,12.1,0.0,0,0,0.0,0,1,28,1,10,0,0
2025-10-28 02:00:00,83,34.2,38.6,71.0,19.9,824.0,13.5,0.0,0,0,0.0,0,2,28,1,10,0,0
2025-10-28 03:00:00,83,37.1,41.3,72.0,23.4,963.0,14.7,0.0,0,0,0.0,0,3,28,1,10,0,0
2025-10-28 04:00:00,84,38.1,44.9,92.0,19.5,850.0,15.5,0.0,0,0,0.0,0,4,28,1,10,0,0
2025-10-28 05:00:00,85,39.8,48.0,121.0,11.9,608.0,15.9,0.0,0,0,0.0,0,5,28,1,10,0,0
2025-10-28 06:00:00,87,39.6,47.0,144.0,6.0,421.0,15.8,0.0,0,0,0.0,0,6,28,1,10,0,1
2025-10-28 07:00:00,88,37.0,44.1,156.0,3.9,361.0,14.6,0.0,0,0,0.0,0,7,28,1,10,0,1
2025-10-28 08:00:00,90,31.9,39.7,162.0,3.5,354.0,12.8,0.0,0,0,0.0,0,8,28,1,10,0,1
2025-10-28 09:00:00,91,30.3,40.5,164.0,3.8,368.0,11.4,0.0,0,0,0.0,0,9,28,1,10,0,1
2025-10-28 10:00:00,92,31.0,43.2,161.0,4.4,395.0,10.9,0.0,0,0,0.0,0,10,28,1,10,0,2
2025-10-28 11:00:00,95,31.7,44.2,154.0,5.8,443.0,10.8,0.0,0,0,0.0,0,11,28,1,10,0,2
2025-10-28 12:00:00,112,32.5,44.1,146.0,8.0,492.0,11.5,0.0,0,0,0.0,0,12,28,1,10,0,2
2025-10-28 13:00:00,123,34.7,44.5,133.0,12.2,550.0,12.2,0.0,0,0,0.0,0,13,28,1,10,0,2
2025-10-28 14:00:00,126,36.2,45.8,116.0,17.9,610.0,13.2,0.0,0,0,0.0,0,14,28,1,10,0,2
2025-10-28 15:00:00,120,38.1,46.7,103.0,21.4,636.0,14.0,0.0,0,0,0.0,0,15,28,1,10,0,2
2025-10-28 16:00:00,109,40.7,47.7,100.0,20.9,605.0,14.4,0.0,0,0,0.0,0,16,28,1,10,0,2
2025-10-28 17:00:00,96,43.9,49.5,102.0,18.3,540.0,14.6,0.0,0,0,0.0,0,17,28,1,10,0,3
2025-10-28 18:00:00,97,47.6,52.2,105.0,15.3,477.0,14.8,0.0,0,0,0.0,0,18,28,1,10,0,3
2025-10-28 19:00:00,98,49.7,53.9,108.0,12.2,424.0,14.9,0.0,0,0,0.0,0,19,28,1,10,0,3
2025-10-28 20:00:00,100,49.7,54.0,112.0,8.8,374.0,14.9,0.0,0,0,0.0,0,20,28,1,10,0,3
2025-10-28 21:00:00,102,48.8,53.4,113.0,6.3,340.0,14.9,0.0,0,0,0.0,0,21,28,1,10,0,0
2025-10-28 22:00:00,104,47.4,52.5,110.0,5.0,311.0,14.8,0.0,0,0,0.0,0,22,28,1,10,0,0
2025-10-28 23:00:00,106,45.6,51.3,105.0,4.8,299.0,14.7,0.0,0,0,0.0,0,23,28,1,10,0,0
2025-10-29 00:00:00,108,47.3,53.1,101.0,6.2,350.0,15.6,0.0,0,0,0.0,0,0,29,2,10,0,0
2025-10-29 01:00:00,110,45.9,52.2,92.0,11.2,545.0,16.4,0.0,0,0,0.0,0,1,29,2,10,0,0
2025-10-29 02:00:00,111,46.7,53.3,81.0,17.8,805.0,17.4,0.0,0,0,0.0,0,2,29,2,10,0,0
2025-10-29 03:00:00,112,48.3,54.6,78.0,21.0,935.0,17.5,0.0,0,0,0.0,0,3,29,2,10,0,0
2025-10-29 04:00:00,114,47.0,55.8,92.0,17.5,811.0,16.2,0.0,0,0,0.0,0,4,29,2,10,0,0
2025-10-29 05:00:00,115,41.7,49.2,115.0,10.5,557.0,14.1,0.0,0,0,0.0,0,5,29,2,10,0,0
2025-10-29 06:00:00,115,36.1,41.6,132.0,5.2,361.0,11.9,0.0,0,0,0.0,0,6,29,2,10,0,1
2025-10-29 07:00:00,114,30.5,35.0,136.0,3.4,296.0,9.7,0.0,0,0,0.0,0,7,29,2,10,0,1
2025-10-29 08:00:00,114,25.7,28.9,133.0,3.2,287.0,7.4,0.0,0,0,0.0,0,8,29,2,10,0,1
2025-10-29 09:00:00,113,22.1,24.4,129.0,3.6,298.0,5.8,0.0,0,0,0.0,0,9,29,2,10,0,1
2025-10-29 10:00:00,112,19.2,21.0,125.0,4.1,321.0,5.2,0.0,0,0,0.0,0,10,29,2,10,0,2
2025-10-29 11:00:00,111,17.4,18.8,119.0,5.2,364.0,5.3,0.0,0,0,0.0,0,11,29,2,10,0,2
2025-10-29 12:00:00,109,21.1,22.9,110.0,7.9,413.0,5.9,0.0,0,0,0.0,0,12,29,2,10,0,2
2025-10-29 13:00:00,108,22.8,24.2,98.0,12.9,477.0,6.8,0.0,0,0,0.0,0,13,29,2,10,0,2
2025-10-29 14:00:00,107,23.1,24.4,81.0,19.7,547.0,8.0,0.0,0,0,0.0,0,14,29,2,10,0,2
2025-10-29 15:00:00,106,23.7,25.4,67.0,24.7,585.0,9.0,0.0,0,0,0.0,0,15,29,2,10,0,2
2025-10-29 16:00:00,104,25.2,27.2,59.0,26.6,573.0,9.5,0.0,0,0,0.0,0,16,29,2,10,0,2
2025-10-29 17:00:00,103,26.7,29.2,55.0,26.7,529.0,9.7,0.0,0,0,0.0,0,17,29,2,10,0,3
2025-10-29 18:00:00,101,28.9,32.0,54.0,25.0,473.0,9.7,0.0,0,0,0.0,0,18,29,2,10,0,3
2025-10-29 19:00:00,99,31.2,35.0,59.0,20.3,400.0,9.3,0.0,0,0,0.0,0,19,29,2,10,0,3
2025-10-29 20:00:00,98,32.6,36.8,69.0,13.7,315.0,8.6,0.0,0,0,0.0,0,20,29,2,10,0,3
2025-10-29 21:00:00,96,32.2,36.4,75.0,8.8,257.0,8.1,0.0,0,0,0.0,0,21,29,2,10,0,0
2025-10-29 22:00:00,95,31.1,35.4,76.0,6.6,221.0,7.8,0.0,0,0,0.0,0,22,29,2,10,0,0
2025-10-29 23:00:00,94,29.5,34.0,73.0,6.1,212.0,7.8,0.0,0,0,0.0,0,23,29,2,10,0,0
2025-10-30 00:00:00,92,35.3,40.2,75.0,7.4,283.0,9.6,0.0,0,0,0.0,0,0,30,3,10,0,0
2025-10-30 01:00:00,92,34.5,39.5,68.0,12.6,528.0,10.6,0.0,0,0,0.0,0,1,30,3,10,0,0
2025-10-30 02:00:00,91,35.2,40.3,58.0,19.4,854.0,12.0,0.0,0,0,0.0,0,2,30,3,10,0,0
2025-10-30 03:00:00,90,37.0,41.9,59.0,22.6,1026.0,12.9,0.0,0,0,0.0,0,3,30,3,10,0,0
2025-10-30 04:00:00,89,34.9,42.3,79.0,18.5,895.0,13.0,0.0,0,0,0.0,0,4,30,3,10,0,0
2025-10-30 05:00:00,88,31.8,39.9,108.0,10.8,611.0,12.7,0.0,0,0,0.0,0,5,30,3,10,0,0
2025-10-30 06:00:00,87,27.4,31.8,131.0,4.9,394.0,12.1,0.0,0,0,0.0,0,6,30,3,10,0,1
2025-10-30 07:00:00,86,25.0,28.2,140.0,3.1,334.0,11.3,0.0,0,0,0.0,0,7,30,3,10,0,1
2025-10-30 08:00:00,86,24.2,27.3,143.0,3.1,341.0,10.2,0.0,0,0,0.0,0,8,30,3,10,0,1
2025-10-30 09:00:00,86,23.9,27.1,143.0,3.7,362.0,9.5,0.0,0,0,0.0,0,9,30,3,10,0,1
2025-10-30 10:00:00,86,24.3,27.8,142.0,4.0,387.0,9.2,0.0,0,0,0.0,0,10,30,3,10,0,2
2025-10-30 11:00:00,86,24.6,28.3,138.0,5.0,427.0,9.3,0.0,0,0,0.0,0,11,30,3,10,0,2
2025-10-30 12:00:00,87,28.4,32.1,128.0,8.3,457.0,9.8,0.0,0,0,0.0,0,12,30,3,10,0,2
2025-10-30 13:00:00,95,32.1,35.2,111.0,16.2,466.0,11.0,0.0,0,0,0.0,0,13,30,3,10,0,2
2025-10-30 14:00:00,95,34.9,38.2,88.0,26.9,465.0,12.8,0.0,0,0,0.0,0,14,30,3,10,0,2
2025-10-30 15:00:00,89,38.0,41.4,70.0,34.7,465.0,14.1,0.0,0,0,0.0,0,15,30,3,10,0,2
2025-10-30 16:00:00,90,40.6,44.1,60.0,37.4,478.0,14.7,0.0,0,0,0.0,0,16,30,3,10,0,2
2025-10-30 17:00:00,92,40.0,43.7,56.0,37.0,492.0,14.9,0.0,0,0,0.0,0,17,30,3,10,0,3
2025-10-30 18:00:00,93,37.4,41.1,57.0,33.9,484.0,14.9,0.0,0,0,0.0,0,18,30,3,10,0,3
2025-10-30 19:00:00,93,34.9,38.6,67.0,26.5,429.0,14.7,0.0,0,0,0.0,0,19,30,3,10,0,3
2025-10-30 20:00:00,94,34.0,38.1,83.0,16.3,350.0,14.3,0.0,0,0,0.0,0,20,30,3,10,0,3
2025-10-30 21:00:00,94,34.9,39.1,95.0,8.7,298.0,14.1,0.0,0,0,0.0,0,21,30,3,10,0,0
2025-10-30 22:00:00,94,36.3,40.7,99.0,5.3,249.0,14.1,0.0,0,0,0.0,0,22,30,3,10,0,0
2025-10-30 23:00:00,94,37.7,42.5,99.0,4.5,226.0,14.3,0.0,0,0,0.0,0,23,30,3,10,0,0
2025-10-31 00:00:00,95,39.0,44.5,83.0,8.6,343.0,14.4,0.0,0,0,0.0,0,0,31,4,10,0,0
2025-10-31 01:00:00,95,40.7,46.6,73.0,16.7,772.0,15.5,0.0,0,0,0.0,0,1,31,4,10,0,0
2025-10-31 02:00:00,96,44.5,50.8,62.0,27.5,1341.0,17.1,0.0,0,0,0.0,0,2,31,4,10,0,0
2025-10-31 03:00:00,96,48.9,54.8,61.0,33.0,1645.0,18.5,0.0,0,0,0.0,0,3,31,4,10,0,0
2025-10-31 04:00:00,97,49.7,58.4,83.0,27.9,1425.0,20.0,0.0,0,0,0.0,0,4,31,4,10,0,0
2025-10-31 05:00:00,99,50.3,65.7,117.0,17.5,940.0,21.5,0.0,0,0,0.0,0,5,31,4,10,0,0
2025-10-31 06:00:00,100,50.5,79.4,142.0,9.3,566.0,21.6,0.0,0,0,0.0,0,6,31,4,10,0,1
2025-10-31 07:00:00,102,48.7,83.6,150.0,5.9,457.0,19.3,0.0,0,0,0.0,0,7,31,4,10,0,1
2025-10-31 08:00:00,105,47.4,76.6,150.0,4.7,459.0,15.6,0.0,0,0,0.0,0,8,31,4,10,0,1
2025-10-31 09:00:00,107,45.9,69.4,147.0,5.0,488.0,12.9,0.0,0,0,0.0,0,9,31,4,10,0,1
2025-10-31 10:00:00,110,44.0,63.3,145.0,4.4,472.0,11.6,0.0,0,0,0.0,0,10,31,4,10,0,2
2025-10-31 11:00:00,112,43.1,59.1,139.0,5.3,483.0,11.3,0.0,0,0,0.0,0,11,31,4,10,0,2
2025-10-31 12:00:00,114,53.9,73.6,126.0,15.3,649.0,15.3,0.0,0,0,0.0,0,12,31,4,10,0,2
2025-10-31 13:00:00,116,80.1,95.2,95.0,38.3,1150.0,20.6,0.0,0,0,0.0,0,13,31,4,10,0,2
2025-10-31 14:00:00,121,93.1,107.1,53.0,69.8,1807.0,28.0,0.0,0,0,0.0,0,14,31,4,10,0,2
2025-10-31 15:00:00,127,93.6,106.9,22.0,91.0,2213.0,33.1,0.0,0,0,0.0,0,15,31,4,10,0,2
2025-10-31 16:00:00,133,95.7,107.8,13.0,92.4,2161.0,34.4,0.0,0,0,0.0,0,16,31,4,10,0,2
2025-10-31 17:00:00,139,95.0,105.2,15.0,83.5,1858.0,33.5,0.0,0,0,0.0,0,17,31,4,10,0,3
2025-10-31 18:00:00,145,95.5,105.0,17.0,74.6,1516.0,31.4,0.0,0,0,0.0,0,18,31,4,10,0,3
2025-10-31 19:00:00,150,96.4,106.4,15.0,68.5,1153.0,27.9,0.0,0,0,0.0,0,19,31,4,10,0,3
2025-10-31 20:00:00,152,95.7,105.2,13.0,62.5,752.0,23.2,0.0,0,0,0.0,0,20,31,4,10,0,3
2025-10-31 21:00:00,154,91.3,98.3,12.0,58.2,474.0,19.4,0.0,0,0,0.0,0,21,31,4,10,0,0
2025-10-31 22:00:00,156,82.0,88.5,13.0,56.9,366.0,17.2,0.0,0,0,0.0,0,22,31,4,10,0,0
2025-10-31 23:00:00,157,74.5,81.3,16.0,57.4,381.0,15.8,0.0,0,0,0.0,0,23,31,4,10,0,0
2025-11-01 00:00:00,158,70.1,77.1,18.0,56.3,539.0,15.4,0.0,0,0,0.0,0,0,1,5,11,1,0
2025-11-01 01:00:00,159,68.9,75.7,13.0,57.7,950.0,16.4,0.0,0,0,0.0,0,1,1,5,11,1,0
2025-11-01 02:00:00,160,73.8,80.3,9.0,59.1,1503.0,17.9,0.0,0,0,0.0,0,2,1,5,11,1,0
2025-11-01 03:00:00,161,81.5,86.8,17.0,55.9,1886.0,20.8,0.0,0,0,0.0,0,3,1,5,11,1,0
2025-11-01 04:00:00,162,82.0,88.2,50.0,44.0,1958.0,26.9,0.0,0,0,0.0,0,4,1,5,11,1,0
2025-11-01 05:00:00,163,69.8,81.5,97.0,27.5,1861.0,34.3,0.0,0,0,0.0,0,5,1,5,11,1,0
2025-11-01 06:00:00,163,62.6,80.8,135.0,14.8,1707.0,38.1,0.0,0,0,0.0,0,6,1,5,11,1,1
2025-11-01 07:00:00,163,59.4,78.5,156.0,8.9,1496.0,35.1,0.0,0,0,0.0,0,7,1,5,11,1,1
2025-11-01 08:00:00,164,55.8,72.6,169.0,6.7,1228.0,28.5,0.0,0,0,0.0,0,8,1,5,11,1,1
2025-11-01 09:00:00,164,52.0,66.6,175.0,7.2,1023.0,23.5,0.0,0,0,0.0,0,9,1,5,11,1,1
2025-11-01 10:00:00,164,49.5,62.6,176.0,8.4,913.0,22.1,0.0,0,0,0.0,0,10,1,5,11,1,2
2025-11-01 11:00:00,164,47.7,59.8,169.0,12.3,864.0,22.1,0.0,0,0,0.0,0,11,1,5,11,1,2
2025-11-01 12:00:00,165,53.4,65.0,153.0,20.3,896.0,23.9,0.0,0,0,0.0,0,12,1,5,11,1,2
2025-11-01 13:00:00,165,71.5,79.2,116.0,43.2,1068.0,23.7,0.0,0,0,0.0,0,13,1,5,11,1,2
2025-11-01 14:00:00,164,73.3,80.3,66.0,74.6,1321.0,23.6,0.0,0,0,0.0,0,14,1,5,11,1,2
2025-11-01 15:00:00,164,73.1,80.1,27.0,97.4,1495.0,24.6,0.0,0,0,0.0,0,15,1,5,11,1,2
2025-11-01 16:00:00,163,77.8,85.4,13.0,103.9,1534.0,28.2,0.0,0,0,0.0,0,16,1,5,11,1,2
2025-11-01 17:00:00,163,86.1,94.3,10.0,101.9,1494.0,32.8,0.0,0,0,0.0,0,17,1,5,11,1,3
2025-11-01 18:00:00,162,89.9,97.8,10.0,97.2,1382.0,34.8,0.0,0,0,0.0,0,18,1,5,11,1,3
2025-11-01 19:00:00,162,88.0,95.0,9.0,90.6,1151.0,31.5,0.0,0,0,0.0,0,19,1,5,11,1,3
2025-11-01 20:00:00,162,84.5,91.0,10.0,81.4,849.0,25.6,0.0,0,0,0.0,0,20,1,5,11,1,3
2025-11-01 21:00:00,162,81.0,87.1,11.0,73.3,620.0,21.0,0.0,0,0,0.0,0,21,1,5,11,1,0
2025-11-01 22:00:00,161,75.0,80.3,12.0,67.5,489.0,19.1,0.0,0,0,0.0,0,22,1,5,11,1,0
2025-11-01 23:00:00,161,65.2,70.5,14.0,62.9,432.0,18.5,0.0,0,0,0.0,0,23,1,5,11,1,0
2025-11-02 00:00:00,161,61.7,66.8,12.0,59.7,523.0,17.7,0.0,0,0,0.0,0,0,2,6,11,1,0
2025-11-02 01:00:00,160,58.2,63.1,10.0,61.0,912.0,19.1,0.0,0,0,0.0,0,1,2,6,11,1,0
2025-11-02 02:00:00,160,62.4,67.1,9.0,62.1,1449.0,21.3,0.0,0,0,0.0,0,2,2,6,11,1,0
2025-11-02 03:00:00,160,67.8,72.2,20.0,58.4,1761.0,25.6,0.0,0,0,0.0,0,3,2,6,11,1,0
2025-11-02 04:00:00,159,66.8,71.7,54.0,45.4,1634.0,34.7,0.0,0,0,0.0,0,4,2,6,11,1,0
2025-11-02 05:00:00,159,53.9,62.2,101.0,27.6,1282.0,45.8,0.0,0,0,0.0,0,5,2,6,11,1,0
2025-11-02 06:00:00,158,39.1,46.4,139.0,14.0,973.0,51.9,0.0,0,0,0.0,0,6,2,6,11,1,1
2025-11-02 07:00:00,158,34.1,40.0,161.0,8.0,792.0,48.4,0.0,0,0,0.0,0,7,2,6,11,1,1
2025-11-02 08:00:00,157,34.8,40.5,174.0,6.1,653.0,39.8,0.0,0,0,0.0,0,8,2,6,11,1,1
2025-11-02 09:00:00,156,36.6,42.4,178.0,7.0,567.0,32.6,0.0,0,0,0.0,0,9,2,6,11,1,1
2025-11-02 10:00:00,156,38.1,44.0,171.0,10.9,527.0,29.5,0.0,0,0,0.0,0,10,2,6,11,1,2
2025-11-02 11:00:00,156,39.2,45.3,156.0,17.6,541.0,27.8,0.0,0,0,0.0,0,11,2,6,11,1,2
2025-11-02 12:00:00,155,43.3,49.4,133.0,24.4,641.0,27.0,0.0,0,0,0.0,0,12,2,6,11,1,2
2025-11-02 13:00:00,155,49.2,55.1,107.0,31.5,916.0,24.4,0.0,0,0,0.0,0,13,2,6,11,1,2
2025-11-02 14:00:00,154,49.7,56.7,70.0,41.3,1278.0,20.8,0.0,0,0,0.0,0,14,2,6,11,1,2
2025-11-02 15:00:00,154,48.2,56.5,43.0,47.9,1490.0,17.9,0.0,0,0,0.0,0,15,2,6,11,1,2
2025-11-02 16:00:00,153,47.3,56.3,33.0,48.9,1429.0,16.4,0.0,0,0,0.0,0,16,2,6,11,1,2
2025-11-02 17:00:00,152,46.9,56.7,32.0,46.7,1219.0,15.6,0.0,0,0,0.0,0,17,2,6,11,1,3
2025-11-02 18:00:00,151,46.6,56.8,34.0,43.0,996.0,14.7,0.0,0,0,0.0,0,18,2,6,11,1,3
2025-11-02 19:00:00,148,45.1,55.3,37.0,37.8,776.0,13.3,0.0,0,0,0.0,0,19,2,6,11,1,3
2025-11-02 20:00:00,144,41.9,52.4,42.0,31.1,544.0,11.7,0.0,0,0,0.0,0,20,2,6,11,1,3
2025-11-02 21:00:00,140,38.3,48.9,46.0,25.0,385.0,10.5,0.0,0,0,0.0,0,21,2,6,11,1,0
2025-11-02 22:00:00,135,34.3,45.9,50.0,19.2,304.0,9.6,0.0,0,0,0.0,0,22,2,6,11,1,0
2025-11-02 23:00:00,131,31.4,44.4,53.0,14.0,297.0,9.1,0.0,0,0,0.0,0,23,2,6,11,1,0
2025-11-03 00:00:00,127,28.8,42.0,53.0,11.9,436.0,8.5,0.0,0,0,0.0,0,0,3,0,11,0,0
2025-11-03 01:00:00,124,29.2,44.6,43.0,20.9,891.0,10.2,0.0,0,0,0.0,0,1,3,0,11,0,0
2025-11-03 02:00:00,121,34.6,51.3,29.0,33.0,1492.0,12.5,0.0,0,0,0.0,0,2,3,0,11,0,0
2025-11-03 03:00:00,118,40.0,56.5,26.0,39.2,1797.0,14.9,0.0,0,0,0.0,0,3,3,0,11,0,0
2025-11-03 04:00:00,115,36.0,63.3,43.0,34.0,1517.0,17.5,0.0,0,0,0.0,0,4,3,0,11,0,0
2025-11-03 05:00:00,112,34.5,67.1,71.0,22.9,941.0,20.2,0.0,0,0,0.0,0,5,3,0,11,0,0
2025-11-03 06:00:00,110,33.1,68.2,93.0,13.8,495.0,21.5,0.0,0,0,0.0,0,6,3,0,11,0,1
2025-11-03 07:00:00,109,31.3,67.8,104.0,9.4,354.0,20.6,0.0,0,0,0.0,0,7,3,0,11,0,1
2025-11-03 08:00:00,109,30.5,67.3,110.0,7.0,342.0,18.3,0.0,0,0,0.0,0,8,3,0,11,0,1
2025-11-03 09:00:00,109,30.6,68.0,110.0,6.2,356.0,16.5,0.0,0,0,0.0,0,9,3,0,11,0,1
2025-11-03 10:00:00,108,30.6,68.2,104.0,6.9,359.0,15.8,0.0,0,0,0.0,0,10,3,0,11,0,2
2025-11-03 11:00:00,107,30.4,66.6,93.0,9.2,387.0,15.6,0.0,0,0,0.0,0,11,3,0,11,0,2
2025-11-03 12:00:00,106,28.1,58.8,77.0,13.5,447.0,15.3,0.0,0,0,0.0,0,12,3,0,11,0,2
2025-11-03 13:00:00,105,29.6,54.0,65.0,21.5,562.0,14.7,0.0,0,0,0.0,0,13,3,0,11,0,2
2025-11-03 14:00:00,103,31.7,54.6,48.0,32.4,709.0,13.9,0.0,0,0,0.0,0,14,3,0,11,0,2
2025-11-03 15:00:00,101,32.1,54.1,37.0,39.8,828.0,13.1,0.0,0,0,0.0,0,15,3,0,11,0,2
2025-11-03 16:00:00,99,31.7,52.9,35.0,40.9,915.0,12.5,0.0,0,0,0.0,0,16,3,0,11,0,2
2025-11-03 17:00:00,98,31.1,51.9,38.0,38.4,973.0,11.9,0.0,0,0,0.0,0,17,3,0,11,0,3
2025-11-03 18:00:00,97,31.2,51.7,42.0,34.5,952.0,11.1,0.0,0,0,0.0,0,18,3,0,11,0,3
2025-11-03 19:00:00,96,30.6,52.2,48.0,28.6,788.0,9.8,0.0,0,0,0.0,0,19,3,0,11,0,3
2025-11-03 20:00:00,94,28.2,49.1,56.0,21.3,545.0,8.3,0.0,0,0,0.0,0,20,3,0,11,0,3
2025-11-03 21:00:00,93,26.7,46.2,60.0,16.0,363.0,7.3,0.0,0,0,0.0,0,21,3,0,11,0,0
2025-11-03 22:00:00,92,26.8,45.9,57.0,14.0,292.0,7.1,0.0,0,0,0.0,0,22,3,0,11,0,0
2025-11-03 23:00:00,92,28.6,46.9,49.0,13.9,282.0,7.5,0.0,0,0,0.0,0,23,3,0,11,0,0
2025-11-04 00:00:00,92,25.3,39.7,46.0,13.5,326.0,8.2,0.0,0,0,0.0,0,0,4,1,11,0,0
2025-11-04 01:00:00,91,26.4,41.1,37.0,19.9,471.0,9.7,0.0,0,0,0.0,0,1,4,1,11,0,0
2025-11-04 02:00:00,91,30.6,44.4,26.0,28.6,670.0,11.9,0.0,0,0,0.0,0,2,4,1,11,0,0
2025-11-04 03:00:00,91,34.8,46.6,25.0,33.3,769.0,13.8,0.0,0,0,0.0,0,3,4,1,11,0,0
2025-11-04 04:00:00,90,33.1,46.9,45.0,30.7,670.0,15.3,0.0,0,0,0.0,0,4,4,1,11,0,0
2025-11-04 05:00:00,90,29.6,49.4,75.0,24.1,471.0,16.6,0.0,0,0,0.0,0,5,4,1,11,0,0
2025-11-04 06:00:00,90,25.3,49.4,100.0,17.8,318.0,17.0,0.0,0,0,0.0,0,6,4,1,11,0,1
2025-11-04 07:00:00,89,23.3,50.8,114.0,12.4,265.0,16.0,0.0,0,0,0.0,0,7,4,1,11,0,1
2025-11-04 08:00:00,89,23.9,48.3,123.0,7.2,257.0,14.3,0.0,0,0,0.0,0,8,4,1,11,0,1
2025-11-04 09:00:00,88,23.7,45.1,126.0,4.9,273.0,13.0,0.0,0,0,0.0,0,9,4,1,11,0,1
2025-11-04 10:00:00,88,23.2,42.7,123.0,7.0,317.0,12.9,0.0,0,0,0.0,0,10,4,1,11,0,2
2025-11-04 11:00:00,87,22.9,41.4,114.0,12.0,385.0,13.3,0.0,0,0,0.0,0,11,4,1,11,0,2
2025-11-04 12:00:00,86,21.0,29.6,99.0,19.9,449.0,13.5,0.0,0,0,0.0,0,12,4,1,11,0,2
2025-11-04 13:00:00,86,29.5,38.2,83.0,27.3,510.0,13.7,0.0,0,0,0.0,0,13,4,1,11,0,2
2025-11-04 14:00:00,86,32.7,43.2,62.0,37.2,567.0,14.0,0.0,0,0,0.0,0,14,4,1,11,0,2
2025-11-04 15:00:00,86,33.6,47.1,47.0,42.9,582.0,14.3,0.0,0,0,0.0,0,15,4,1,11,0,2
2025-11-04 16:00:00,86,33.2,48.2,46.0,40.2,526.0,14.8,0.0,0,0,0.0,0,16,4,1,11,0,2
2025-11-04 17:00:00,86,30.9,44.0,51.0,33.2,428.0,15.3,0.0,0,0,0.0,0,17,4,1,11,0,3
2025-11-04 18:00:00,86,29.0,44.6,54.0,27.3,345.0,15.3,0.0,0,0,0.0,0,18,4,1,11,0,3
2025-11-04 19:00:00,86,29.9,50.3,51.0,24.6,296.0,14.3,0.0,0,0,0.0,0,19,4,1,11,0,3
2025-11-04 20:00:00,86,30.2,49.2,46.0,23.1,261.0,12.8,0.0,0,0,0.0,0,20,4,1,11,0,3
2025-11-04 21:00:00,86,28.3,41.2,42.0,21.8,237.0,11.5,0.0,0,0,0.0,0,21,4,1,11,0,0
2025-11-04 22:00:00,86,25.2,31.4,41.0,19.9,193.0,10.6,0.0,0,0,0.0,0,22,4,1,11,0,0
2025-11-04 23:00:00,86,21.9,24.6,42.0,18.3,160.0,9.9,0.0,0,0,0.0,0,23,4,1,11,0,0
2025-11-05 00:00:00,85,21.1,28.0,39.0,18.5,221.0,9.9,0.0,0,0,0.0,0,0,5,2,11,0,0
2025-11-05 01:00:00,85,19.6,24.0,37.0,25.1,470.0,11.0,0.0,0,0,0.0,0,1,5,2,11,0,0
2025-11-05 02:00:00,85,22.7,26.2,36.0,33.7,813.0,12.4,0.0,0,0,0.0,0,2,5,2,11,0,0
2025-11-05 03:00:00,84,26.9,30.0,43.0,37.5,1058.0,13.4,0.0,0,0,0.0,0,3,5,2,11,0,0
2025-11-05 04:00:00,83,28.6,32.2,66.0,31.8,1129.0,13.6,0.0,0,0,0.0,0,4,5,2,11,0,0
2025-11-05 05:00:00,83,26.0,33.9,97.0,21.1,1101.0,13.2,0.0,0,0,0.0,0,5,5,2,11,0,0
2025-11-05 06:00:00,83,19.7,34.9,121.0,12.4,1006.0,12.6,0.0,0,0,0.0,0,6,5,2,11,0,1
2025-11-05 07:00:00,82,20.8,43.0,130.0,7.9,788.0,11.2,0.0,0,0,0.0,0,7,5,2,11,0,1
2025-11-05 08:00:00,82,20.5,42.6,131.0,5.2,502.0,9.6,0.0,0,0,0.0,0,8,5,2,11,0,1
2025-11-05 09:00:00,82,20.4,42.1,130.0,4.8,346.0,8.9,0.0,0,0,0.0,0,9,5,2,11,0,1
2025-11-05 10:00:00,82,20.6,42.3,129.0,5.6,412.0,10.1,0.0,0,0,0.0,0,10,5,2,11,0,2
2025-11-05 11:00:00,81,21.0,42.0,124.0,8.5,609.0,12.2,0.0,0,0,0.0,0,11,5,2,11,0,2
2025-11-05 12:00:00,81,22.3,41.2,109.0,13.6,856.0,11.1,0.0,0,0,0.0,0,12,5,2,11,0,2
2025-11-05 13:00:00,81,44.2,57.5,81.0,38.8,1126.0,13.0,0.0,0,0,0.0,0,13,5,2,11,0,2
2025-11-05 14:00:00,82,54.2,64.3,43.0,73.5,1448.0,15.7,0.0,0,0,0.0,0,14,5,2,11,0,2
2025-11-05 15:00:00,84,54.4,65.2,15.0,99.1,1826.0,18.4,0.0,0,0,0.0,0,15,5,2,11,0,2
2025-11-05 16:00:00,86,56.3,68.7,6.0,107.2,2412.0,21.4,0.0,0,0,0.0,0,16,5,2,11,0,2
2025-11-05 17:00:00,88,61.9,76.6,6.0,106.2,3054.0,24.3,0.0,0,0,0.0,0,17,5,2,11,0,3
2025-11-05 18:00:00,90,67.3,83.4,7.0,102.4,3308.0,25.7,0.0,0,0,0.0,0,18,5,2,11,0,3
2025-11-05 19:00:00,93,69.2,84.3,6.0,97.3,2855.0,24.5,0.0,0,0,0.0,0,19,5,2,11,0,3
2025-11-05 20:00:00,96,65.7,78.2,5.0,89.6,2014.0,21.7,0.0,0,0,0.0,0,20,5,2,11,0,3
2025-11-05 21:00:00,99,60.1,69.8,5.0,81.1,1292.0,18.8,0.0,0,0,0.0,0,21,5,2,11,0,0
2025-11-05 22:00:00,102,55.3,63.1,4.0,71.8,818.0,15.7,0.0,0,0,0.0,0,22,5,2,11,0,0
2025-11-05 23:00:00,105,50.8,57.3,4.0,61.9,463.0,12.6,0.0,0,0,0.0,0,23,5,2,11,0,0
2025-11-06 00:00:00,108,53.7,63.6,5.0,68.3,351.0,17.0,0.0,0,0,0.0,0,0,6,3,11,0,0
2025-11-06 01:00:00,111,49.9,57.7,2.0,64.7,665.0,17.6,0.0,0,0,0.0,0,1,6,3,11,0,0
2025-11-06 02:00:00,115,56.5,63.8,0.0,59.5,1222.0,18.8,0.0,0,0,0.0,0,2,6,3,11,0,0
2025-11-06 03:00:00,118,69.2,74.5,10.0,53.6,1600.0,22.6,0.0,0,0,0.0,0,3,6,3,11,0,0
2025-11-06 04:00:00,123,62.2,72.2,48.0,47.1,1604.0,32.1,0.0,0,0,0.0,0,4,6,3,11,0,0
2025-11-06 05:00:00,126,50.6,71.0,100.0,39.9,1429.0,44.1,0.0,0,0,0.0,0,5,6,3,11,0,0
2025-11-06 06:00:00,129,46.4,70.1,141.0,32.4,1236.0,50.9,0.0,0,0,0.0,0,6,6,3,11,0,1
2025-11-06 07:00:00,131,40.7,65.0,163.0,23.4,1059.0,47.6,0.0,0,0,0.0,0,7,6,3,11,0,1
2025-11-06 08:00:00,133,36.3,57.5,174.0,14.2,864.0,39.1,0.0,0,0,0.0,0,8,6,3,11,0,1
2025-11-06 09:00:00,135,35.9,55.1,178.0,8.9,709.0,32.0,0.0,0,0,0.0,0,9,6,3,11,0,1
2025-11-06 10:00:00,137,36.1,54.5,176.0,9.5,603.0,29.0,0.0,0,0,0.0,0,10,6,3,11,0,2
2025-11-06 11:00:00,138,36.1,54.1,166.0,13.9,537.0,27.3,0.0,0,0,0.0,0,11,6,3,11,0,2
2025-11-06 12:00:00,140,44.6,61.5,167.0,20.0,547.0,32.4,0.0,0,0,0.0,0,12,6,3,11,0,2
2025-11-06 13:00:00,142,52.4,67.3,139.0,28.4,681.0,28.8,0.0,0,0,0.0,0,13,6,3,11,0,2
2025-11-06 14:00:00,144,54.0,70.1,99.0,40.1,891.0,24.0,0.0,0,0,0.0,0,14,6,3,11,0,2
2025-11-06 15:00:00,143,53.9,72.4,66.0,50.7,1070.0,20.6,0.0,0,0,0.0,0,15,6,3,11,0,2
2025-11-06 16:00:00,143,53.9,74.3,45.0,59.2,1206.0,20.5,0.0,0,0,0.0,0,16,6,3,11,0,2
2025-11-06 17:00:00,143,56.6,78.5,31.0,66.5,1311.0,21.8,0.0,0,0,0.0,0,17,6,3,11,0,3
2025-11-06 18:00:00,142,61.5,85.7,21.0,70.4,1308.0,22.5,0.0,0,0,0.0,0,18,6,3,11,0,3
2025-11-06 19:00:00,142,63.3,86.6,16.0,69.7,1117.0,21.4,0.0,0,0,0.0,0,19,6,3,11,0,3
2025-11-06 20:00:00,141,60.5,81.7,15.0,65.6,819.0,19.6,0.0,0,0,0.0,0,20,6,3,11,0,3
2025-11-06 21:00:00,140,55.3,77.1,17.0,59.3,575.0,17.9,0.0,0,0,0.0,0,21,6,3,11,0,0
2025-11-06 22:00:00,140,50.5,73.3,23.0,48.6,408.0,16.2,0.0,0,0,0.0,0,22,6,3,11,0,0
2025-11-06 23:00:00,139,46.3,70.3,32.0,35.7,295.0,14.6,0.0,0,0,0.0,0,23,6,3,11,0,0
2025-11-07 00:00:00,139,41.2,63.8,45.0,23.1,336.0,12.2,0.0,0,0,0.0,0,0,7,4,11,0,0
2025-11-07 01:00:00,138,40.5,62.4,35.0,31.9,685.0,13.3,0.0,0,0,0.0,0,1,7,4,11,0,0
2025-11-07 02:00:00,137,45.2,65.9,22.0,43.5,1188.0,14.9,0.0,0,0,0.0,0,2,7,4,11,0,0
2025-11-07 03:00:00,136,51.8,70.5,23.0,48.8,1477.0,17.4,0.0,0,0,0.0,0,3,7,4,11,0,0
2025-11-07 04:00:00,134,51.5,75.2,52.0,41.9,1344.0,21.8,0.0,0,0,0.0,0,4,7,4,11,0,0
2025-11-07 05:00:00,133,49.2,81.0,95.0,28.7,998.0,27.0,0.0,0,0,0.0,0,5,7,4,11,0,0
2025-11-07 06:00:00,132,41.1,65.2,130.0,17.6,696.0,30.1,0.0,0,0,0.0,0,6,7,4,11,0,1
2025-11-07 07:00:00,132,31.2,46.1,148.0,11.4,520.0,29.0,0.0,0,0,0.0,0,7,7,4,11,0,1
2025-11-07 08:00:00,131,31.2,45.3,158.0,7.3,390.0,25.7,0.0,0,0,0.0,0,8,7,4,11,0,1
2025-11-07 09:00:00,130,32.7,46.9,161.0,6.0,320.0,23.1,0.0,0,0,0.0,0,9,7,4,11,0,1
2025-11-07 10:00:00,130,34.0,48.1,156.0,7.9,314.0,22.5,0.0,0,0,0.0,0,10,7,4,11,0,2
2025-11-07 11:00:00,130,34.8,48.7,145.0,12.6,369.0,22.5,0.0,0,0,0.0,0,11,7,4,11,0,2
2025-11-07 12:00:00,130,34.2,45.1,127.0,18.8,491.0,22.5,0.0,0,0,0.0,0,12,7,4,11,0,2
2025-11-07 13:00:00,129,40.5,51.5,104.0,27.6,741.0,20.6,0.0,0,0,0.0,0,13,7,4,11,0,2
2025-11-07 14:00:00,127,41.9,53.8,72.0,39.6,1058.0,18.0,0.0,0,0,0.0,0,14,7,4,11,0,2
2025-11-07 15:00:00,126,42.3,54.1,49.0,47.2,1272.0,15.9,0.0,0,0,0.0,0,15,7,4,11,0,2
2025-11-07 16:00:00,125,42.5,54.1,45.0,46.7,1317.0,14.8,0.0,0,0,0.0,0,16,7,4,11,0,2
2025-11-07 17:00:00,124,42.8,54.4,51.0,41.8,1260.0,14.3,0.0,0,0,0.0,0,17,7,4,11,0,3
2025-11-07 18:00:00,122,43.5,55.1,57.0,36.4,1125.0,13.6,0.0,0,0,0.0,0,18,7,4,11,0,3
2025-11-07 19:00:00,120,43.5,55.1,60.0,31.4,865.0,12.5,0.0,0,0,0.0,0,19,7,4,11,0,3
2025-11-07 20:00:00,118,42.4,54.1,63.0,25.8,527.0,11.3,0.0,0,0,0.0,0,20,7,4,11,0,3
2025-11-07 21:00:00,116,41.0,52.6,66.0,21.1,284.0,10.4,0.0,0,0,0.0,0,21,7,4,11,0,0
2025-11-07 22:00:00,115,39.2,49.8,69.0,16.1,141.0,9.7,0.0,0,0,0.0,0,22,7,4,11,0,0
2025-11-07 23:00:00,114,37.7,47.7,71.0,11.9,91.0,9.3,0.0,0,0,0.0,0,23,7,4,11,0,0
2025-11-08 00:00:00,113,39.0,49.8,61.0,16.3,292.0,10.4,0.0,0,0,0.0,0,0,8,5,11,1,0
2025-11-08 01:00:00,113,41.0,52.5,48.0,29.1,1043.0,13.0,0.0,0,0,0.0,0,1,8,5,11,1,0
2025-11-08 02:00:00,113,50.4,63.1,32.0,46.1,2044.0,16.8,0.0,0,0,0.0,0,2,8,5,11,1,0
2025-11-08 03:00:00,113,56.3,67.3,30.0,54.4,2548.0,20.1,0.0,0,0,0.0,0,3,8,5,11,1,0
2025-11-08 04:00:00,114,51.9,62.9,55.0,45.5,2060.0,22.9,0.0,0,0,0.0,0,4,8,5,11,1,0
2025-11-08 05:00:00,114,44.8,58.6,93.0,27.9,1074.0,25.4,0.0,0,0,0.0,0,5,8,5,11,1,0
2025-11-08 06:00:00,113,39.2,51.7,123.0,13.9,329.0,26.5,0.0,0,0,0.0,0,6,8,5,11,1,1
2025-11-08 07:00:00,113,35.0,46.4,137.0,8.1,141.0,25.5,0.0,0,0,0.0,0,7,8,5,11,1,1
2025-11-08 08:00:00,114,34.1,45.4,143.0,5.9,194.0,23.2,0.0,0,0,0.0,0,8,8,5,11,1,1
2025-11-08 09:00:00,114,33.6,45.3,143.0,5.5,269.0,21.2,0.0,0,0,0.0,0,9,8,5,11,1,1
2025-11-08 10:00:00,114,32.7,45.5,135.0,5.6,277.0,20.2,0.0,0,0,0.0,0,10,8,5,11,1,2
2025-11-08 11:00:00,114,31.9,46.7,121.0,7.5,307.0,19.6,0.0,0,0,0.0,0,11,8,5,11,1,2
2025-11-08 12:00:00,113,36.6,52.3,109.0,13.0,414.0,20.6,0.0,0,0,0.0,0,12,8,5,11,1,2
2025-11-08 13:00:00,114,41.6,54.7,85.0,26.8,618.0,19.6,0.0,0,0,0.0,0,13,8,5,11,1,2
2025-11-08 14:00:00,114,45.5,59.5,52.0,46.0,898.0,18.2,0.0,0,0,0.0,0,14,8,5,11,1,2
2025-11-08 15:00:00,114,47.5,63.1,26.0,61.0,1246.0,17.5,0.0,0,0,0.0,0,15,8,5,11,1,2
2025-11-08 16:00:00,115,48.4,65.4,15.0,68.2,1767.0,18.1,0.0,0,0,0.0,0,16,8,5,11,1,2
2025-11-08 17:00:00,115,50.8,70.3,11.0,71.4,2355.0,19.3,0.0,0,0,0.0,0,17,8,5,11,1,3
2025-11-08 18:00:00,116,54.6,78.2,10.0,71.7,2682.0,19.8,0.0,0,0,0.0,0,18,8,5,11,1,3
2025-11-08 19:00:00,117,56.0,83.8,10.0,69.2,2549.0,18.9,0.0,0,0,0.0,0,19,8,5,11,1,3
2025-11-08 20:00:00,119,53.8,83.8,13.0,64.0,2155.0,17.3,0.0,0,0,0.0,0,20,8,5,11,1,3
2025-11-08 21:00:00,120,49.1,78.2,17.0,57.6,1773.0,15.9,0.0,0,0,0.0,0,21,8,5,11,1,0
2025-11-08 22:00:00,121,44.6,72.6,22.0,48.6,1419.0,14.7,0.0,0,0,0.0,0,22,8,5,11,1,0
2025-11-08 23:00:00,121,42.3,71.9,27.0,38.4,1077.0,13.7,0.0,0,0,0.0,0,23,8,5,11,1,0
2025-11-09 00:00:00,122,48.5,84.1,24.0,37.7,969.0,14.7,0.0,0,0,0.0,0,0,9,6,11,1,0
2025-11-09 01:00:00,123,53.4,89.6,16.0,41.6,1341.0,16.8,0.0,0,0,0.0,0,1,9,6,11,1,0
2025-11-09 02:00:00,124,66.4,103.1,7.0,46.4,1947.0,19.8,0.0,0,0,0.0,0,2,9,6,11,1,0
2025-11-09 03:00:00,126,82.9,112.9,9.0,46.9,2276.0,23.3,0.0,0,0,0.0,0,3,9,6,11,1,0
2025-11-09 04:00:00,128,55.3,91.5,34.0,38.9,2050.0,27.9,0.0,0,0,0.0,0,4,9,6,11,1,0
2025-11-09 05:00:00,129,41.6,82.2,70.0,26.6,1547.0,32.9,0.0,0,0,0.0,0,5,9,6,11,1,0
2025-11-09 06:00:00,128,37.7,75.0,100.0,16.5,1089.0,35.7,0.0,0,0,0.0,0,6,9,6,11,1,1
2025-11-09 07:00:00,128,35.6,68.5,118.0,11.1,766.0,34.6,0.0,0,0,0.0,0,7,9,6,11,1,1
2025-11-09 08:00:00,128,33.4,62.2,129.0,8.1,489.0,31.4,0.0,0,0,0.0,0,8,9,6,11,1,1
2025-11-09 09:00:00,128,31.8,58.4,133.0,6.8,312.0,28.4,0.0,0,0,0.0,0,9,9,6,11,1,1
2025-11-09 10:00:00,128,30.3,55.5,127.0,6.3,228.0,26.5,0.0,0,0,0.0,0,10,9,6,11,1,2
2025-11-09 11:00:00,128,28.4,52.5,114.0,7.6,244.0,24.9,0.0,0,0,0.0,0,11,9,6,11,1,2
2025-11-09 12:00:00,128,28.2,50.4,107.0,13.1,435.0,25.7,0.0,0,0,0.0,0,12,9,6,11,1,2
2025-11-09 13:00:00,127,30.9,48.9,80.0,27.5,928.0,23.8,0.0,0,0,0.0,0,13,9,6,11,1,2
2025-11-09 14:00:00,126,34.3,49.8,43.0,47.4,1596.0,21.1,0.0,0,0,0.0,0,14,9,6,11,1,2
2025-11-09 15:00:00,124,35.7,50.4,15.0,62.5,2131.0,19.5,0.0,0,0,0.0,0,15,9,6,11,1,2
2025-11-09 16:00:00,123,37.4,51.6,6.0,68.1,2452.0,20.0,0.0,0,0,0.0,0,16,9,6,11,1,2
2025-11-09 17:00:00,122,41.2,57.0,5.0,68.8,2639.0,21.5,0.0,0,0,0.0,0,17,9,6,11,1,3
2025-11-09 18:00:00,121,46.2,64.0,6.0,68.8,2629.0,22.5,0.0,0,0,0.0,0,18,9,6,11,1,3
2025-11-09 19:00:00,120,48.7,67.8,5.0,69.8,2304.0,22.3,0.0,0,0,0.0,0,19,9,6,11,1,3
2025-11-09 20:00:00,119,48.1,68.2,4.0,70.0,1782.0,21.7,0.0,0,0,0.0,0,20,9,6,11,1,3
2025-11-09 21:00:00,119,44.6,64.3,5.0,67.7,1345.0,20.6,0.0,0,0,0.0,0,21,9,6,11,1,0
2025-11-09 22:00:00,118,38.9,56.2,9.0,60.3,1004.0,18.7,0.0,0,0,0.0,0,22,9,6,11,1,0
2025-11-09 23:00:00,118,32.8,47.3,15.0,50.4,749.0,16.4,0.0,0,0,0.0,0,23,9,6,11,1,0
2025-11-10 00:00:00,117,30.4,46.3,26.0,37.6,831.0,13.8,0.0,0,0,0.0,0,0,10,0,11,0,0
2025-11-10 01:00:00,115,33.9,51.1,19.0,41.7,1649.0,15.9,0.0,0,0,0.0,0,1,10,0,11,0,0
2025-11-10 02:00:00,113,44.7,62.4,11.0,47.0,2806.0,18.9,0.0,0,0,0.0,0,2,10,0,11,0,0
2025-11-10 03:00:00,111,57.3,70.8,14.0,47.3,3355.0,22.2,0.0,0,0,0.0,0,3,10,0,11,0,0
2025-11-10 04:00:00,108,37.0,51.5,40.0,38.1,2678.0,26.2,0.0,0,0,0.0,0,4,10,0,11,0,0
2025-11-10 05:00:00,106,27.1,43.9,77.0,24.0,1394.0,30.4,0.0,0,0,0.0,0,5,10,0,11,0,0
2025-11-10 06:00:00,104,26.4,41.9,108.0,12.9,420.0,32.8,0.0,0,0,0.0,0,6,10,0,11,0,1
2025-11-10 07:00:00,103,25.6,38.9,127.0,8.0,157.0,31.9,0.0,0,0,0.0,0,7,10,0,11,0,1
2025-11-10 08:00:00,102,24.9,36.4,140.0,6.2,204.0,29.2,0.0,0,0,0.0,0,8,10,0,11,0,1
2025-11-10 09:00:00,101,24.7,35.9,144.0,5.9,278.0,26.7,0.0,0,0,0.0,0,9,10,0,11,0,1
2025-11-10 10:00:00,101,23.8,34.5,139.0,5.5,264.0,25.1,0.0,0,0,0.0,0,10,10,0,11,0,2
2025-11-10 11:00:00,100,22.5,32.8,126.0,6.6,277.0,23.7,0.0,0,0,0.0,0,11,10,0,11,0,2
2025-11-10 12:00:00,99,21.9,30.9,108.0,12.5,381.0,23.0,0.0,0,0,0.0,0,12,10,0,11,0,2
2025-11-10 13:00:00,99,26.0,33.1,81.0,28.9,628.0,21.8,0.0,0,0,0.0,0,13,10,0,11,0,2
2025-11-10 14:00:00,99,31.0,37.3,45.0,51.6,965.0,20.2,0.0,0,0,0.0,0,14,10,0,11,0,2
2025-11-10 15:00:00,98,34.7,41.0,17.0,68.8,1300.0,19.7,0.0,0,0,0.0,0,15,10,0,11,0,2
2025-11-10 16:00:00,98,39.6,46.7,7.0,75.1,1651.0,21.5,0.0,0,0,0.0,0,16,10,0,11,0,2
2025-11-10 17:00:00,98,45.4,53.8,7.0,75.9,2000.0,24.5,0.0,0,0,0.0,0,17,10,0,11,0,3
2025-11-10 18:00:00,99,50.3,59.6,7.0,75.9,2202.0,26.7,0.0,0,0,0.0,0,18,10,0,11,0,3
2025-11-10 19:00:00,99,52.2,62.2,6.0,76.8,2172.0,27.3,0.0,0,0,0.0,0,19,10,0,11,0,3
2025-11-10 20:00:00,99,51.9,62.6,6.0,76.9,1995.0,27.1,0.0,0,0,0.0,0,20,10,0,11,0,3
2025-11-10 21:00:00,100,50.9,61.9,6.0,75.8,1774.0,26.5,0.0,0,0,0.0,0,21,10,0,11,0,0
2025-11-10 22:00:00,100,51.1,61.5,6.0,73.1,1446.0,25.3,0.0,0,0,0.0,0,22,10,0,11,0,0
2025-11-10 23:00:00,101,50.6,60.8,5.0,69.1,1075.0,23.8,0.0,0,0,0.0,0,23,10,0,11,0,0
2025-11-11 00:00:00,103,50.5,60.8,5.0,65.6,958.0,22.7,0.0,0,0,0.0,0,0,11,1,11,0,0
2025-11-11 01:00:00,105,56.3,64.5,2.0,62.2,1394.0,21.5,0.0,0,0,0.0,0,1,11,1,11,0,0
2025-11-11 02:00:00,108,68.0,74.5,0.0,57.0,2085.0,20.3,0.0,0,0,0.0,0,2,11,1,11,0,0
2025-11-11 03:00:00,110,82.7,86.6,7.0,49.9,2434.0,22.7,0.0,0,0,0.0,0,3,11,1,11,0,0
2025-11-11 04:00:00,113,48.9,57.9,37.0,39.5,2077.0,32.9,0.0,0,0,0.0,0,4,11,1,11,0,0
2025-11-11 05:00:00,114,29.3,41.8,78.0,27.1,1378.0,46.8,0.0,0,0,0.0,0,5,11,1,11,0,0
2025-11-11 06:00:00,114,25.6,34.0,112.0,17.4,829.0,55.2,0.0,0,0,0.0,0,6,11,1,11,0,1
2025-11-11 07:00:00,114,26.4,33.4,134.0,12.0,638.0,53.1,0.0,0,0,0.0,0,7,11,1,11,0,1
2025-11-11 08:00:00,114,27.1,33.4,150.0,9.1,596.0,45.6,0.0,0,0,0.0,0,8,11,1,11,0,1
2025-11-11 09:00:00,115,27.5,33.4,157.0,8.0,571.0,38.9,0.0,0,0,0.0,0,9,11,1,11,0,1
2025-11-11 10:00:00,115,27.3,33.1,156.0,7.4,496.0,35.5,0.0,0,0,0.0,0,10,11,1,11,0,2
2025-11-11 11:00:00,115,26.5,32.0,146.0,8.6,438.0,33.0,0.0,0,0,0.0,0,11,11,1,11,0,2
2025-11-11 12:00:00,116,22.8,27.8,128.0,13.5,458.0,28.9,0.0,0,0,0.0,0,12,11,1,11,0,2
2025-11-11 13:00:00,116,26.8,31.0,97.0,30.6,609.0,26.5,0.0,0,0,0.0,0,13,11,1,11,0,2
2025-11-11 14:00:00,116,31.1,34.8,54.0,54.2,839.0,23.2,0.0,0,0,0.0,0,14,11,1,11,0,2
2025-11-11 15:00:00,116,32.8,36.6,21.0,72.0,1054.0,21.3,0.0,0,0,0.0,0,15,11,1,11,0,2
2025-11-11 16:00:00,116,36.1,40.7,10.0,78.2,1269.0,22.2,0.0,0,0,0.0,0,16,11,1,11,0,2
2025-11-11 17:00:00,115,40.9,46.4,10.0,78.6,1469.0,24.5,0.0,0,0,0.0,0,17,11,1,11,0,3
2025-11-11 18:00:00,115,46.1,52.3,10.0,77.7,1520.0,26.0,0.0,0,0,0.0,0,18,11,1,11,0,3
2025-11-11 19:00:00,114,48.7,55.4,8.0,77.5,1303.0,25.7,0.0,0,0,0.0,0,19,11,1,11,0,3
2025-11-11 20:00:00,114,46.6,53.6,6.0,76.0,937.0,24.6,0.0,0,0,0.0,0,20,11,1,11,0,3
2025-11-11 21:00:00,113,42.0,48.8,7.0,71.7,645.0,23.1,0.0,0,0,0.0,0,21,11,1,11,0,0
2025-11-11 22:00:00,112,35.4,41.1,13.0,61.5,476.0,20.7,0.0,0,0,0.0,0,22,11,1,11,0,0
2025-11-11 23:00:00,111,29.6,35.0,21.0,48.5,381.0,17.8,0.0,0,0,0.0,0,23,11,1,11,0,0
2025-11-12 00:00:00,109,31.8,39.0,22.0,43.3,437.0,15.8,0.0,0,0,0.0,0,0,12,2,11,0,0
2025-11-12 01:00:00,107,33.5,39.8,16.0,46.4,796.0,16.6,0.0,0,0,0.0,0,1,12,2,11,0,0
2025-11-12 02:00:00,104,42.5,49.1,10.0,50.3,1305.0,17.8,0.0,0,0,0.0,0,2,12,2,11,0,0
2025-11-12 03:00:00,102,49.2,55.1,16.0,49.5,1582.0,20.4,0.0,0,0,0.0,0,3,12,2,11,0,0
2025-11-12 04:00:00,99,33.1,42.0,45.0,39.7,1394.0,25.8,0.0,0,0,0.0,0,4,12,2,11,0,0
2025-11-12 05:00:00,97,22.7,32.9,87.0,25.4,973.0,32.4,0.0,0,0,0.0,0,5,12,2,11,0,0
2025-11-12 06:00:00,97,21.9,29.3,122.0,14.1,631.0,36.8,0.0,0,0,0.0,0,6,12,2,11,0,1
2025-11-12 07:00:00,97,23.3,29.5,143.0,9.0,490.0,36.9,0.0,0,0,0.0,0,7,12,2,11,0,1
2025-11-12 08:00:00,96,24.2,30.4,157.0,7.0,428.0,34.7,0.0,0,0,0.0,0,8,12,2,11,0,1
2025-11-12 09:00:00,96,25.1,31.9,163.0,6.7,397.0,32.6,0.0,0,0,0.0,0,9,12,2,11,0,1
2025-11-12 10:00:00,96,25.5,32.6,160.0,7.4,369.0,31.7,0.0,0,0,0.0,0,10,12,2,11,0,2
2025-11-12 11:00:00,96,25.0,32.2,148.0,9.9,373.0,30.8,0.0,0,0,0.0,0,11,12,2,11,0,2
2025-11-12 12:00:00,96,24.2,30.2,137.0,15.0,441.0,32.7,0.0,0,0,0.0,0,12,12,2,11,0,2
2025-11-12 13:00:00,104,26.7,32.1,109.0,25.2,624.0,29.1,0.0,0,0,0.0,0,13,12,2,11,0,2
2025-11-12 14:00:00,109,26.5,32.2,69.0,39.3,871.0,24.1,0.0,0,0,0.0,0,14,12,2,11,0,2
2025-11-12 15:00:00,98,26.3,32.1,39.0,50.4,1070.0,20.3,0.0,0,0,0.0,0,15,12,2,11,0,2
2025-11-12 16:00:00,95,26.8,32.9,27.0,56.0,1200.0,18.8,0.0,0,0,0.0,0,16,12,2,11,0,2
2025-11-12 17:00:00,94,28.0,34.5,23.0,58.5,1281.0,18.5,0.0,0,0,0.0,0,17,12,2,11,0,3
2025-11-12 18:00:00,93,30.7,37.8,23.0,58.1,1258.0,18.0,0.0,0,0,0.0,0,18,12,2,11,0,3
2025-11-12 19:00:00,92,33.2,41.3,24.0,54.1,1056.0,16.7,0.0,0,0,0.0,0,19,12,2,11,0,3
2025-11-12 20:00:00,91,31.8,40.0,28.0,47.2,751.0,15.1,0.0,0,0,0.0,0,20,12,2,11,0,3
2025-11-12 21:00:00,90,27.6,36.0,33.0,40.0,509.0,14.0,0.0,0,0,0.0,0,21,12,2,11,0,0
2025-11-12 22:00:00,88,24.0,33.4,39.0,31.8,358.0,13.3,0.0,0,0,0.0,0,22,12,2,11,0,0
2025-11-12 23:00:00,88,21.7,32.2,45.0,23.3,272.0,13.1,0.0,0,0,0.0,0,23,12,2,11,0,0
2025-11-13 00:00:00,87,23.9,35.9,39.0,24.3,336.0,13.5,0.0,0,0,0.0,0,0,13,3,11,0,0
2025-11-13 01:00:00,86,26.1,39.1,30.0,31.9,707.0,14.7,0.0,0,0,0.0,0,1,13,3,11,0,0
2025-11-13 02:00:00,86,33.9,46.7,18.0,41.9,1230.0,16.6,0.0,0,0,0.0,0,2,13,3,11,0,0
2025-11-13 03:00:00,85,38.4,50.2,21.0,46.1,1524.0,20.5,0.0,0,0,0.0,0,3,13,3,11,0,0
2025-11-13 04:00:00,84,32.4,46.3,49.0,38.8,1356.0,28.5,0.0,0,0,0.0,0,4,13,3,11,0,0
2025-11-13 05:00:00,84,22.9,42.7,92.0,25.6,960.0,38.4,0.0,0,0,0.0,0,5,13,3,11,0,0
2025-11-13 06:00:00,84,22.2,37.4,127.0,15.0,656.0,44.7,0.0,0,0,0.0,0,6,13,3,11,0,1
2025-11-13 07:00:00,84,24.0,36.4,148.0,10.1,586.0,44.3,0.0,0,0,0.0,0,7,13,3,11,0,1
2025-11-13 08:00:00,84,24.3,37.1,163.0,7.7,609.0,40.3,0.0,0,0,0.0,0,8,13,3,11,0,1
2025-11-13 09:00:00,84,24.8,37.8,170.0,7.1,620.0,36.7,0.0,0,0,0.0,0,9,13,3,11,0,1
2025-11-13 10:00:00,84,25.1,38.1,170.0,7.8,557.0,35.3,0.0,0,0,0.0,0,10,13,3,11,0,2
2025-11-13 11:00:00,84,25.6,38.0,163.0,10.3,483.0,34.4,0.0,0,0,0.0,0,11,13,3,11,0,2
2025-11-13 12:00:00,97,24.2,32.6,152.0,14.8,483.0,35.0,0.0,0,0,0.0,0,12,13,3,11,0,2
2025-11-13 13:00:00,119,30.9,37.6,124.0,23.4,629.0,31.1,0.0,0,0,0.0,0,13,13,3,11,0,2
2025-11-13 14:00:00,125,30.3,37.0,85.0,35.2,849.0,25.6,0.0,0,0,0.0,0,14,13,3,11,0,2
2025-11-13 15:00:00,116,27.9,34.8,55.0,43.8,1011.0,21.3,0.0,0,0,0.0,0,15,13,3,11,0,2
2025-11-13 16:00:00,97,26.7,33.8,44.0,45.9,1070.0,19.5,0.0,0,0,0.0,0,16,13,3,11,0,2
2025-11-13 17:00:00,85,27.6,34.8,41.0,44.8,1071.0,18.8,0.0,0,0,0.0,0,17,13,3,11,0,3
2025-11-13 18:00:00,85,29.8,37.0,39.0,43.8,1011.0,18.2,0.0,0,0,0.0,0,18,13,3,11,0,3
2025-11-13 19:00:00,85,31.7,38.4,33.0,44.2,856.0,17.3,0.0,0,0,0.0,0,19,13,3,11,0,3
2025-11-13 20:00:00,85,32.1,38.5,27.0,44.7,641.0,16.5,0.0,0,0,0.0,0,20,13,3,11,0,3
2025-11-13 21:00:00,85,31.8,38.1,23.0,44.3,471.0,15.8,0.0,0,0,0.0,0,21,13,3,11,0,0
2025-11-13 22:00:00,85,30.7,37.1,21.0,41.8,334.0,14.9,0.0,0,0,0.0,0,22,13,3,11,0,0
2025-11-13 23:00:00,86,29.3,35.6,20.0,38.3,241.0,14.0,0.0,0,0,0.0,0,23,13,3,11,0,0
2025-11-14 00:00:00,86,30.6,37.4,15.0,41.6,332.0,14.3,0.0,0,0,0.0,0,0,14,4,11,0,0
2025-11-14 01:00:00,87,31.4,37.4,10.0,44.4,808.0,15.6,0.0,0,0,0.0,0,1,14,4,11,0,0
2025-11-14 02:00:00,87,39.2,44.7,4.0,47.8,1468.0,17.9,0.0,0,0,0.0,0,2,14,4,11,0,0
2025-11-14 03:00:00,88,50.5,55.3,11.0,47.2,1841.0,22.0,0.0,0,0,0.0,0,3,14,4,11,0,0
2025-11-14 04:00:00,89,39.2,47.0,42.0,39.0,1652.0,30.8,0.0,0,0,0.0,0,4,14,4,11,0,0
2025-11-14 05:00:00,89,25.3,37.4,86.0,26.7,1178.0,41.5,0.0,0,0,0.0,0,5,14,4,11,0,0
2025-11-14 06:00:00,89,20.8,31.9,122.0,16.7,775.0,47.2,0.0,0,0,0.0,0,6,14,4,11,0,1
2025-11-14 07:00:00,89,18.3,27.5,141.0,11.1,569.0,43.3,0.0,0,0,0.0,0,7,14,4,11,0,1
2025-11-14 08:00:00,89,17.7,25.6,151.0,7.7,434.0,34.5,0.0,0,0,0.0,0,8,14,4,11,0,1
2025-11-14 09:00:00,88,18.1,25.6,156.0,6.5,357.0,27.6,0.0,0,0,0.0,0,9,14,4,11,0,1
2025-11-14 10:00:00,88,18.5,26.0,157.0,7.0,341.0,25.9,0.0,0,0,0.0,0,10,14,4,11,0,2
2025-11-14 11:00:00,87,18.7,26.4,151.0,9.6,382.0,26.3,0.0,0,0,0.0,0,11,14,4,11,0,2
2025-11-14 12:00:00,87,17.0,22.6,140.0,14.5,455.0,26.7,0.0,0,0,0.0,0,12,14,4,11,0,2
2025-11-14 13:00:00,101,27.0,31.9,114.0,24.6,549.0,24.6,0.0,0,0,0.0,0,13,14,4,11,0,2
2025-11-14 14:00:00,107,27.0,32.6,78.0,38.7,676.0,21.7,0.0,0,0,0.0,0,14,14,4,11,0,2
2025-11-14 15:00:00,98,25.1,31.7,50.0,49.3,844.0,19.5,0.0,0,0,0.0,0,15,14,4,11,0,2
2025-11-14 16:00:00,85,25.0,32.2,38.0,53.2,1131.0,19.0,0.0,0,0,0.0,0,16,14,4,11,0,2
2025-11-14 17:00:00,85,27.1,34.6,34.0,53.7,1459.0,19.2,0.0,0,0,0.0,0,17,14,4,11,0,3
2025-11-14 18:00:00,85,31.4,38.8,30.0,53.8,1601.0,19.0,0.0,0,0,0.0,0,18,14,4,11,0,3
2025-11-14 19:00:00,85,34.9,40.7,24.0,54.8,1401.0,17.8,0.0,0,0,0.0,0,19,14,4,11,0,3
2025-11-14 20:00:00,85,34.1,38.6,18.0,55.4,1016.0,16.3,0.0,0,0,0.0,0,20,14,4,11,0,3
2025-11-14 21:00:00,86,31.5,35.4,15.0,54.1,691.0,15.0,0.0,0,0,0.0,0,21,14,4,11,0,0
2025-11-14 22:00:00,86,28.9,32.2,16.0,48.9,467.0,14.0,0.0,0,0,0.0,0,22,14,4,11,0,0
2025-11-14 23:00:00,85,26.4,29.3,19.0,41.9,303.0,13.3,0.0,0,0,0.0,0,23,14,4,11,0,0
2025-11-15 00:00:00,85,29.7,34.0,9.0,48.7,326.0,13.2,0.0,0,0,0.0,0,0,15,5,11,1,0
2025-11-15 01:00:00,85,30.0,34.0,6.0,49.7,723.0,14.8,0.0,0,0,0.0,0,1,15,5,11,1,0
2025-11-15 02:00:00,85,38.3,42.3,3.0,50.7,1307.0,17.2,0.0,0,0,0.0,0,2,15,5,11,1,0
2025-11-15 03:00:00,85,51.1,54.5,11.0,48.1,1641.0,21.1,0.0,0,0,0.0,0,3,15,5,11,1,0
2025-11-15 04:00:00,85,42.0,48.1,41.0,38.8,1467.0,28.2,0.0,0,0,0.0,0,4,15,5,11,1,0
2025-11-15 05:00:00,85,25.0,37.5,82.0,25.9,1044.0,36.7,0.0,0,0,0.0,0,5,15,5,11,1,0
2025-11-15 06:00:00,85,19.4,29.3,116.0,15.7,705.0,41.9,0.0,0,0,0.0,0,6,15,5,11,1,1
2025-11-15 07:00:00,85,18.1,25.3,137.0,10.3,577.0,41.1,0.0,0,0,0.0,0,7,15,5,11,1,1
2025-11-15 08:00:00,85,18.9,25.1,151.0,7.6,533.0,37.1,0.0,0,0,0.0,0,8,15,5,11,1,1
2025-11-15 09:00:00,85,20.4,26.4,158.0,6.8,532.0,33.5,0.0,0,0,0.0,0,9,15,5,11,1,1
2025-11-15 10:00:00,85,21.3,27.2,161.0,6.5,567.0,31.6,0.0,0,0,0.0,0,10,15,5,11,1,2
2025-11-15 11:00:00,86,21.4,27.2,157.0,8.2,643.0,30.1,0.0,0,0,0.0,0,11,15,5,11,1,2
2025-11-15 12:00:00,86,19.1,22.3,145.0,15.8,737.0,31.8,0.0,0,0,0.0,0,12,15,5,11,1,2
2025-11-15 13:00:00,102,31.1,33.3,115.0,30.3,860.0,29.2,0.0,0,0,0.0,0,13,15,5,11,1,2
2025-11-15 14:00:00,109,30.4,32.4,74.0,50.4,999.0,25.7,0.0,0,0,0.0,0,14,15,5,11,1,2
2025-11-15 15:00:00,100,29.9,31.8,41.0,66.0,1097.0,23.3,0.0,0,0,0.0,0,15,15,5,11,1,2
2025-11-15 16:00:00,87,31.1,32.8,25.0,73.6,1142.0,23.4,0.0,0,0,0.0,0,16,15,5,11,1,2
2025-11-15 17:00:00,87,34.9,36.7,18.0,76.7,1145.0,24.5,0.0,0,0,0.0,0,17,15,5,11,1,3
2025-11-15 18:00:00,88,41.9,43.4,14.0,76.4,1079.0,24.6,0.0,0,0,0.0,0,18,15,5,11,1,3
2025-11-15 19:00:00,89,42.8,44.0,13.0,72.0,890.0,22.3,0.0,0,0,0.0,0,19,15,5,11,1,3
2025-11-15 20:00:00,89,36.7,37.6,17.0,64.1,633.0,18.9,0.0,0,0,0.0,0,20,15,5,11,1,3
2025-11-15 21:00:00,90,31.5,32.4,21.0,55.6,436.0,16.1,0.0,0,0,0.0,0,21,15,5,11,1,0
2025-11-15 22:00:00,90,27.8,28.6,27.0,45.5,325.0,14.5,0.0,0,0,0.0,0,22,15,5,11,1,0
2025-11-15 23:00:00,90,24.7,25.5,35.0,34.9,276.0,13.5,0.0,0,0,0.0,0,23,15,5,11,1,0
2025-11-16 00:00:00,89,24.9,25.5,30.0,36.9,346.0,13.6,0.0,0,0,0.0,0,0,16,6,11,1,0
2025-11-16 01:00:00,89,23.9,24.4,25.0,42.1,647.0,14.6,0.0,0,0,0.0,0,1,16,6,11,1,0
2025-11-16 02:00:00,89,28.9,29.5,19.0,48.7,1068.0,16.2,0.0,0,0,0.0,0,2,16,6,11,1,0
2025-11-16 03:00:00,88,34.3,34.8,26.0,50.0,1332.0,19.1,0.0,0,0,0.0,0,3,16,6,11,1,0
2025-11-16 04:00:00,87,35.9,36.3,58.0,40.8,1297.0,24.9,0.0,0,0,0.0,0,4,16,6,11,1,0
2025-11-16 05:00:00,86,25.2,26.1,102.0,26.2,1105.0,31.8,0.0,0,0,0.0,0,5,16,6,11,1,0
2025-11-16 06:00:00,86,18.1,18.9,137.0,14.6,907.0,35.6,0.0,0,0,0.0,0,6,16,6,11,1,1
2025-11-16 07:00:00,86,15.8,16.5,154.0,9.3,716.0,33.2,0.0,0,0,0.0,0,7,16,6,11,1,1
2025-11-16 08:00:00,86,16.8,17.4,161.0,7.0,518.0,27.6,0.0,0,0,0.0,0,8,16,6,11,1,1
2025-11-16 09:00:00,86,17.7,18.3,164.0,6.7,423.0,23.3,0.0,0,0,0.0,0,9,16,6,11,1,1
2025-11-16 10:00:00,85,18.2,18.9,166.0,4.9,412.0,21.4,0.0,0,0,0.0,0,10,16,6,11,1,2
2025-11-16 11:00:00,85,18.4,19.0,164.0,5.1,502.0,20.8,0.0,0,0,0.0,0,11,16,6,11,1,2
2025-11-16 12:00:00,102,15.5,15.8,147.0,16.4,859.0,22.5,0.0,0,0,0.0,0,12,16,6,11,1,2
2025-11-16 13:00:00,121,32.9,33.2,110.0,43.9,1789.0,25.2,0.0,0,0,0.0,0,13,16,6,11,1,2
2025-11-16 14:00:00,122,44.4,44.6,60.0,81.5,2984.0,29.1,0.0,0,0,0.0,0,14,16,6,11,1,2
2025-11-16 15:00:00,106,48.3,48.4,23.0,107.2,3687.0,32.3,0.0,0,0,0.0,0,15,16,6,11,1,2
2025-11-16 16:00:00,87,51.6,51.7,13.0,109.9,3479.0,34.9,0.0,0,0,0.0,0,16,16,6,11,1,2
2025-11-16 17:00:00,89,53.9,54.1,16.0,100.6,2778.0,37.0,0.0,0,0,0.0,0,17,16,6,11,1,3
2025-11-16 18:00:00,90,54.1,54.4,19.0,91.0,2077.0,36.6,0.0,0,0,0.0,0,18,16,6,11,1,3
2025-11-16 19:00:00,91,50.8,51.1,18.0,84.4,1483.0,32.0,0.0,0,0,0.0,0,19,16,6,11,1,3
2025-11-16 20:00:00,92,45.2,45.4,18.0,77.4,888.0,25.1,0.0,0,0,0.0,0,20,16,6,11,1,3
2025-11-16 21:00:00,93,40.2,40.5,17.0,71.0,464.0,19.5,0.0,0,0,0.0,0,21,16,6,11,1,0
2025-11-16 22:00:00,93,35.5,35.9,16.0,65.3,270.0,16.4,0.0,0,0,0.0,0,22,16,6,11,1,0
2025-11-16 23:00:00,94,30.3,30.5,16.0,60.3,245.0,14.7,0.0,0,0,0.0,0,23,16,6,11,1,0
2025-11-17 00:00:00,94,29.7,30.0,12.0,58.6,382.0,14.1,0.0,0,0,0.0,0,0,17,0,11,0,0
2025-11-17 01:00:00,95,27.4,27.6,9.0,59.7,795.0,15.6,0.0,0,0,0.0,0,1,17,0,11,0,0
2025-11-17 02:00:00,95,32.9,33.3,7.0,60.7,1370.0,18.0,0.0,0,0,0.0,0,2,17,0,11,0,0
2025-11-17 03:00:00,95,42.4,42.6,17.0,57.4,1748.0,22.7,0.0,0,0,0.0,0,3,17,0,11,0,0
2025-11-17 04:00:00,96,40.0,40.4,52.0,46.0,1756.0,32.1,0.0,0,0,0.0,0,4,17,0,11,0,0
2025-11-17 05:00:00,96,28.8,29.4,99.0,30.3,1568.0,43.7,0.0,0,0,0.0,0,5,17,0,11,0,0
2025-11-17 06:00:00,97,19.0,19.5,138.0,18.2,1348.0,51.5,0.0,0,0,0.0,0,6,17,0,11,0,1
2025-11-17 07:00:00,97,18.6,19.0,161.0,12.7,1120.0,51.9,0.0,0,0,0.0,0,7,17,0,11,0,1
2025-11-17 08:00:00,97,20.5,20.8,175.0,10.7,860.0,48.5,0.0,0,0,0.0,0,8,17,0,11,0,1
2025-11-17 09:00:00,97,22.5,22.9,183.0,10.6,659.0,45.7,0.0,0,0,0.0,0,9,17,0,11,0,1
2025-11-17 10:00:00,98,24.6,25.1,189.0,11.0,521.0,45.9,0.0,0,0,0.0,0,10,17,0,11,0,2
2025-11-17 11:00:00,98,26.3,26.7,190.0,13.2,441.0,46.8,0.0,0,0,0.0,0,11,17,0,11,0,2
2025-11-17 12:00:00,119,27.0,27.4,185.0,19.1,501.0,49.2,0.0,0,0,0.0,0,12,17,0,11,0,2
2025-11-17 13:00:00,147,44.9,45.4,147.0,36.8,829.0,44.6,0.0,0,0,0.0,0,13,17,0,11,0,2
2025-11-17 14:00:00,156,44.9,45.5,94.0,60.9,1297.0,38.2,0.0,0,0,0.0,0,14,17,0,11,0,2
2025-11-17 15:00:00,148,42.6,43.4,54.0,77.1,1593.0,32.8,0.0,0,0,0.0,0,15,17,0,11,0,2
2025-11-17 16:00:00,125,41.1,42.3,40.0,77.5,1563.0,29.6,0.0,0,0,0.0,0,16,17,0,11,0,2
2025-11-17 17:00:00,99,41.3,42.7,39.0,70.0,1362.0,27.6,0.0,0,0,0.0,0,17,17,0,11,0,3
2025-11-17 18:00:00,98,43.5,45.3,38.0,63.6,1146.0,26.0,0.0,0,0,0.0,0,18,17,0,11,0,3
2025-11-17 19:00:00,97,45.5,47.6,33.0,62.4,945.0,25.1,0.0,0,0,0.0,0,19,17,0,11,0,3
2025-11-17 20:00:00,97,46.3,48.7,28.0,62.4,728.0,24.7,0.0,0,0,0.0,0,20,17,0,11,0,3
2025-11-17 21:00:00,97,47.3,49.7,25.0,60.6,561.0,23.9,0.0,0,0,0.0,0,21,17,0,11,0,0
2025-11-17 22:00:00,98,47.5,49.7,24.0,54.3,431.0,21.8,0.0,0,0,0.0,0,22,17,0,11,0,0
2025-11-17 23:00:00,99,44.5,46.4,24.0,46.3,350.0,19.3,0.0,0,0,0.0,0,23,17,0,11,0,0
2025-11-18 00:00:00,100,48.1,50.3,22.0,47.3,420.0,21.3,0.0,0,0,0.0,0,0,18,1,11,0,0
2025-11-18 01:00:00,102,47.3,49.2,15.0,50.6,811.0,21.3,0.0,0,0,0.0,0,1,18,1,11,0,0
2025-11-18 02:00:00,104,52.7,54.5,7.0,54.6,1353.0,21.5,0.0,0,0,0.0,0,2,18,1,11,0,0
2025-11-18 03:00:00,106,59.3,60.8,13.0,53.5,1642.0,24.1,0.0,0,0,0.0,0,3,18,1,11,0,0
2025-11-18 04:00:00,108,46.1,48.4,47.0,42.5,1425.0,31.4,0.0,0,0,0.0,0,4,18,1,11,0,0
2025-11-18 05:00:00,108,32.0,36.1,95.0,26.5,956.0,41.1,0.0,0,0,0.0,0,5,18,1,11,0,0
2025-11-18 06:00:00,108,29.5,32.4,136.0,14.2,589.0,47.6,0.0,0,0,0.0,0,6,18,1,11,0,1
2025-11-18 07:00:00,110,28.9,31.0,161.0,9.1,470.0,48.1,0.0,0,0,0.0,0,7,18,1,11,0,1
2025-11-18 08:00:00,111,29.4,31.2,178.0,7.7,453.0,45.5,0.0,0,0,0.0,0,8,18,1,11,0,1
2025-11-18 09:00:00,112,30.4,32.2,188.0,8.0,463.0,43.2,0.0,0,0,0.0,0,9,18,1,11,0,1
2025-11-18 10:00:00,112,31.3,33.2,192.0,8.3,470.0,42.8,0.0,0,0,0.0,0,10,18,1,11,0,2
2025-11-18 11:00:00,113,31.9,33.9,187.0,10.2,504.0,42.7,0.0,0,0,0.0,0,11,18,1,11,0,2
2025-11-18 12:00:00,118,31.7,33.4,177.0,16.2,569.0,44.6,0.0,0,0,0.0,0,12,18,1,11,0,2
2025-11-18 13:00:00,146,45.5,47.3,139.0,32.8,692.0,40.4,0.0,0,0,0.0,0,13,18,1,11,0,2
2025-11-18 14:00:00,154,45.4,47.4,85.0,55.6,847.0,34.6,0.0,0,0,0.0,0,14,18,1,11,0,2
2025-11-18 15:00:00,145,44.6,46.9,44.0,72.3,964.0,30.0,0.0,0,0,0.0,0,15,18,1,11,0,2
2025-11-18 16:00:00,120,45.5,48.1,27.0,77.3,1027.0,28.0,0.0,0,0,0.0,0,16,18,1,11,0,2
2025-11-18 17:00:00,115,46.9,49.5,21.0,76.3,1052.0,27.2,0.0,0,0,0.0,0,17,18,1,11,0,3
2025-11-18 18:00:00,116,48.3,51.0,18.0,73.5,1022.0,26.1,0.0,0,0,0.0,0,18,18,1,11,0,3
2025-11-18 19:00:00,116,48.3,51.0,15.0,70.3,905.0,24.0,0.0,0,0,0.0,0,19,18,1,11,0,3
2025-11-18 20:00:00,116,47.3,50.1,15.0,65.4,733.0,21.5,0.0,0,0,0.0,0,20,18,1,11,0,3
2025-11-18 21:00:00,116,46.1,49.1,16.0,59.4,585.0,19.4,0.0,0,0,0.0,0,21,18,1,11,0,0
2025-11-18 22:00:00,116,44.2,47.4,20.0,50.5,431.0,17.5,0.0,0,0,0.0,0,22,18,1,11,0,0
2025-11-18 23:00:00,116,41.4,44.7,26.0,40.4,302.0,16.0,0.0,0,0,0.0,0,23,18,1,11,0,0
2025-11-19 00:00:00,116,44.4,48.1,23.0,43.4,365.0,18.3,0.0,0,0,0.0,0,0,19,2,11,0,0
2025-11-19 01:00:00,115,44.1,47.7,16.0,48.2,842.0,19.5,0.0,0,0,0.0,0,1,19,2,11,0,0
2025-11-19 02:00:00,115,50.9,54.7,9.0,54.4,1512.0,21.3,0.0,0,0,0.0,0,2,19,2,11,0,0
2025-11-19 03:00:00,115,59.6,62.9,14.0,54.8,1882.0,24.1,0.0,0,0,0.0,0,3,19,2,11,0,0
2025-11-19 04:00:00,115,45.5,49.0,44.0,44.2,1651.0,28.6,0.0,0,0,0.0,0,4,19,2,11,0,0
2025-11-19 05:00:00,115,35.0,39.5,87.0,27.8,1120.0,34.0,0.0,0,0,0.0,0,5,19,2,11,0,0
2025-11-19 06:00:00,115,32.1,35.9,124.0,15.1,696.0,38.8,0.0,0,0,0.0,0,6,19,2,11,0,1
2025-11-19 07:00:00,115,33.2,36.1,150.0,9.7,541.0,42.6,0.0,0,0,0.0,0,7,19,2,11,0,1
2025-11-19 08:00:00,116,35.0,37.6,171.0,7.9,492.0,45.7,0.0,0,0,0.0,0,8,19,2,11,0,1
2025-11-19 09:00:00,116,36.7,39.0,183.0,7.8,468.0,47.4,0.0,0,0,0.0,0,9,19,2,11,0,1
2025-11-19 10:00:00,117,37.6,39.9,184.0,8.4,425.0,47.3,0.0,0,0,0.0,0,10,19,2,11,0,2
2025-11-19 11:00:00,118,37.5,39.7,177.0,10.8,407.0,45.7,0.0,0,0,0.0,0,11,19,2,11,0,2
2025-11-19 12:00:00,118,34.1,35.9,158.0,14.8,462.0,43.0,0.0,0,0,0.0,0,12,19,2,11,0,2
2025-11-19 13:00:00,129,41.7,43.0,125.0,29.7,667.0,39.3,0.0,0,0,0.0,0,13,19,2,11,0,2
2025-11-19 14:00:00,137,42.8,44.1,80.0,50.2,945.0,34.2,0.0,0,0,0.0,0,14,19,2,11,0,2
2025-11-19 15:00:00,128,41.2,42.5,45.0,64.9,1119.0,29.9,0.0,0,0,0.0,0,15,19,2,11,0,2
2025-11-19 16:00:00,117,39.7,41.0,31.0,69.2,1100.0,27.4,0.0,0,0,0.0,0,16,19,2,11,0,2
2025-11-19 17:00:00,117,38.8,40.0,28.0,67.6,976.0,25.7,0.0,0,0,0.0,0,17,19,2,11,0,3
2025-11-19 18:00:00,116,38.1,39.2,29.0,62.5,837.0,23.7,0.0,0,0,0.0,0,18,19,2,11,0,3
2025-11-19 19:00:00,115,35.6,36.8,36.0,52.6,694.0,20.9,0.0,0,0,0.0,0,19,19,2,11,0,3
2025-11-19 20:00:00,114,32.1,33.4,47.0,39.1,536.0,17.8,0.0,0,0,0.0,0,20,19,2,11,0,3
2025-11-19 21:00:00,112,29.5,30.9,55.0,28.3,417.0,15.5,0.0,0,0,0.0,0,21,19,2,11,0,0
2025-11-19 22:00:00,110,27.9,29.3,57.0,21.7,321.0,14.1,0.0,0,0,0.0,0,22,19,2,11,0,0
2025-11-19 23:00:00,109,27.2,28.6,55.0,17.8,265.0,13.5,0.0,0,0,0.0,0,23,19,2,11,0,0
2025-11-20 00:00:00,107,33.5,35.0,40.0,24.1,353.0,14.2,0.0,0,0,0.0,0,0,20,3,11,0,0
2025-11-20 01:00:00,106,38.8,40.0,27.0,31.9,748.0,15.3,0.0,0,0,0.0,0,1,20,3,11,0,0
2025-11-20 02:00:00,105,50.3,51.6,11.0,42.1,1287.0,17.2,0.0,0,0,0.0,0,2,20,3,11,0,0
2025-11-20 03:00:00,105,60.3,61.2,11.0,46.8,1583.0,20.5,0.0,0,0,0.0,0,3,20,3,11,0,0
2025-11-20 04:00:00,105,46.4,47.7,39.0,40.6,1389.0,26.5,0.0,0,0,0.0,0,4,20,3,11,0,0
2025-11-20 05:00:00,106,32.4,34.2,83.0,28.8,952.0,34.0,0.0,0,0,0.0,0,5,20,3,11,0,0
2025-11-20 06:00:00,105,29.0,30.6,122.0,19.0,631.0,40.3,0.0,0,0,0.0,0,6,20,3,11,0,1
2025-11-20 07:00:00,105,30.2,31.7,150.0,13.6,587.0,44.5,0.0,0,0,0.0,0,7,20,3,11,0,1
2025-11-20 08:00:00,105,33.1,34.6,173.0,10.1,658.0,47.4,0.0,0,0,0.0,0,8,20,3,11,0,1
2025-11-20 09:00:00,104,35.0,36.4,186.0,8.8,716.0,48.8,0.0,0,0,0.0,0,9,20,3,11,0,1
2025-11-20 10:00:00,104,36.3,37.7,189.0,9.2,694.0,48.5,0.0,0,0,0.0,0,10,20,3,11,0,2
2025-11-20 11:00:00,104,36.7,38.1,182.0,11.7,658.0,46.7,0.0,0,0,0.0,0,11,20,3,11,0,2
2025-11-20 12:00:00,106,31.7,32.2,173.0,16.4,677.0,48.8,0.0,0,0,0.0,0,12,20,3,11,0,2
2025-11-20 13:00:00,134,36.1,36.7,139.0,27.7,814.0,43.7,0.0,0,0,0.0,0,13,20,3,11,0,2
2025-11-20 14:00:00,146,36.8,37.5,92.0,43.3,1005.0,36.6,0.0,0,0,0.0,0,14,20,3,11,0,2
2025-11-20 15:00:00,140,34.2,34.8,55.0,54.8,1126.0,30.8,0.0,0,0,0.0,0,15,20,3,11,0,2
2025-11-20 16:00:00,119,33.1,33.6,38.0,58.7,1125.0,27.7,0.0,0,0,0.0,0,16,20,3,11,0,2
2025-11-20 17:00:00,101,33.3,34.0,32.0,58.6,1054.0,25.8,0.0,0,0,0.0,0,17,20,3,11,0,3
2025-11-20 18:00:00,101,34.1,34.8,28.0,56.6,944.0,24.0,0.0,0,0,0.0,0,18,20,3,11,0,3
2025-11-20 19:00:00,100,33.4,34.0,26.0,52.6,773.0,21.8,0.0,0,0,0.0,0,19,20,3,11,0,3
2025-11-20 20:00:00,100,31.1,31.8,26.0,46.8,561.0,19.6,0.0,0,0,0.0,0,20,20,3,11,0,3
2025-11-20 21:00:00,100,29.7,30.5,25.0,42.1,406.0,17.8,0.0,0,0,0.0,0,21,20,3,11,0,0
2025-11-20 22:00:00,100,30.4,31.1,21.0,39.6,306.0,16.4,0.0,0,0,0.0,0,22,20,3,11,0,0
2025-11-20 23:00:00,100,33.1,33.6,17.0,38.2,262.0,15.3,0.0,0,0,0.0,0,23,20,3,11,0,0
2025-11-21 00:00:00,101,38.0,38.4,9.0,46.0,368.0,16.7,0.0,0,0,0.0,0,0,21,4,11,0,0
2025-11-21 01:00:00,101,38.5,38.9,5.0,46.1,772.0,17.5,0.0,0,0,0.0,0,1,21,4,11,0,0
2025-11-21 02:00:00,101,46.8,47.1,2.0,46.0,1327.0,18.9,0.0,0,0,0.0,0,2,21,4,11,0,0
2025-11-21 03:00:00,101,58.6,58.8,10.0,44.1,1687.0,22.8,0.0,0,0,0.0,0,3,21,4,11,0,0
2025-11-21 04:00:00,101,40.3,40.6,38.0,39.4,1674.0,31.5,0.0,0,0,0.0,0,4,21,4,11,0,0
2025-11-21 05:00:00,100,24.2,24.7,77.0,33.0,1466.0,42.6,0.0,0,0,0.0,0,5,21,4,11,0,0
2025-11-21 06:00:00,99,24.4,24.8,113.0,26.7,1255.0,50.5,0.0,0,0,0.0,0,6,21,4,11,0,1
2025-11-21 07:00:00,99,26.1,26.7,144.0,20.4,1081.0,52.4,0.0,0,0,0.0,0,7,21,4,11,0,1
2025-11-21 08:00:00,99,27.9,28.6,171.0,14.2,903.0,51.0,0.0,0,0,0.0,0,8,21,4,11,0,1
2025-11-21 09:00:00,98,29.5,30.5,188.0,10.9,792.0,49.3,0.0,0,0,0.0,0,9,21,4,11,0,1
2025-11-21 10:00:00,98,31.1,32.1,192.0,10.5,795.0,48.4,0.0,0,0,0.0,0,10,21,4,11,0,2
2025-11-21 11:00:00,97,32.1,33.2,186.0,12.9,865.0,47.1,0.0,0,0,0.0,0,11,21,4,11,0,2
2025-11-21 12:00:00,102,48.9,50.9,174.0,19.5,934.0,49.9,0.0,0,0,0.0,0,12,21,4,11,0,2
2025-11-21 13:00:00,131,56.9,58.4,135.0,36.2,979.0,45.2,0.0,0,0,0.0,0,13,21,4,11,0,2
2025-11-21 14:00:00,144,56.8,58.2,82.0,59.1,1023.0,38.6,0.0,0,0,0.0,0,14,21,4,11,0,2
2025-11-21 15:00:00,137,54.1,55.6,40.0,76.1,1071.0,33.5,0.0,0,0,0.0,0,15,21,4,11,0,2
2025-11-21 16:00:00,115,53.8,55.4,22.0,81.7,1161.0,31.6,0.0,0,0,0.0,0,16,21,4,11,0,2
2025-11-21 17:00:00,106,56.7,58.3,15.0,81.3,1256.0,31.1,0.0,0,0,0.0,0,17,21,4,11,0,3
2025-11-21 18:00:00,109,59.8,61.5,12.0,79.0,1240.0,30.0,0.0,0,0,0.0,0,18,21,4,11,0,3
2025-11-21 19:00:00,111,59.3,60.8,9.0,76.2,1011.0,27.4,0.0,0,0,0.0,0,19,21,4,11,0,3
2025-11-21 20:00:00,114,56.1,58.0,10.0,71.5,672.0,24.2,0.0,0,0,0.0,0,20,21,4,11,0,3
2025-11-21 21:00:00,117,50.9,52.7,13.0,64.9,423.0,21.4,0.0,0,0,0.0,0,21,21,4,11,0,0
2025-11-21 22:00:00,119,46.3,48.2,20.0,54.1,311.0,19.2,0.0,0,0,0.0,0,22,21,4,11,0,0
2025-11-21 23:00:00,121,42.6,44.6,29.0,41.4,290.0,17.5,0.0,0,0,0.0,0,23,21,4,11,0,0
2025-11-22 00:00:00,122,41.2,43.0,32.0,38.7,420.0,17.4,0.0,0,0,0.0,0,0,22,5,11,1,0
2025-11-22 01:00:00,122,40.5,42.1,26.0,44.1,847.0,17.9,0.0,0,0,0.0,0,1,22,5,11,1,0
2025-11-22 02:00:00,122,45.3,46.8,20.0,51.1,1425.0,18.8,0.0,0,0,0.0,0,2,22,5,11,1,0
2025-11-22 03:00:00,122,51.3,52.6,27.0,52.9,1783.0,20.5,0.0,0,0,0.0,0,3,22,5,11,1,0
2025-11-22 04:00:00,121,52.9,54.1,59.0,44.7,1715.0,23.7,0.0,0,0,0.0,0,4,22,5,11,1,0
2025-11-22 05:00:00,123,50.8,52.6,103.0,31.3,1427.0,27.8,0.0,0,0,0.0,0,5,22,5,11,1,0
2025-11-22 06:00:00,125,52.4,56.5,140.0,20.3,1158.0,31.3,0.0,0,0,0.0,0,6,22,5,11,1,1
2025-11-22 07:00:00,128,49.2,54.2,160.0,14.2,979.0,33.4,0.0,0,0,0.0,0,7,22,5,11,1,1
2025-11-22 08:00:00,131,47.0,52.2,173.0,10.5,820.0,34.9,0.0,0,0,0.0,0,8,22,5,11,1,1
2025-11-22 09:00:00,133,47.3,52.5,180.0,9.4,712.0,36.5,0.0,0,0,0.0,0,9,22,5,11,1,1
2025-11-22 10:00:00,135,48.3,53.7,186.0,10.4,664.0,38.9,0.0,0,0,0.0,0,10,22,5,11,1,2
2025-11-22 11:00:00,136,49.4,54.5,187.0,14.1,666.0,41.4,0.0,0,0,0.0,0,11,22,5,11,1,2
2025-11-22 12:00:00,138,64.3,69.8,181.0,19.9,724.0,49.5,0.0,0,0,0.0,0,12,22,5,11,1,2
2025-11-22 13:00:00,145,73.1,78.0,146.0,33.0,853.0,45.9,0.0,0,0,0.0,0,13,22,5,11,1,2
2025-11-22 14:00:00,153,72.4,77.5,98.0,51.2,1038.0,41.0,0.0,0,0,0.0,0,14,22,5,11,1,2
2025-11-22 15:00:00,145,69.6,75.7,58.0,65.9,1232.0,37.3,0.0,0,0,0.0,0,15,22,5,11,1,2
2025-11-22 16:00:00,145,68.0,75.0,35.0,74.2,1484.0,36.4,0.0,0,0,0.0,0,16,22,5,11,1,2
2025-11-22 17:00:00,146,69.8,78.0,21.0,79.0,1745.0,36.7,0.0,0,0,0.0,0,17,22,5,11,1,3
2025-11-22 18:00:00,147,78.2,86.8,12.0,80.2,1830.0,35.6,0.0,0,0,0.0,0,18,22,5,11,1,3
2025-11-22 19:00:00,149,81.5,87.5,8.0,76.4,1593.0,31.3,0.0,0,0,0.0,0,19,22,5,11,1,3
2025-11-22 20:00:00,150,75.2,79.6,9.0,69.0,1179.0,25.5,0.0,0,0,0.0,0,20,22,5,11,1,3
2025-11-22 21:00:00,151,70.3,73.6,11.0,61.9,838.0,20.9,0.0,0,0,0.0,0,21,22,5,11,1,0
2025-11-22 22:00:00,152,66.1,69.4,12.0,56.0,614.0,18.4,0.0,0,0,0.0,0,22,22,5,11,1,0
2025-11-22 23:00:00,152,62.6,65.9,14.0,50.4,463.0,17.2,0.0,0,0,0.0,0,23,22,5,11,1,0
2025-11-23 00:00:00,153,72.2,75.4,8.0,49.8,496.0,15.7,0.0,0,0,0.0,0,0,23,6,11,1,0
2025-11-23 01:00:00,154,68.2,72.4,5.0,52.4,882.0,17.5,0.0,0,0,0.0,0,1,23,6,11,1,0
2025-11-23 02:00:00,155,72.4,76.6,2.0,55.4,1453.0,20.6,0.0,0,0,0.0,0,2,23,6,11,1,0
2025-11-23 03:00:00,155,79.4,83.4,13.0,53.9,1813.0,26.3,0.0,0,0,0.0,0,3,23,6,11,1,0
2025-11-23 04:00:00,156,70.8,76.4,49.0,43.5,1753.0,38.3,0.0,0,0,0.0,0,4,23,6,11,1,0
2025-11-23 05:00:00,157,56.5,68.2,99.0,28.5,1483.0,53.1,0.0,0,0,0.0,0,5,23,6,11,1,0
2025-11-23 06:00:00,157,51.0,65.0,139.0,16.6,1237.0,61.5,0.0,0,0,0.0,0,6,23,6,11,1,1
2025-11-23 07:00:00,157,50.2,62.4,161.0,10.7,1083.0,57.9,0.0,0,0,0.0,0,7,23,6,11,1,1
2025-11-23 08:00:00,157,48.8,62.2,172.0,7.9,953.0,48.0,0.0,0,0,0.0,0,8,23,6,11,1,1
2025-11-23 09:00:00,157,47.3,63.1,177.0,7.1,874.0,39.8,0.0,0,0,0.0,0,9,23,6,11,1,1
2025-11-23 10:00:00,157,46.4,63.1,176.0,7.1,860.0,36.5,0.0,0,0,0.0,0,10,23,6,11,1,2
2025-11-23 11:00:00,157,46.7,61.7,167.0,9.1,897.0,34.9,0.0,0,0,0.0,0,11,23,6,11,1,2
2025-11-23 12:00:00,157,50.8,58.9,156.0,17.4,973.0,36.7,0.0,0,0,0.0,0,12,23,6,11,1,2
2025-11-23 13:00:00,156,68.9,74.5,120.0,40.3,1121.0,35.3,0.0,0,0,0.0,0,13,23,6,11,1,2
2025-11-23 14:00:00,156,74.0,78.5,70.0,71.8,1308.0,33.4,0.0,0,0,0.0,0,14,23,6,11,1,2
2025-11-23 15:00:00,156,76.4,80.3,32.0,94.5,1420.0,32.2,0.0,0,0,0.0,0,15,23,6,11,1,2
2025-11-23 16:00:00,157,79.9,83.8,17.0,100.5,1409.0,33.0,0.0,0,0,0.0,0,16,23,6,11,1,2
2025-11-23 17:00:00,157,84.3,88.0,15.0,97.6,1325.0,34.7,0.0,0,0,0.0,0,17,23,6,11,1,3
2025-11-23 18:00:00,157,78.9,81.5,14.0,92.1,1200.0,34.6,0.0,0,0,0.0,0,18,23,6,11,1,3
2025-11-23 19:00:00,157,69.6,71.9,13.0,85.6,1016.0,31.3,0.0,0,0,0.0,0,19,23,6,11,1,3
2025-11-23 20:00:00,157,61.0,63.3,13.0,76.5,791.0,26.2,0.0,0,0,0.0,0,20,23,6,11,1,3
2025-11-23 21:00:00,157,54.4,56.6,16.0,66.4,622.0,22.0,0.0,0,0,0.0,0,21,23,6,11,1,0
2025-11-23 22:00:00,156,49.1,51.1,22.0,53.5,518.0,19.2,0.0,0,0,0.0,0,22,23,6,11,1,0
2025-11-23 23:00:00,156,44.7,46.7,29.0,39.6,469.0,17.1,0.0,0,0,0.0,0,23,23,6,11,1,0
2025-11-24 00:00:00,155,47.3,49.5,21.0,45.4,536.0,17.3,0.0,0,0,0.0,0,0,24,0,11,0,0
2025-11-24 01:00:00,154,45.2,47.1,18.0,49.3,830.0,19.1,0.0,0,0,0.0,0,1,24,0,11,0,0
2025-11-24 02:00:00,154,49.5,51.5,15.0,54.1,1240.0,21.8,0.0,0,0,0.0,0,2,24,0,11,0,0
2025-11-24 03:00:00,153,56.0,58.0,23.0,53.6,1494.0,24.7,0.0,0,0,0.0,0,3,24,0,11,0,0
2025-11-24 04:00:00,152,55.5,57.6,52.0,42.6,1454.0,28.6,0.0,0,0,0.0,0,4,24,0,11,0,0
2025-11-24 05:00:00,152,49.8,53.3,93.0,26.1,1259.0,32.7,0.0,0,0,0.0,0,5,24,0,11,0,0
2025-11-24 06:00:00,152,37.7,42.7,124.0,13.4,1054.0,34.1,0.0,0,0,0.0,0,6,24,0,11,0,1
2025-11-24 07:00:00,151,31.3,36.8,138.0,7.6,843.0,30.4,0.0,0,0,0.0,0,7,24,0,11,0,1
2025-11-24 08:00:00,151,28.9,34.1,143.0,5.5,622.0,24.0,0.0,0,0,0.0,0,8,24,0,11,0,1
2025-11-24 09:00:00,150,27.1,31.7,142.0,6.3,521.0,19.1,0.0,0,0,0.0,0,9,24,0,11,0,1
2025-11-24 10:00:00,148,25.7,29.8,137.0,9.3,577.0,17.3,0.0,0,0,0.0,0,10,24,0,11,0,2
2025-11-24 11:00:00,146,25.0,28.6,127.0,15.2,752.0,17.1,0.0,0,0,0.0,0,11,24,0,11,0,2
2025-11-24 12:00:00,144,31.1,34.2,122.0,21.3,1066.0,20.7,0.0,0,0,0.0,0,12,24,0,11,0,2
2025-11-24 13:00:00,142,55.8,58.7,91.0,46.3,1710.0,27.1,0.0,0,0,0.0,0,13,24,0,11,0,2
2025-11-24 14:00:00,140,73.1,76.4,49.0,80.3,2492.0,35.7,0.0,0,0,0.0,0,14,24,0,11,0,2
2025-11-24 15:00:00,140,79.6,82.4,19.0,102.3,2858.0,40.2,0.0,0,0,0.0,0,15,24,0,11,0,2
2025-11-24 16:00:00,140,71.2,72.9,11.0,101.9,2424.0,36.7,0.0,0,0,0.0,0,16,24,0,11,0,2
2025-11-24 17:00:00,140,58.1,58.8,15.0,89.4,1574.0,29.2,0.0,0,0,0.0,0,17,24,0,11,0,3
2025-11-24 18:00:00,137,47.4,48.0,23.0,74.8,904.0,22.5,0.0,0,0,0.0,0,18,24,0,11,0,3
2025-11-24 19:00:00,134,41.8,42.6,33.0,59.6,665.0,18.4,0.0,0,0,0.0,0,19,24,0,11,0,3
2025-11-24 20:00:00,131,39.1,40.4,46.0,42.3,607.0,15.3,0.0,0,0,0.0,0,20,24,0,11,0,3
2025-11-24 21:00:00,128,38.2,39.8,58.0,28.0,576.0,13.1,0.0,0,0,0.0,0,21,24,0,11,0,0
2025-11-24 22:00:00,127,37.7,39.8,69.0,18.0,507.0,11.9,0.0,0,0,0.0,0,22,24,0,11,0,0
2025-11-24 23:00:00,125,37.3,39.6,80.0,11.1,466.0,11.7,0.0,0,0,0.0,0,23,24,0,11,0,0
2025-11-25 00:00:00,125,37.0,39.5,74.0,11.6,495.0,12.3,0.0,0,0,0.0,0,0,25,1,11,0,0
2025-11-25 01:00:00,124,36.9,39.2,68.0,19.3,667.0,13.0,0.0,0,0,0.0,0,1,25,1,11,0,0
2025-11-25 02:00:00,123,39.1,41.4,62.0,29.5,910.0,14.2,0.0,0,0,0.0,0,2,25,1,11,0,0
2025-11-25 03:00:00,122,42.5,44.7,64.0,34.7,1045.0,16.2,0.0,0,0,0.0,0,3,25,1,11,0,0
2025-11-25 04:00:00,120,43.3,45.3,83.0,30.2,969.0,20.2,0.0,0,0,0.0,0,4,25,1,11,0,0
2025-11-25 05:00:00,119,41.7,44.1,111.0,20.7,785.0,25.0,0.0,0,0,0.0,0,5,25,1,11,0,0
2025-11-25 06:00:00,118,42.8,45.3,133.0,12.8,627.0,27.8,0.0,0,0,0.0,0,6,25,1,11,0,1
2025-11-25 07:00:00,119,36.3,38.4,145.0,8.2,530.0,26.7,0.0,0,0,0.0,0,7,25,1,11,0,1
2025-11-25 08:00:00,119,32.8,34.7,152.0,5.1,459.0,23.5,0.0,0,0,0.0,0,8,25,1,11,0,1
2025-11-25 09:00:00,120,33.4,35.3,153.0,4.7,437.0,21.1,0.0,0,0,0.0,0,9,25,1,11,0,1
2025-11-25 10:00:00,120,33.8,35.6,149.0,7.9,480.0,20.6,0.0,0,0,0.0,0,10,25,1,11,0,2
2025-11-25 11:00:00,121,34.5,36.3,139.0,13.8,572.0,20.7,0.0,0,0,0.0,0,11,25,1,11,0,2
2025-11-25 12:00:00,122,29.5,30.2,126.0,19.4,688.0,21.3,0.0,0,0,0.0,0,12,25,1,11,0,2
2025-11-25 13:00:00,122,40.5,40.9,104.0,31.1,861.0,21.3,0.0,0,0,0.0,0,13,25,1,11,0,2
2025-11-25 14:00:00,120,43.4,43.8,75.0,46.7,1059.0,21.3,0.0,0,0,0.0,0,14,25,1,11,0,2
2025-11-25 15:00:00,117,41.9,42.4,55.0,55.1,1158.0,21.1,0.0,0,0,0.0,0,15,25,1,11,0,2
2025-11-25 16:00:00,113,41.4,42.0,55.0,49.7,1081.0,20.7,0.0,0,0,0.0,0,16,25,1,11,0,2
2025-11-25 17:00:00,110,42.4,43.2,66.0,37.1,905.0,20.3,0.0,0,0,0.0,0,17,25,1,11,0,3
2025-11-25 18:00:00,109,43.7,44.6,75.0,26.1,742.0,19.8,0.0,0,0,0.0,0,18,25,1,11,0,3
2025-11-25 19:00:00,108,44.0,45.1,80.0,19.9,621.0,19.4,0.0,0,0,0.0,0,19,25,1,11,0,3
2025-11-25 20:00:00,108,43.9,45.1,83.0,15.3,512.0,19.1,0.0,0,0,0.0,0,20,25,1,11,0,3
2025-11-25 21:00:00,109,43.9,45.2,86.0,11.9,436.0,18.8,0.0,0,0,0.0,0,21,25,1,11,0,0
2025-11-25 22:00:00,110,44.1,45.4,89.0,8.7,381.0,18.5,0.0,0,0,0.0,0,22,25,1,11,0,0
2025-11-25 23:00:00,110,44.5,45.9,92.0,6.6,358.0,18.3,0.0,0,0,0.0,0,23,25,1,11,0,0
2025-11-26 00:00:00,111,44.9,46.2,91.0,7.9,421.0,18.5,0.0,0,0,0.0,0,0,26,2,11,0,0
2025-11-26 01:00:00,112,45.9,47.1,81.0,16.9,665.0,19.4,0.0,0,0,0.0,0,1,26,2,11,0,0
2025-11-26 02:00:00,113,49.4,50.6,68.0,28.9,995.0,20.7,0.0,0,0,0.0,0,2,26,2,11,0,0
2025-11-26 03:00:00,114,53.6,54.7,65.0,35.5,1182.0,21.7,0.0,0,0,0.0,0,3,26,2,11,0,0
2025-11-26 04:00:00,115,54.2,55.4,80.0,31.7,1089.0,22.2,0.0,0,0,0.0,0,4,26,2,11,0,0
2025-11-26 05:00:00,116,49.6,50.9,104.0,22.4,853.0,22.4,0.0,0,0,0.0,0,5,26,2,11,0,0
2025-11-26 06:00:00,117,36.7,37.8,125.0,14.5,652.0,21.9,0.0,0,0,0.0,0,6,26,2,11,0,1
2025-11-26 07:00:00,116,25.1,26.1,138.0,9.5,541.0,19.9,0.0,0,0,0.0,0,7,26,2,11,0,1
2025-11-26 08:00:00,115,21.7,22.9,147.0,5.8,466.0,17.2,0.0,0,0,0.0,0,8,26,2,11,0,1
2025-11-26 09:00:00,114,21.1,22.4,150.0,5.1,445.0,15.4,0.0,0,0,0.0,0,9,26,2,11,0,1
2025-11-26 10:00:00,113,20.8,22.0,146.0,8.5,457.0,15.4,0.0,0,0,0.0,0,10,26,2,11,0,2
2025-11-26 11:00:00,111,20.7,21.9,135.0,14.9,523.0,16.3,0.0,0,0,0.0,0,11,26,2,11,0,2
2025-11-26 12:00:00,110,31.4,32.7,120.0,26.1,724.0,18.7,0.0,0,0,0.0,0,12,26,2,11,0,2
2025-11-26 13:00:00,110,46.1,47.0,93.0,44.3,1241.0,19.1,0.0,0,0,0.0,0,13,26,2,11,0,2
2025-11-26 14:00:00,111,48.5,49.2,55.0,68.7,1892.0,19.6,0.0,0,0,0.0,0,14,26,2,11,0,2
2025-11-26 15:00:00,111,40.2,40.6,32.0,81.4,2220.0,19.3,0.0,0,0,0.0,0,15,26,2,11,0,2
2025-11-26 16:00:00,111,34.0,34.5,35.0,71.7,1923.0,17.5,0.0,0,0,0.0,0,16,26,2,11,0,2
2025-11-26 17:00:00,110,31.0,31.4,52.0,50.4,1301.0,14.9,0.0,0,0,0.0,0,17,26,2,11,0,3
2025-11-26 18:00:00,109,29.9,30.6,67.0,32.3,799.0,12.8,0.0,0,0,0.0,0,18,26,2,11,0,3
2025-11-26 19:00:00,108,30.4,31.2,75.0,22.7,591.0,11.7,0.0,0,0,0.0,0,19,26,2,11,0,3
2025-11-26 20:00:00,106,31.7,32.6,81.0,16.3,503.0,11.1,0.0,0,0,0.0,0,20,26,2,11,0,3
2025-11-26 21:00:00,105,33.3,34.3,87.0,11.6,450.0,10.9,0.0,0,0,0.0,0,21,26,2,11,0,0
2025-11-26 22:00:00,104,34.6,35.7,93.0,7.9,399.0,11.1,0.0,0,0,0.0,0,22,26,2,11,0,0
2025-11-26 23:00:00,103,35.5,36.7,98.0,5.8,384.0,11.7,0.0,0,0,0.0,0,23,26,2,11,0,0
2025-11-27 00:00:00,102,35.0,36.2,90.0,7.9,423.0,12.1,0.0,0,0,0.0,0,0,27,3,11,0,0
2025-11-27 01:00:00,101,36.0,37.1,86.0,14.2,571.0,13.4,0.0,0,0,0.0,0,1,27,3,11,0,0
2025-11-27 02:00:00,100,38.6,39.8,80.0,22.7,774.0,15.2,0.0,0,0,0.0,0,2,27,3,11,0,0
2025-11-27 03:00:00,99,41.1,42.3,81.0,27.0,885.0,17.1,0.0,0,0,0.0,0,3,27,3,11,0,0
2025-11-27 04:00:00,98,41.7,42.6,93.0,23.3,817.0,19.2,0.0,0,0,0.0,0,4,27,3,11,0,0
2025-11-27 05:00:00,97,37.1,38.3,112.0,15.6,657.0,21.3,0.0,0,0,0.0,0,5,27,3,11,0,0
2025-11-27 06:00:00,96,29.0,29.9,127.0,9.2,526.0,22.1,0.0,0,0,0.0,0,6,27,3,11,0,1
2025-11-27 07:00:00,95,24.5,25.6,136.0,6.0,460.0,20.4,0.0,0,0,0.0,0,7,27,3,11,0,1
2025-11-27 08:00:00,95,25.1,26.4,141.0,4.2,421.0,17.4,0.0,0,0,0.0,0,8,27,3,11,0,1
2025-11-27 09:00:00,96,25.4,26.7,143.0,4.2,420.0,15.2,0.0,0,0,0.0,0,9,27,3,11,0,1
2025-11-27 10:00:00,96,25.8,27.2,141.0,6.4,469.0,14.7,0.0,0,0,0.0,0,10,27,3,11,0,2
2025-11-27 11:00:00,96,26.7,27.9,135.0,10.3,556.0,15.0,0.0,0,0,0.0,0,11,27,3,11,0,2
2025-11-27 12:00:00,97,31.2,32.0,126.0,15.4,649.0,16.1,0.0,0,0,0.0,0,12,27,3,11,0,2
2025-11-27 13:00:00,97,37.5,38.1,113.0,21.4,762.0,16.9,0.0,0,0,0.0,0,13,27,3,11,0,2
2025-11-27 14:00:00,96,39.9,40.5,95.0,29.4,883.0,18.0,0.0,0,0,0.0,0,14,27,3,11,0,2
2025-11-27 15:00:00,96,39.5,39.9,83.0,33.5,938.0,18.9,0.0,0,0,0.0,0,15,27,3,11,0,2
2025-11-27 16:00:00,95,37.8,38.4,83.0,30.4,882.0,19.4,0.0,0,0,0.0,0,16,27,3,11,0,2
2025-11-27 17:00:00,96,36.3,36.8,89.0,23.4,761.0,19.7,0.0,0,0,0.0,0,17,27,3,11,0,3
2025-11-27 18:00:00,96,34.5,35.0,96.0,17.0,644.0,19.8,0.0,0,0,0.0,0,18,27,3,11,0,3
2025-11-27 19:00:00,97,32.6,33.2,102.0,12.5,546.0,19.6,0.0,0,0,0.0,0,19,27,3,11,0,3
2025-11-27 20:00:00,97,31.3,31.9,107.0,8.7,452.0,19.1,0.0,0,0,0.0,0,20,27,3,11,0,3
2025-11-27 21:00:00,97,31.1,31.5,111.0,6.0,391.0,18.8,0.0,0,0,0.0,0,21,27,3,11,0,0
2025-11-27 22:00:00,97,31.4,31.9,112.0,4.3,366.0,18.7,0.0,0,0,0.0,0,22,27,3,11,0,0
2025-11-27 23:00:00,96,31.9,32.5,111.0,3.7,374.0,18.7,0.0,0,0,0.0,0,23,27,3,11,0,0
2025-11-28 00:00:00,96,31.5,32.2,104.0,5.8,438.0,19.0,0.0,0,0,0.0,0,0,28,4,11,0,0
2025-11-28 01:00:00,96,32.2,32.9,97.0,12.2,617.0,19.7,0.0,0,0,0.0,0,1,28,4,11,0,0
2025-11-28 02:00:00,95,34.6,35.4,88.0,20.7,853.0,20.6,0.0,0,0,0.0,0,2,28,4,11,0,0
2025-11-28 03:00:00,95,37.5,38.3,86.0,25.4,994.0,21.6,0.0,0,0,0.0,0,3,28,4,11,0,0
2025-11-28 04:00:00,95,38.6,39.6,99.0,22.7,955.0,22.9,0.0,0,0,0.0,0,4,28,4,11,0,0
2025-11-28 05:00:00,95,39.1,40.5,118.0,16.1,822.0,24.2,0.0,0,0,0.0,0,5,28,4,11,0,0
2025-11-28 06:00:00,95,41.2,43.0,135.0,10.6,699.0,24.5,0.0,0,0,0.0,0,6,28,4,11,0,1
2025-11-28 07:00:00,96,41.1,42.8,145.0,7.3,608.0,22.7,0.0,0,0,0.0,0,7,28,4,11,0,1
2025-11-28 08:00:00,97,39.0,40.7,151.0,4.9,528.0,19.9,0.0,0,0,0.0,0,8,28,4,11,0,1
2025-11-28 09:00:00,98,37.7,39.6,153.0,4.8,496.0,17.9,0.0,0,0,0.0,0,9,28,4,11,0,1
2025-11-28 10:00:00,99,37.4,39.2,149.0,7.9,537.0,17.8,0.0,0,0,0.0,0,10,28,4,11,0,2
2025-11-28 11:00:00,100,38.0,39.7,140.0,13.2,626.0,18.5,0.0,0,0,0.0,0,11,28,4,11,0,2
2025-11-28 12:00:00,101,34.0,34.9,128.0,19.0,730.0,19.8,0.0,0,0,0.0,0,12,28,4,11,0,2
2025-11-28 13:00:00,105,41.6,42.3,112.0,25.9,864.0,20.0,0.0,0,0,0.0,0,13,28,4,11,0,2
2025-11-28 14:00:00,103,43.8,44.4,91.0,35.2,1012.0,20.2,0.0,0,0,0.0,0,14,28,4,11,0,2
2025-11-28 15:00:00,102,43.5,44.1,77.0,40.1,1094.0,20.6,0.0,0,0,0.0,0,15,28,4,11,0,2
2025-11-28 16:00:00,103,43.7,44.2,77.0,36.7,1066.0,21.2,0.0,0,0,0.0,0,16,28,4,11,0,2
2025-11-28 17:00:00,103,44.0,44.8,85.0,29.0,972.0,21.9,0.0,0,0,0.0,0,17,28,4,11,0,3
2025-11-28 18:00:00,104,44.2,45.1,93.0,21.9,868.0,22.2,0.0,0,0,0.0,0,18,28,4,11,0,3
2025-11-28 19:00:00,105,43.3,44.1,98.0,16.8,760.0,21.9,0.0,0,0,0.0,0,19,28,4,11,0,3
2025-11-28 20:00:00,106,41.9,42.7,103.0,12.3,643.0,21.2,0.0,0,0,0.0,0,20,28,4,11,0,3
2025-11-28 21:00:00,107,40.7,41.6,107.0,9.0,556.0,20.8,0.0,0,0,0.0,0,21,28,4,11,0,0
2025-11-28 22:00:00,108,39.7,40.5,109.0,6.4,500.0,20.7,0.0,0,0,0.0,0,22,28,4,11,0,0
2025-11-28 23:00:00,109,39.0,39.8,109.0,5.0,474.0,20.7,0.0,0,0,0.0,0,23,28,4,11,0,0
2025-11-29 00:00:00,110,39.2,40.0,104.0,6.8,514.0,20.9,0.0,0,0,0.0,0,0,29,5,11,1,0
2025-11-29 01:00:00,111,39.7,40.5,95.0,14.7,686.0,22.0,0.0,0,0,0.0,0,1,29,5,11,1,0
2025-11-29 02:00:00,112,42.5,43.4,83.0,25.3,924.0,23.5,0.0,0,0,0.0,0,2,29,5,11,1,0
2025-11-29 03:00:00,112,46.3,47.1,81.0,31.1,1061.0,25.2,0.0,0,0,0.0,0,3,29,5,11,1,0
2025-11-29 04:00:00,113,47.3,48.1,97.0,27.5,1002.0,27.5,0.0,0,0,0.0,0,4,29,5,11,1,0
2025-11-29 05:00:00,114,45.8,46.9,122.0,19.2,843.0,30.0,0.0,0,0,0.0,0,5,29,5,11,1,0
2025-11-29 06:00:00,115,45.5,47.0,142.0,12.2,701.0,31.1,0.0,0,0,0.0,0,6,29,5,11,1,1
2025-11-29 07:00:00,115,44.6,46.4,154.0,8.3,603.0,29.4,0.0,0,0,0.0,0,7,29,5,11,1,1
2025-11-29 08:00:00,116,42.3,44.1,161.0,5.7,523.0,26.2,0.0,0,0,0.0,0,8,29,5,11,1,1
2025-11-29 09:00:00,116,40.9,42.7,163.0,5.7,499.0,23.9,0.0,0,0,0.0,0,9,29,5,11,1,1
2025-11-29 10:00:00,116,40.3,42.0,159.0,8.8,553.0,23.7,0.0,0,0,0.0,0,10,29,5,11,1,2
2025-11-29 11:00:00,117,40.7,42.4,150.0,14.4,663.0,24.4,0.0,0,0,0.0,0,11,29,5,11,1,2
2025-11-29 12:00:00,117,25.4,25.8,139.0,19.2,799.0,24.6,0.0,0,0,0.0,0,12,29,5,11,1,2
2025-11-29 13:00:00,120,37.8,38.2,118.0,29.3,996.0,23.9,0.0,0,0,0.0,0,13,29,5,11,1,2
2025-11-29 14:00:00,119,40.3,40.5,90.0,42.9,1220.0,22.9,0.0,0,0,0.0,0,14,29,5,11,1,2
2025-11-29 15:00:00,115,38.8,39.0,72.0,49.9,1338.0,22.0,0.0,0,0,0.0,0,15,29,5,11,1,2
2025-11-29 16:00:00,115,38.4,38.9,73.0,44.3,1266.0,21.4,0.0,0,0,0.0,0,16,29,5,11,1,2
2025-11-29 17:00:00,114,39.1,39.6,83.0,32.2,1088.0,20.8,0.0,0,0,0.0,0,17,29,5,11,1,3
2025-11-29 18:00:00,114,39.2,39.8,91.0,22.0,923.0,20.4,0.0,0,0,0.0,0,18,29,5,11,1,3
2025-11-29 19:00:00,113,38.4,38.9,93.0,17.0,808.0,20.1,0.0,0,0,0.0,0,19,29,5,11,1,3
2025-11-29 20:00:00,113,36.8,37.4,93.0,14.1,707.0,19.8,0.0,0,0,0.0,0,20,29,5,11,1,3
2025-11-29 21:00:00,112,35.5,36.1,92.0,11.9,626.0,19.7,0.0,0,0,0.0,0,21,29,5,11,1,0
2025-11-29 22:00:00,112,34.6,35.2,92.0,9.4,546.0,19.5,0.0,0,0,0.0,0,22,29,5,11,1,0
2025-11-29 23:00:00,111,34.0,34.6,92.0,7.8,486.0,19.5,0.0,0,0,0.0,0,23,29,5,11,1,0
2025-11-30 00:00:00,111,34.1,34.7,86.0,10.0,514.0,19.3,0.0,0,0,0.0,0,0,30,6,11,1,0
2025-11-30 01:00:00,110,34.7,35.3,76.0,19.9,714.0,20.4,0.0,0,0,0.0,0,1,30,6,11,1,0
2025-11-30 02:00:00,110,38.4,39.0,62.0,33.1,1001.0,22.1,0.0,0,0,0.0,0,2,30,6,11,1,0
2025-11-30 03:00:00,109,43.9,44.5,61.0,40.0,1186.0,24.1,0.0,0,0,0.0,0,3,30,6,11,1,0
2025-11-30 04:00:00,109,49.1,49.6,82.0,34.7,1182.0,26.9,0.0,0,0,0.0,0,4,30,6,11,1,0
2025-11-30 05:00:00,109,46.3,47.1,115.0,23.0,1077.0,30.0,0.0,0,0,0.0,0,5,30,6,11,1,0
2025-11-30 06:00:00,109,36.9,38.1,141.0,13.7,946.0,32.5,0.0,0,0,0.0,0,6,30,6,11,1,1
2025-11-30 07:00:00,108,30.7,31.7,153.0,9.3,770.0,33.7,0.0,0,0,0.0,0,7,30,6,11,1,1
2025-11-30 08:00:00,107,27.9,28.8,158.0,7.1,568.0,34.3,0.0,0,0,0.0,0,8,30,6,11,1,1
2025-11-30 09:00:00,105,26.6,27.5,157.0,7.7,469.0,34.8,0.0,0,0,0.0,0,9,30,6,11,1,1
2025-11-30 10:00:00,104,26.1,27.0,152.0,10.4,564.0,35.5,0.0,0,0,0.0,0,10,30,6,11,1,2
2025-11-30 11:00:00,102,25.7,26.5,142.0,15.9,762.0,36.0,0.0,0,0,0.0,0,11,30,6,11,1,2
2025-11-30 12:00:00,101,22.4,22.4,127.0,25.1,925.0,36.5,0.0,0,0,0.0,0,12,30,6,11,1,2
2025-11-30 13:00:00,110,38.0,38.1,99.0,44.1,965.0,35.3,0.0,0,0,0.0,0,13,30,6,11,1,2
2025-11-30 14:00:00,107,39.5,39.6,60.0,70.0,969.0,33.5,0.0,0,0,0.0,0,14,30,6,11,1,2
2025-11-30 15:00:00,100,38.1,38.1,30.0,88.1,1059.0,31.9,0.0,0,0,0.0,0,15,30,6,11,1,2
2025-11-30 16:00:00,100,38.3,38.4,19.0,91.0,1379.0,30.9,0.0,0,0,0.0,0,16,30,6,11,1,2
2025-11-30 17:00:00,100,39.9,40.2,18.0,86.1,1783.0,30.1,0.0,0,0,0.0,0,17,30,6,11,1,3
2025-11-30 18:00:00,100,41.6,41.8,17.0,80.2,1961.0,28.7,0.0,0,0,0.0,0,18,30,6,11,1,3
2025-11-30 19:00:00,101,42.6,42.7,13.0,75.9,1704.0,25.9,0.0,0,0,0.0,0,19,30,6,11,1,3
2025-11-30 20:00:00,101,42.3,42.5,11.0,70.7,1220.0,22.4,0.0,0,0,0.0,0,20,30,6,11,1,3
2025-11-30 21:00:00,102,41.6,41.8,12.0,63.7,817.0,19.9,0.0,0,0,0.0,0,21,30,6,11,1,0
2025-11-30 22:00:00,102,38.9,39.2,21.0,51.8,545.0,19.0,0.0,0,0,0.0,0,22,30,6,11,1,0
2025-11-30 23:00:00,103,33.5,33.9,35.0,38.2,354.0,18.9,0.0,0,0,0.0,0,23,30,6,11,1,0
2025-12-01 00:00:00,103,28.6,29.3,44.0,30.9,404.0,19.3,0.0,0,0,0.0,0,0,1,0,12,0,0
2025-12-01 01:00:00,102,27.2,28.2,34.0,40.2,945.0,20.3,0.0,0,0,0.0,0,1,1,0,12,0,0
2025-12-01 02:00:00,101,32.8,34.0,21.0,52.4,1727.0,21.7,0.0,0,0,0.0,0,2,1,0,12,0,0
2025-12-01 03:00:00,101,44.4,45.5,20.0,57.1,2159.0,23.2,0.0,0,0,0.0,0,3,1,0,12,0,0
2025-12-01 04:00:00,101,37.6,39.5,43.0,47.0,1893.0,24.9,0.0,0,0,0.0,0,4,1,0,12,0,0
2025-12-01 05:00:00,100,28.3,33.1,79.0,29.5,1278.0,26.7,0.0,0,0,0.0,0,5,1,0,12,0,0
2025-12-01 06:00:00,98,22.5,31.1,106.0,15.5,764.0,27.8,0.0,0,0,0.0,0,6,1,0,12,0,1
2025-12-01 07:00:00,97,20.0,29.6,118.0,9.4,507.0,27.7,0.0,0,0,0.0,0,7,1,0,12,0,1
2025-12-01 08:00:00,96,18.9,28.5,121.0,7.0,351.0,26.9,0.0,0,0,0.0,0,8,1,0,12,0,1
2025-12-01 09:00:00,96,18.0,27.8,121.0,6.6,286.0,26.2,0.0,0,0,0.0,0,9,1,0,12,0,1
2025-12-01 10:00:00,95,17.6,27.9,120.0,6.6,311.0,26.1,0.0,0,0,0.0,0,10,1,0,12,0,2
2025-12-01 11:00:00,94,17.4,27.9,114.0,8.7,426.0,26.1,0.0,0,0,0.0,0,11,1,0,12,0,2
2025-12-01 12:00:00,94,16.0,24.6,102.0,15.7,618.0,24.9,0.0,0,0,0.0,0,12,1,0,12,0,2
2025-12-01 13:00:00,93,25.8,32.1,78.0,32.5,929.0,24.0,0.0,0,0,0.0,0,13,1,0,12,0,2
2025-12-01 14:00:00,92,30.3,36.1,45.0,55.7,1317.0,22.9,0.0,0,0,0.0,0,14,1,0,12,0,2
2025-12-01 15:00:00,91,31.7,37.4,21.0,73.0,1646.0,22.0,0.0,0,0,0.0,0,15,1,0,12,0,2
2025-12-01 16:00:00,91,32.9,38.9,12.0,79.6,1900.0,22.0,0.0,0,0,0.0,0,16,1,0,12,0,2
2025-12-01 17:00:00,90,35.0,41.9,12.0,80.4,2096.0,22.4,0.0,0,0,0.0,0,17,1,0,12,0,3
2025-12-01 18:00:00,90,37.5,45.9,15.0,77.0,2146.0,22.1,0.0,0,0,0.0,0,18,1,0,12,0,3
2025-12-01 19:00:00,90,35.4,44.5,23.0,67.7,1977.0,20.6,0.0,0,0,0.0,0,19,1,0,12,0,3
2025-12-01 20:00:00,89,32.7,41.6,34.0,54.4,1662.0,18.5,0.0,0,0,0.0,0,20,1,0,12,0,3
2025-12-01 21:00:00,88,31.9,41.1,39.0,44.4,1338.0,16.6,0.0,0,0,0.0,0,21,1,0,12,0,0
2025-12-01 22:00:00,88,32.4,41.2,33.0,41.0,982.0,14.7,0.0,0,0,0.0,0,22,1,0,12,0,0
2025-12-01 23:00:00,87,31.2,37.6,21.0,41.0,615.0,13.0,0.0,0,0,0.0,0,23,1,0,12,0,0
2025-12-02 00:00:00,87,33.4,39.2,13.0,45.6,441.0,15.5,0.0,0,0,0.0,0,0,2,1,12,0,0
2025-12-02 01:00:00,87,31.9,36.1,9.0,46.8,629.0,16.3,0.0,0,0,0.0,0,1,2,1,12,0,0
2025-12-02 02:00:00,88,36.7,40.5,5.0,48.3,1009.0,17.7,0.0,0,0,0.0,0,2,2,1,12,0,0
2025-12-02 03:00:00,88,44.9,47.6,12.0,47.2,1274.0,21.3,0.0,0,0,0.0,0,3,2,1,12,0,0
2025-12-02 04:00:00,88,40.6,43.9,38.0,41.6,1289.0,29.1,0.0,0,0,0.0,0,4,2,1,12,0,0
2025-12-02 05:00:00,88,33.9,40.0,74.0,33.6,1189.0,39.2,0.0,0,0,0.0,0,5,2,1,12,0,0
2025-12-02 06:00:00,89,30.9,42.7,105.0,26.3,1067.0,46.9,0.0,0,0,0.0,0,6,2,1,12,0,1
2025-12-02 07:00:00,89,29.8,48.3,125.0,20.5,918.0,50.3,0.0,0,0,0.0,0,7,2,1,12,0,1
2025-12-02 08:00:00,90,30.3,51.2,139.0,15.6,747.0,51.4,0.0,0,0,0.0,0,8,2,1,12,0,1
2025-12-02 09:00:00,91,30.5,49.6,148.0,12.8,661.0,51.6,0.0,0,0,0.0,0,9,2,1,12,0,1
2025-12-02 10:00:00,92,31.0,48.1,156.0,10.3,666.0,51.1,0.0,0,0,0.0,0,10,2,1,12,0,2
2025-12-02 11:00:00,93,31.5,47.1,159.0,10.0,756.0,49.7,0.0,0,0,0.0,0,11,2,1,12,0,2
2025-12-02 12:00:00,94,29.5,44.1,151.0,18.0,1022.0,52.6,0.0,0,0,0.0,0,12,2,1,12,0,2
2025-12-02 13:00:00,95,49.2,61.7,111.0,48.1,1707.0,52.5,0.0,0,0,0.0,0,13,2,1,12,0,2
2025-12-02 14:00:00,99,60.5,70.8,56.0,89.0,2568.0,52.1,0.0,0,0,0.0,0,14,2,1,12,0,2
2025-12-02 15:00:00,99,64.5,72.6,17.0,116.3,2966.0,50.6,0.0,0,0,0.0,0,15,2,1,12,0,2
2025-12-02 16:00:00,103,68.0,74.7,7.0,118.2,2460.0,47.6,0.0,0,0,0.0,0,16,2,1,12,0,2
2025-12-02 17:00:00,106,65.7,70.5,12.0,106.4,1491.0,43.4,0.0,0,0,0.0,0,17,2,1,12,0,3
2025-12-02 18:00:00,110,54.4,56.9,20.0,91.3,739.0,38.2,0.0,0,0,0.0,0,18,2,1,12,0,3
2025-12-02 19:00:00,111,44.4,45.9,30.0,74.2,494.0,31.0,0.0,0,0,0.0,0,19,2,1,12,0,3
2025-12-02 20:00:00,112,37.0,38.1,43.0,53.8,465.0,22.7,0.0,0,0,0.0,0,20,2,1,12,0,3
2025-12-02 21:00:00,113,32.0,32.9,55.0,36.6,461.0,16.3,0.0,0,0,0.0,0,21,2,1,12,0,0
2025-12-02 22:00:00,113,27.9,29.0,64.0,24.0,394.0,13.2,0.0,0,0,0.0,0,22,2,1,12,0,0
2025-12-02 23:00:00,112,24.3,25.5,71.0,14.6,351.0,12.0,0.0,0,0,0.0,0,23,2,1,12,0,0
2025-12-03 00:00:00,112,23.6,24.7,64.0,12.8,406.0,11.8,0.0,0,0,0.0,0,0,3,2,12,0,0
2025-12-03 01:00:00,111,22.2,23.4,56.0,21.5,657.0,12.7,0.0,0,0,0.0,0,1,3,2,12,0,0
2025-12-03 02:00:00,110,24.3,25.6,46.0,33.2,1006.0,14.0,0.0,0,0,0.0,0,2,3,2,12,0,0
2025-12-03 03:00:00,108,28.3,29.5,46.0,39.1,1226.0,15.2,0.0,0,0,0.0,0,3,3,2,12,0,0
2025-12-03 04:00:00,106,31.2,32.0,67.0,33.8,1207.0,16.2,0.0,0,0,0.0,0,4,3,2,12,0,0
2025-12-03 05:00:00,106,26.1,27.6,98.0,22.8,1059.0,17.1,0.0,0,0,0.0,0,5,3,2,12,0,0
2025-12-03 06:00:00,105,21.8,24.0,123.0,13.7,887.0,17.5,0.0,0,0,0.0,0,6,3,2,12,0,1
2025-12-03 07:00:00,104,19.2,21.6,135.0,9.3,688.0,17.0,0.0,0,0,0.0,0,7,3,2,12,0,1
2025-12-03 08:00:00,103,18.0,20.4,140.0,6.8,464.0,16.0,0.0,0,0,0.0,0,8,3,2,12,0,1
2025-12-03 09:00:00,101,17.5,19.6,142.0,6.0,335.0,15.2,0.0,0,0,0.0,0,9,3,2,12,0,1
2025-12-03 10:00:00,100,17.0,19.0,140.0,6.9,373.0,14.8,0.0,0,0,0.0,0,10,3,2,12,0,2
2025-12-03 11:00:00,99,16.9,18.7,135.0,9.5,505.0,14.7,0.0,0,0,0.0,0,11,3,2,12,0,2
2025-12-03 12:00:00,98,18.6,20.2,124.0,12.9,627.0,14.7,0.0,0,0,0.0,0,12,3,2,12,0,2
2025-12-03 13:00:00,97,25.6,26.7,109.0,18.6,719.0,14.6,0.0,0,0,0.0,0,13,3,2,12,0,2
2025-12-03 14:00:00,95,27.6,28.6,89.0,26.2,800.0,14.5,0.0,0,0,0.0,0,14,3,2,12,0,2
2025-12-03 15:00:00,92,27.5,28.6,74.0,30.9,829.0,14.4,0.0,0,0,0.0,0,15,3,2,12,0,2
2025-12-03 16:00:00,90,28.3,29.6,68.0,30.0,770.0,14.4,0.0,0,0,0.0,0,16,3,2,12,0,2
2025-12-03 17:00:00,86,29.4,30.9,68.0,26.0,658.0,14.5,0.0,0,0,0.0,0,17,3,2,12,0,3
2025-12-03 18:00:00,84,29.8,31.3,69.0,21.7,555.0,14.4,0.0,0,0,0.0,0,18,3,2,12,0,3
2025-12-03 19:00:00,82,29.4,31.1,73.0,17.5,475.0,13.9,0.0,0,0,0.0,0,19,3,2,12,0,3
2025-12-03 20:00:00,80,28.8,30.5,78.0,13.0,404.0,13.3,0.0,0,0,0.0,0,20,3,2,12,0,3
2025-12-03 21:00:00,80,28.5,30.2,83.0,9.5,356.0,13.0,0.0,0,0,0.0,0,21,3,2,12,0,0
2025-12-03 22:00:00,80,28.2,29.9,86.0,7.0,321.0,13.3,0.0,0,0,0.0,0,22,3,2,12,0,0
2025-12-03 23:00:00,80,28.0,29.6,87.0,5.5,310.0,13.9,0.0,0,0,0.0,0,23,3,2,12,0,0
2025-12-04 00:00:00,80,28.1,29.6,84.0,6.9,370.0,14.5,0.0,0,0,0.0,0,0,4,3,12,0,0
2025-12-04 01:00:00,80,28.4,29.8,78.0,12.8,578.0,15.9,0.0,0,0,0.0,0,1,4,3,12,0,0
2025-12-04 02:00:00,81,30.4,31.5,70.0,20.8,857.0,17.8,0.0,0,0,0.0,0,2,4,3,12,0,0
2025-12-04 03:00:00,81,32.6,33.6,69.0,25.1,1023.0,19.4,0.0,0,0,0.0,0,3,4,3,12,0,0
2025-12-04 04:00:00,82,33.1,33.9,80.0,22.2,974.0,20.6,0.0,0,0,0.0,0,4,4,3,12,0,0
2025-12-04 05:00:00,82,30.0,30.9,97.0,15.6,812.0,21.4,0.0,0,0,0.0,0,5,4,3,12,0,0
2025-12-04 06:00:00,82,24.8,25.4,113.0,10.2,665.0,21.7,0.0,0,0,0.0,0,6,4,3,12,0,1
2025-12-04 07:00:00,82,21.5,21.9,125.0,7.4,554.0,20.9,0.0,0,0,0.0,0,7,4,3,12,0,1
2025-12-04 08:00:00,82,20.4,20.8,135.0,5.7,457.0,19.4,0.0,0,0,0.0,0,8,4,3,12,0,1
2025-12-04 09:00:00,83,20.3,20.7,140.0,5.4,436.0,18.4,0.0,0,0,0.0,0,9,4,3,12,0,1
2025-12-04 10:00:00,83,20.4,20.8,140.0,5.9,529.0,18.4,0.0,0,0,0.0,0,10,4,3,12,0,2
2025-12-04 11:00:00,83,20.3,20.7,135.0,7.9,697.0,18.9,0.0,0,0,0.0,0,11,4,3,12,0,2
2025-12-04 12:00:00,83,15.6,15.7,124.0,13.8,883.0,21.4,0.0,0,0,0.0,0,12,4,3,12,0,2
2025-12-04 13:00:00,83,27.5,27.6,99.0,29.0,1120.0,20.7,0.0,0,0,0.0,0,13,4,3,12,0,2
2025-12-04 14:00:00,83,30.5,30.5,64.0,49.4,1376.0,19.6,0.0,0,0,0.0,0,14,4,3,12,0,2
2025-12-04 15:00:00,83,27.4,27.4,41.0,61.1,1495.0,18.3,0.0,0,0,0.0,0,15,4,3,12,0,2
2025-12-04 16:00:00,83,24.3,24.3,42.0,55.6,1371.0,16.6,0.0,0,0,0.0,0,16,4,3,12,0,2
2025-12-04 17:00:00,83,22.3,22.3,54.0,41.3,1110.0,14.8,0.0,0,0,0.0,0,17,4,3,12,0,3
2025-12-04 18:00:00,83,21.4,21.5,64.0,29.2,881.0,13.3,0.0,0,0,0.0,0,18,4,3,12,0,3
2025-12-04 19:00:00,82,20.9,21.0,66.0,23.2,741.0,12.5,0.0,0,0,0.0,0,19,4,3,12,0,3
2025-12-04 20:00:00,81,20.0,20.1,66.0,19.3,632.0,12.1,0.0,0,0,0.0,0,20,4,3,12,0,3
2025-12-04 21:00:00,81,19.0,19.2,65.0,16.5,547.0,11.9,0.0,0,0,0.0,0,21,4,3,12,0,0
2025-12-04 22:00:00,80,18.2,18.3,64.0,13.7,447.0,11.7,0.0,0,0,0.0,0,22,4,3,12,0,0
2025-12-04 23:00:00,79,17.4,17.6,61.0,12.0,372.0,11.7,0.0,0,0,0.0,0,23,4,3,12,0,0
2025-12-05 00:00:00,78,17.6,17.7,53.0,14.5,432.0,11.5,0.0,0,0,0.0,0,0,5,4,12,0,0
2025-12-05 01:00:00,77,18.4,18.5,40.0,24.6,762.0,12.8,0.0,0,0,0.0,0,1,5,4,12,0,0
2025-12-05 02:00:00,77,23.4,23.6,24.0,38.1,1227.0,14.7,0.0,0,0,0.0,0,2,5,4,12,0,0
2025-12-05 03:00:00,76,31.3,31.4,21.0,45.2,1540.0,17.4,0.0,0,0,0.0,0,3,5,4,12,0,0
2025-12-05 04:00:00,76,30.3,30.4,45.0,39.9,1570.0,21.6,0.0,0,0,0.0,0,4,5,4,12,0,0
2025-12-05 05:00:00,76,26.3,26.5,82.0,28.2,1447.0,26.5,0.0,0,0,0.0,0,5,5,4,12,0,0
2025-12-05 06:00:00,75,17.8,18.0,113.0,18.3,1275.0,29.7,0.0,0,0,0.0,0,6,5,4,12,0,1
2025-12-05 07:00:00,75,18.5,18.7,131.0,12.9,1019.0,29.9,0.0,0,0,0.0,0,7,5,4,12,0,1
2025-12-05 08:00:00,75,18.7,19.0,143.0,9.4,713.0,28.3,0.0,0,0,0.0,0,8,5,4,12,0,1
2025-12-05 09:00:00,75,18.0,18.4,149.0,7.9,562.0,26.4,0.0,0,0,0.0,0,9,5,4,12,0,1
2025-12-05 10:00:00,74,17.0,17.4,150.0,6.9,659.0,24.3,0.0,0,0,0.0,0,10,5,4,12,0,2
2025-12-05 11:00:00,74,16.0,16.4,144.0,7.9,911.0,21.9,0.0,0,0,0.0,0,11,5,4,12,0,2
2025-12-05 12:00:00,74,15.9,16.2,126.0,15.8,1241.0,21.1,0.0,0,0,0.0,0,12,5,4,12,0,2
2025-12-05 13:00:00,87,30.4,30.6,98.0,33.9,1769.0,19.9,0.0,0,0,0.0,0,13,5,4,12,0,2
2025-12-05 14:00:00,91,36.4,36.6,59.0,58.3,2375.0,18.3,0.0,0,0,0.0,0,14,5,4,12,0,2
2025-12-05 15:00:00,79,28.4,28.5,34.0,71.9,2623.0,16.6,0.0,0,0,0.0,0,15,5,4,12,0,2
2025-12-05 16:00:00,75,23.9,23.9,35.0,64.6,2190.0,14.9,0.0,0,0,0.0,0,16,5,4,12,0,2
2025-12-05 17:00:00,74,22.7,22.8,50.0,46.6,1398.0,13.1,0.0,0,0,0.0,0,17,5,4,12,0,3
2025-12-05 18:00:00,75,22.6,22.7,62.0,31.2,780.0,11.8,0.0,0,0,0.0,0,18,5,4,12,0,3
2025-12-05 19:00:00,75,22.3,22.4,65.0,23.5,563.0,11.1,0.0,0,0,0.0,0,19,5,4,12,0,3
2025-12-05 20:00:00,75,21.1,21.2,66.0,18.4,519.0,10.8,0.0,0,0,0.0,0,20,5,4,12,0,3
2025-12-05 21:00:00,75,19.4,19.6,67.0,14.6,495.0,10.7,0.0,0,0,0.0,0,21,5,4,12,0,0
2025-12-05 22:00:00,75,17.6,17.8,69.0,11.0,412.0,10.5,0.0,0,0,0.0,0,22,5,4,12,0,0
2025-12-05 23:00:00,75,16.2,16.4,72.0,8.7,348.0,10.4,0.0,0,0,0.0,0,23,5,4,12,0,0
2025-12-06 00:00:00,75,16.4,16.5,68.0,10.2,391.0,10.6,0.0,0,0,0.0,0,0,6,5,12,1,0
2025-12-06 01:00:00,75,16.4,16.5,62.0,17.2,648.0,11.5,0.0,0,0,0.0,0,1,6,5,12,1,0
2025-12-06 02:00:00,74,19.0,19.2,54.0,26.7,1011.0,12.9,0.0,0,0,0.0,0,2,6,5,12,1,0
2025-12-06 03:00:00,74,22.8,23.1,52.0,32.3,1239.0,14.0,0.0,0,0,0.0,0,3,6,5,12,1,0
2025-12-06 04:00:00,73,26.2,26.4,60.0,30.5,1210.0,14.7,0.0,0,0,0.0,0,4,6,5,12,1,0
2025-12-06 05:00:00,73,24.7,24.9,74.0,24.7,1046.0,15.1,0.0,0,0,0.0,0,5,6,5,12,1,0
2025-12-06 06:00:00,73,21.4,21.7,89.0,19.1,873.0,15.8,0.0,0,0,0.0,0,6,6,5,12,1,1
2025-12-06 07:00:00,73,16.9,17.1,105.0,14.1,704.0,17.1,0.0,0,0,0.0,0,7,6,5,12,1,1
2025-12-06 08:00:00,73,17.4,17.5,120.0,9.2,527.0,18.5,0.0,0,0,0.0,0,8,6,5,12,1,1
2025-12-06 09:00:00,73,18.6,18.7,130.0,7.0,428.0,19.4,0.0,0,0,0.0,0,9,6,5,12,1,1
2025-12-06 10:00:00,73,19.2,19.4,129.0,9.4,460.0,19.2,0.0,0,0,0.0,0,10,6,5,12,1,2
2025-12-06 11:00:00,73,19.6,19.8,122.0,14.5,571.0,18.4,0.0,0,0,0.0,0,11,6,5,12,1,2
2025-12-06 12:00:00,74,30.5,30.7,109.0,22.3,690.0,19.9,0.0,0,0,0.0,0,12,6,5,12,1,2
2025-12-06 13:00:00,75,38.4,38.6,95.0,28.4,822.0,18.8,0.0,0,0,0.0,0,13,6,5,12,1,2
2025-12-06 14:00:00,75,39.8,40.0,76.0,36.5,962.0,17.4,0.0,0,0,0.0,0,14,6,5,12,1,2
2025-12-06 15:00:00,76,38.3,38.5,63.0,40.6,1022.0,16.1,0.0,0,0,0.0,0,15,6,5,12,1,2
2025-12-06 16:00:00,76,37.7,38.0,61.0,37.0,939.0,15.4,0.0,0,0,0.0,0,16,6,5,12,1,2
2025-12-06 17:00:00,77,38.9,39.1,64.0,29.4,775.0,14.9,0.0,0,0,0.0,0,17,6,5,12,1,3
2025-12-06 18:00:00,79,41.2,41.6,66.0,22.8,632.0,14.4,0.0,0,0,0.0,0,18,6,5,12,1,3
2025-12-06 19:00:00,80,43.3,43.8,65.0,19.2,544.0,13.8,0.0,0,0,0.0,0,19,6,5,12,1,3
2025-12-06 20:00:00,82,45.1,45.4,64.0,16.7,476.0,13.1,0.0,0,0,0.0,0,20,6,5,12,1,3
2025-12-06 21:00:00,84,46.2,46.7,63.0,14.6,429.0,12.7,0.0,0,0,0.0,0,21,6,5,12,1,0
2025-12-06 22:00:00,86,46.9,47.5,63.0,12.0,378.0,12.5,0.0,0,0,0.0,0,22,6,5,12,1,0
2025-12-06 23:00:00,88,47.3,47.8,64.0,9.9,347.0,12.6,0.0,0,0,0.0,0,23,6,5,12,1,0
2025-12-07 00:00:00,91,47.3,47.8,59.0,11.6,410.0,12.9,0.0,0,0,0.0,0,0,7,6,12,1,0
2025-12-07 01:00:00,93,47.8,48.4,51.0,19.4,656.0,14.0,0.0,0,0,0.0,0,1,7,6,12,1,0
2025-12-07 02:00:00,95,51.0,51.6,41.0,30.0,996.0,15.5,0.0,0,0,0.0,0,2,7,6,12,1,0
2025-12-07 03:00:00,98,56.0,56.6,40.0,35.9,1229.0,17.0,0.0,0,0,0.0,0,3,7,6,12,1,0
2025-12-07 04:00:00,101,59.4,59.8,55.0,33.0,1269.0,18.2,0.0,0,0,0.0,0,4,7,6,12,1,0
2025-12-07 05:00:00,104,57.4,58.0,78.0,25.4,1203.0,19.4,0.0,0,0,0.0,0,5,7,6,12,1,0
2025-12-07 06:00:00,108,52.6,53.2,99.0,18.6,1091.0,20.5,0.0,0,0,0.0,0,6,7,6,12,1,1
2025-12-07 07:00:00,111,39.5,39.8,114.0,13.4,901.0,21.5,0.0,0,0,0.0,0,7,7,6,12,1,1
2025-12-07 08:00:00,113,31.4,31.7,126.0,8.9,666.0,22.4,0.0,0,0,0.0,0,8,7,6,12,1,1
2025-12-07 09:00:00,115,28.6,28.9,133.0,7.6,538.0,23.5,0.0,0,0,0.0,0,9,7,6,12,1,1
2025-12-07 10:00:00,116,27.9,28.1,134.0,9.1,603.0,24.8,0.0,0,0,0.0,0,10,7,6,12,1,2
2025-12-07 11:00:00,117,28.1,28.2,130.0,13.8,776.0,26.2,0.0,0,0,0.0,0,11,7,6,12,1,2
2025-12-07 12:00:00,118,20.7,20.7,120.0,22.7,958.0,27.7,0.0,0,0,0.0,0,12,7,6,12,1,2
2025-12-07 13:00:00,117,44.1,44.1,90.0,46.1,1132.0,31.9,0.0,0,0,0.0,0,13,7,6,12,1,2
2025-12-07 14:00:00,117,57.9,58.0,48.0,77.9,1315.0,37.4,0.0,0,0,0.0,0,14,7,6,12,1,2
2025-12-07 15:00:00,119,64.3,64.3,18.0,98.8,1462.0,39.8,0.0,0,0,0.0,0,15,7,6,12,1,2
2025-12-07 16:00:00,122,59.5,59.5,10.0,99.1,1584.0,36.5,0.0,0,0,0.0,0,16,7,6,12,1,2
2025-12-07 17:00:00,124,49.9,49.9,14.0,88.4,1670.0,30.1,0.0,0,0,0.0,0,17,7,6,12,1,3
2025-12-07 18:00:00,125,42.4,42.4,19.0,76.6,1641.0,24.3,0.0,0,0,0.0,0,18,7,6,12,1,3
2025-12-07 19:00:00,125,39.2,39.2,23.0,66.2,1413.0,20.3,0.0,0,0,0.0,0,19,7,6,12,1,3
2025-12-07 20:00:00,125,38.1,38.1,29.0,54.6,1071.0,16.9,0.0,0,0,0.0,0,20,7,6,12,1,3
2025-12-07 21:00:00,124,37.5,37.6,35.0,43.6,788.0,14.4,0.0,0,0,0.0,0,21,7,6,12,1,0
2025-12-07 22:00:00,123,36.6,36.7,42.0,32.2,599.0,13.1,0.0,0,0,0.0,0,22,7,6,12,1,0
2025-12-07 23:00:00,122,35.5,35.7,49.0,21.5,469.0,12.8,0.0,0,0,0.0,0,23,7,6,12,1,0
2025-12-08 00:00:00,121,34.2,34.3,53.0,14.6,469.0,12.6,0.0,0,0,0.0,0,0,8,0,12,0,0
2025-12-08 01:00:00,120,34.3,34.6,44.0,22.3,702.0,13.8,0.0,0,0,0.0,0,1,8,0,12,0,0
2025-12-08 02:00:00,118,37.7,38.1,32.0,32.6,1066.0,15.6,0.0,0,0,0.0,0,2,8,0,12,0,0
2025-12-08 03:00:00,117,43.4,43.7,31.0,38.5,1322.0,17.1,0.0,0,0,0.0,0,3,8,0,12,0,0
2025-12-08 04:00:00,115,43.9,44.4,49.0,36.2,1377.0,18.3,0.0,0,0,0.0,0,4,8,0,12,0,0
2025-12-08 05:00:00,114,43.3,43.9,77.0,29.6,1324.0,19.4,0.0,0,0,0.0,0,5,8,0,12,0,0
2025-12-08 06:00:00,112,33.6,34.6,102.0,22.9,1208.0,19.9,0.0,0,0,0.0,0,6,8,0,12,0,1
2025-12-08 07:00:00,110,21.7,22.3,120.0,16.5,980.0,19.6,0.0,0,0,0.0,0,7,8,0,12,0,1
2025-12-08 08:00:00,109,17.7,18.2,135.0,10.0,689.0,18.9,0.0,0,0,0.0,0,8,8,0,12,0,1
2025-12-08 09:00:00,107,16.3,16.8,142.0,6.8,518.0,18.1,0.0,0,0,0.0,0,9,8,0,12,0,1
2025-12-08 10:00:00,106,15.5,15.9,139.0,8.4,574.0,17.4,0.0,0,0,0.0,0,10,8,0,12,0,2
2025-12-08 11:00:00,105,15.5,16.0,127.0,13.4,750.0,16.7,0.0,0,0,0.0,0,11,8,0,12,0,2
2025-12-08 12:00:00,103,16.6,16.7,114.0,21.6,916.0,18.5,0.0,0,0,0.0,0,12,8,0,12,0,2
2025-12-08 13:00:00,103,26.8,26.9,92.0,35.0,1053.0,18.2,0.0,0,0,0.0,0,13,8,0,12,0,2
2025-12-08 14:00:00,101,29.5,29.5,63.0,53.0,1179.0,17.8,0.0,0,0,0.0,0,14,8,0,12,0,2
2025-12-08 15:00:00,99,25.4,25.5,44.0,62.5,1215.0,17.2,0.0,0,0,0.0,0,15,8,0,12,0,2
2025-12-08 16:00:00,95,24.4,24.6,45.0,55.6,1095.0,16.3,0.0,0,0,0.0,0,16,8,0,12,0,2
2025-12-08 17:00:00,93,25.1,25.4,57.0,40.3,885.0,15.2,0.0,0,0,0.0,0,17,8,0,12,0,3
2025-12-08 18:00:00,91,26.4,27.0,66.0,27.5,699.0,14.2,0.0,0,0,0.0,0,18,8,0,12,0,3
2025-12-08 19:00:00,89,27.3,28.1,67.0,21.5,577.0,13.1,0.0,0,0,0.0,0,19,8,0,12,0,3
2025-12-08 20:00:00,89,27.1,28.2,66.0,18.0,479.0,12.1,0.0,0,0,0.0,0,20,8,0,12,0,3
2025-12-08 21:00:00,88,26.3,27.6,65.0,15.4,405.0,11.4,0.0,0,0,0.0,0,21,8,0,12,0,0
2025-12-08 22:00:00,87,25.2,26.9,66.0,12.4,322.0,11.1,0.0,0,0,0.0,0,22,8,0,12,0,0
2025-12-08 23:00:00,86,24.2,26.1,67.0,10.3,263.0,11.1,0.0,0,0,0.0,0,23,8,0,12,0,0
2025-12-09 00:00:00,85,23.3,25.1,60.0,12.3,322.0,11.3,0.0,0,0,0.0,0,0,9,1,12,0,0
2025-12-09 01:00:00,84,23.3,25.3,50.0,20.1,599.0,12.6,0.0,0,0,0.0,0,1,9,1,12,0,0
2025-12-09 02:00:00,83,25.9,28.2,37.0,30.8,994.0,14.4,0.0,0,0,0.0,0,2,9,1,12,0,0
2025-12-09 03:00:00,82,31.5,34.0,35.0,37.7,1309.0,16.5,0.0,0,0,0.0,0,3,9,1,12,0,0
2025-12-09 04:00:00,81,36.8,38.9,51.0,37.9,1497.0,18.5,0.0,0,0,0.0,0,4,9,1,12,0,0
2025-12-09 05:00:00,81,38.4,41.1,78.0,34.3,1603.0,20.8,0.0,0,0,0.0,0,5,9,1,12,0,0
2025-12-09 06:00:00,80,31.1,35.4,102.0,29.4,1567.0,23.4,0.0,0,0,0.0,0,6,9,1,12,0,1
2025-12-09 07:00:00,80,23.5,26.7,122.0,22.2,1253.0,27.0,0.0,0,0,0.0,0,7,9,1,12,0,1
2025-12-09 08:00:00,80,18.6,20.4,140.0,13.6,797.0,31.0,0.0,0,0,0.0,0,8,9,1,12,0,1
2025-12-09 09:00:00,81,16.8,18.3,150.0,9.0,536.0,33.7,0.0,0,0,0.0,0,9,9,1,12,0,1
2025-12-09 10:00:00,81,16.2,17.6,150.0,9.6,633.0,34.3,0.0,0,0,0.0,0,10,9,1,12,0,2
2025-12-09 11:00:00,81,16.5,17.8,142.0,14.2,926.0,33.5,0.0,0,0,0.0,0,11,9,1,12,0,2
2025-12-09 12:00:00,81,12.8,12.8,138.0,18.7,1269.0,36.2,0.0,0,0,0.0,0,12,9,1,12,0,2
2025-12-09 13:00:00,84,27.5,27.5,103.0,39.9,1661.0,34.3,0.0,0,0,0.0,0,13,9,1,12,0,2
2025-12-09 14:00:00,89,32.0,32.0,55.0,68.8,2102.0,31.7,0.0,0,0,0.0,0,14,9,1,12,0,2
2025-12-09 15:00:00,81,34.0,34.1,19.0,88.7,2449.0,30.4,0.0,0,0,0.0,0,15,9,1,12,0,2
2025-12-09 16:00:00,81,37.8,38.0,8.0,90.9,2685.0,32.4,0.0,0,0,0.0,0,16,9,1,12,0,2
2025-12-09 17:00:00,82,43.3,43.5,10.0,84.1,2828.0,35.6,0.0,0,0,0.0,0,17,9,1,12,0,3
2025-12-09 18:00:00,84,47.6,47.8,13.0,76.8,2784.0,36.2,0.0,0,0,0.0,0,18,9,1,12,0,3
2025-12-09 19:00:00,85,46.4,46.7,12.0,71.7,2450.0,31.5,0.0,0,0,0.0,0,19,9,1,12,0,3
2025-12-09 20:00:00,87,44.7,45.2,12.0,66.1,1930.0,24.2,0.0,0,0,0.0,0,20,9,1,12,0,3
2025-12-09 21:00:00,88,40.4,40.9,12.0,61.3,1440.0,18.2,0.0,0,0,0.0,0,21,9,1,12,0,0
2025-12-09 22:00:00,89,35.3,35.5,11.0,57.7,971.0,14.9,0.0,0,0,0.0,0,22,9,1,12,0,0
2025-12-09 23:00:00,90,30.6,30.7,11.0,54.9,534.0,13.0,0.0,0,0,0.0,0,23,9,1,12,0,0
2025-12-10 00:00:00,91,23.6,23.7,11.0,53.9,373.0,14.6,0.0,0,0,0.0,0,0,10,2,12,0,0
2025-12-10 01:00:00,91,23.3,23.4,6.0,51.4,726.0,14.5,0.0,0,0,0.0,0,1,10,2,12,0,0
2025-12-10 02:00:00,91,28.9,29.0,2.0,47.9,1355.0,14.8,0.0,0,0,0.0,0,2,10,2,12,0,0
2025-12-10 03:00:00,91,41.7,41.9,8.0,44.5,1801.0,18.7,0.0,0,0,0.0,0,3,10,2,12,0,0
2025-12-10 04:00:00,92,39.9,40.0,35.0,42.3,1876.0,29.5,0.0,0,0,0.0,0,4,10,2,12,0,0
2025-12-10 05:00:00,92,28.8,28.8,74.0,40.1,1766.0,43.9,0.0,0,0,0.0,0,5,10,2,12,0,0
2025-12-10 06:00:00,91,21.8,21.9,107.0,36.1,1572.0,54.5,0.0,0,0,0.0,0,6,10,2,12,0,1
2025-12-10 07:00:00,91,20.9,21.0,131.0,27.4,1262.0,58.2,0.0,0,0,0.0,0,7,10,2,12,0,1
2025-12-10 08:00:00,90,18.6,18.7,150.0,16.9,868.0,58.2,0.0,0,0,0.0,0,8,10,2,12,0,1
2025-12-10 09:00:00,90,17.9,18.0,160.0,10.5,584.0,56.2,0.0,0,0,0.0,0,9,10,2,12,0,1
2025-12-10 10:00:00,90,17.9,18.0,158.0,10.0,475.0,52.1,0.0,0,0,0.0,0,10,10,2,12,0,2
2025-12-10 11:00:00,91,17.3,17.4,147.0,13.8,476.0,46.0,0.0,0,0,0.0,0,11,10,2,12,0,2
2025-12-10 12:00:00,91,14.6,14.8,128.0,19.4,586.0,34.5,0.0,0,0,0.0,0,12,10,2,12,0,2
2025-12-10 13:00:00,91,22.8,22.9,95.0,38.4,882.0,32.5,0.0,0,0,0.0,0,13,10,2,12,0,2
2025-12-10 14:00:00,95,29.5,29.7,50.0,64.6,1288.0,29.7,0.0,0,0,0.0,0,14,10,2,12,0,2
2025-12-10 15:00:00,90,34.0,34.6,16.0,83.9,1573.0,27.8,0.0,0,0,0.0,0,15,10,2,12,0,2
2025-12-10 16:00:00,90,37.5,38.6,4.0,90.6,1645.0,28.0,0.0,0,0,0.0,0,16,10,2,12,0,2
2025-12-10 17:00:00,90,39.0,40.4,4.0,90.5,1597.0,29.1,0.0,0,0,0.0,0,17,10,2,12,0,3
2025-12-10 18:00:00,90,39.1,40.9,8.0,86.4,1476.0,28.9,0.0,0,0,0.0,0,18,10,2,12,0,3
2025-12-10 19:00:00,89,36.6,38.8,14.0,77.9,1252.0,26.2,0.0,0,0,0.0,0,19,10,2,12,0,3
2025-12-10 20:00:00,88,31.8,34.2,24.0,65.5,954.0,22.2,0.0,0,0,0.0,0,20,10,2,12,0,3
2025-12-10 21:00:00,87,26.4,29.0,33.0,53.6,718.0,18.9,0.0,0,0,0.0,0,21,10,2,12,0,0
2025-12-10 22:00:00,86,21.9,24.7,41.0,41.6,511.0,16.6,0.0,0,0,0.0,0,22,10,2,12,0,0
2025-12-10 23:00:00,85,18.9,21.8,48.0,30.0,364.0,15.0,0.0,0,0,0.0,0,23,10,2,12,0,0
2025-12-11 00:00:00,84,22.4,25.9,44.0,31.8,510.0,17.4,0.0,0,0,0.0,0,0,11,3,12,0,0
2025-12-11 01:00:00,84,22.6,26.3,32.0,40.5,1291.0,19.7,0.0,0,0,0.0,0,1,11,3,12,0,0
2025-12-11 02:00:00,84,28.3,32.1,18.0,51.9,2363.0,23.0,0.0,0,0,0.0,0,2,11,3,12,0,0
2025-12-11 03:00:00,84,41.6,45.3,17.0,56.7,2932.0,26.2,0.0,0,0,0.0,0,3,11,3,12,0,0
2025-12-11 04:00:00,84,49.9,52.5,43.0,48.8,2500.0,29.0,0.0,0,0,0.0,0,4,11,3,12,0,0
2025-12-11 05:00:00,85,25.4,30.6,83.0,34.2,1564.0,31.7,0.0,0,0,0.0,0,5,11,3,12,0,0
2025-12-11 06:00:00,85,21.7,27.7,116.0,22.0,818.0,33.8,0.0,0,0,0.0,0,6,11,3,12,0,1
2025-12-11 07:00:00,85,17.9,23.9,134.0,15.1,540.0,35.1,0.0,0,0,0.0,0,7,11,3,12,0,1
2025-12-11 08:00:00,84,16.5,22.3,145.0,10.6,452.0,35.7,0.0,0,0,0.0,0,8,11,3,12,0,1
2025-12-11 09:00:00,84,16.4,22.1,149.0,8.5,413.0,35.5,0.0,0,0,0.0,0,9,11,3,12,0,1
2025-12-11 10:00:00,84,15.5,20.8,144.0,7.9,352.0,34.2,0.0,0,0,0.0,0,10,11,3,12,0,2
2025-12-11 11:00:00,84,14.6,19.7,132.0,9.7,339.0,32.2,0.0,0,0,0.0,0,11,11,3,12,0,2
2025-12-11 12:00:00,84,10.9,12.1,111.0,15.4,443.0,28.8,0.0,0,0,0.0,0,12,11,3,12,0,2
2025-12-11 13:00:00,83,18.9,20.1,84.0,31.9,762.0,27.1,0.0,0,0,0.0,0,13,11,3,12,0,2
2025-12-11 14:00:00,83,24.4,26.0,46.0,54.7,1198.0,24.9,0.0,0,0,0.0,0,14,11,3,12,0,2
2025-12-11 15:00:00,83,26.7,28.3,18.0,71.7,1530.0,23.6,0.0,0,0,0.0,0,15,11,3,12,0,2
2025-12-11 16:00:00,82,29.9,31.8,8.0,77.4,1687.0,24.6,0.0,0,0,0.0,0,16,11,3,12,0,2
2025-12-11 17:00:00,82,35.0,37.3,6.0,77.4,1740.0,26.6,0.0,0,0,0.0,0,17,11,3,12,0,3
2025-12-11 18:00:00,81,39.7,42.3,7.0,75.7,1683.0,27.3,0.0,0,0,0.0,0,18,11,3,12,0,3
2025-12-11 19:00:00,81,40.9,43.9,7.0,74.5,1464.0,25.6,0.0,0,0,0.0,0,19,11,3,12,0,3
2025-12-11 20:00:00,82,37.8,41.0,9.0,71.6,1134.0,22.6,0.0,0,0,0.0,0,20,11,3,12,0,3
2025-12-11 21:00:00,82,32.2,35.7,13.0,65.4,845.0,19.7,0.0,0,0,0.0,0,21,11,3,12,0,0
2025-12-11 22:00:00,83,28.5,32.6,23.0,51.9,607.0,16.8,0.0,0,0,0.0,0,22,11,3,12,0,0
2025-12-11 23:00:00,83,27.1,32.2,35.0,34.9,410.0,14.0,0.0,0,0,0.0,0,23,11,3,12,0,0
2025-12-12 00:00:00,84,34.1,36.9,33.0,32.5,367.0,13.4,0.0,0,0,0.0,0,0,12,4,12,0,0
2025-12-12 01:00:00,85,30.7,33.3,28.0,35.3,616.0,13.7,0.0,0,0,0.0,0,1,12,4,12,0,0
2025-12-12 02:00:00,85,35.5,38.3,23.0,39.0,1019.0,14.2,0.0,0,0,0.0,0,2,12,4,12,0,0
2025-12-12 03:00:00,86,37.1,40.4,26.0,39.8,1284.0,15.7,0.0,0,0,0.0,0,3,12,4,12,0,0
2025-12-12 04:00:00,85,38.1,41.0,45.0,35.4,1277.0,19.1,0.0,0,0,0.0,0,4,12,4,12,0,0
2025-12-12 05:00:00,85,26.8,30.4,72.0,28.1,1130.0,23.5,0.0,0,0,0.0,0,5,12,4,12,0,0
2025-12-12 06:00:00,85,23.5,27.9,96.0,21.4,950.0,26.9,0.0,0,0,0.0,0,6,12,4,12,0,1
2025-12-12 07:00:00,85,21.9,26.7,114.0,16.0,732.0,28.7,0.0,0,0,0.0,0,7,12,4,12,0,1
2025-12-12 08:00:00,85,19.2,24.1,128.0,11.2,480.0,29.6,0.0,0,0,0.0,0,8,12,4,12,0,1
2025-12-12 09:00:00,85,16.9,21.1,134.0,8.5,309.0,29.6,0.0,0,0,0.0,0,9,12,4,12,0,1
2025-12-12 10:00:00,85,14.8,18.2,130.0,7.1,251.0,28.6,0.0,0,0,0.0,0,10,12,4,12,0,2
2025-12-12 11:00:00,85,12.6,15.5,119.0,7.8,274.0,26.8,0.0,0,0,0.0,0,11,12,4,12,0,2
2025-12-12 12:00:00,85,9.7,11.3,101.0,13.2,398.0,24.8,0.0,0,0,0.0,0,12,12,4,12,0,2
2025-12-12 13:00:00,85,15.4,16.8,77.0,28.9,716.0,23.5,0.0,0,0,0.0,0,13,12,4,12,0,2
2025-12-12 14:00:00,85,21.4,22.8,45.0,50.4,1134.0,21.8,0.0,0,0,0.0,0,14,12,4,12,0,2
2025-12-12 15:00:00,85,24.7,26.4,20.0,66.6,1391.0,20.5,0.0,0,0,0.0,0,15,12,4,12,0,2
2025-12-12 16:00:00,84,27.4,29.2,11.0,73.1,1349.0,20.5,0.0,0,0,0.0,0,16,12,4,12,0,2
2025-12-12 17:00:00,84,29.9,32.1,10.0,74.3,1147.0,21.0,0.0,0,0,0.0,0,17,12,4,12,0,3
2025-12-12 18:00:00,84,30.9,33.4,13.0,71.1,939.0,20.6,0.0,0,0,0.0,0,18,12,4,12,0,3
2025-12-12 19:00:00,83,28.8,31.7,21.0,62.1,764.0,18.5,0.0,0,0,0.0,0,19,12,4,12,0,3
2025-12-12 20:00:00,82,25.6,28.7,33.0,48.7,583.0,15.7,0.0,0,0,0.0,0,20,12,4,12,0,3
2025-12-12 21:00:00,81,22.2,25.5,43.0,37.1,438.0,13.3,0.0,0,0,0.0,0,21,12,4,12,0,0
2025-12-12 22:00:00,80,19.5,23.0,50.0,28.0,270.0,11.8,0.0,0,0,0.0,0,22,12,4,12,0,0
2025-12-12 23:00:00,80,17.8,21.4,55.0,20.6,138.0,10.9,0.0,0,0,0.0,0,23,12,4,12,0,0
2025-12-13 00:00:00,79,23.6,28.6,48.0,21.9,262.0,11.1,0.0,0,0,0.0,0,0,13,5,12,1,0
2025-12-13 01:00:00,78,26.6,31.7,36.0,29.6,949.0,13.0,0.0,0,0,0.0,0,1,13,5,12,1,0
2025-12-13 02:00:00,78,34.7,39.3,20.0,39.7,1893.0,15.7,0.0,0,0,0.0,0,2,13,5,12,1,0
2025-12-13 03:00:00,78,48.4,51.1,17.0,44.3,2395.0,18.4,0.0,0,0,0.0,0,3,13,5,12,1,0
2025-12-13 04:00:00,79,43.7,45.1,39.0,38.2,2017.0,20.9,0.0,0,0,0.0,0,4,13,5,12,1,0
2025-12-13 05:00:00,79,32.1,33.8,73.0,26.5,1196.0,23.4,0.0,0,0,0.0,0,5,13,5,12,1,0
2025-12-13 06:00:00,80,17.0,20.1,102.0,16.8,550.0,25.4,0.0,0,0,0.0,0,6,13,5,12,1,1
2025-12-13 07:00:00,79,13.6,15.6,118.0,11.7,326.0,26.8,0.0,0,0,0.0,0,7,13,5,12,1,1
2025-12-13 08:00:00,78,13.3,14.6,129.0,8.5,276.0,27.7,0.0,0,0,0.0,0,8,13,5,12,1,1
2025-12-13 09:00:00,78,13.4,14.5,133.0,7.2,270.0,28.4,0.0,0,0,0.0,0,9,13,5,12,1,1
2025-12-13 10:00:00,78,13.3,14.3,132.0,6.5,240.0,28.9,0.0,0,0,0.0,0,10,13,5,12,1,2
2025-12-13 11:00:00,77,13.0,14.0,125.0,7.6,254.0,29.2,0.0,0,0,0.0,0,11,13,5,12,1,2
2025-12-13 12:00:00,78,8.1,8.1,109.0,13.2,392.0,28.3,0.0,0,0,0.0,0,12,13,5,12,1,2
2025-12-13 13:00:00,77,14.6,14.7,83.0,28.8,758.0,26.7,0.0,0,0,0.0,0,13,13,5,12,1,2
2025-12-13 14:00:00,77,20.9,21.6,48.0,50.3,1248.0,24.5,0.0,0,0,0.0,0,14,13,5,12,1,2
2025-12-13 15:00:00,77,23.2,24.0,21.0,66.5,1629.0,23.0,0.0,0,0,0.0,0,15,13,5,12,1,2
2025-12-13 16:00:00,77,25.1,26.0,11.0,72.6,1830.0,23.1,0.0,0,0,0.0,0,16,13,5,12,1,2
2025-12-13 17:00:00,77,28.1,29.2,9.0,73.4,1921.0,23.9,0.0,0,0,0.0,0,17,13,5,12,1,3
2025-12-13 18:00:00,77,31.0,32.4,8.0,72.5,1880.0,24.1,0.0,0,0,0.0,0,18,13,5,12,1,3
2025-12-13 19:00:00,77,32.9,34.3,7.0,70.7,1645.0,23.0,0.0,0,0,0.0,0,19,13,5,12,1,3
2025-12-13 20:00:00,77,32.5,34.0,6.0,67.2,1278.0,21.2,0.0,0,0,0.0,0,20,13,5,12,1,3
2025-12-13 21:00:00,78,30.0,31.7,7.0,62.6,946.0,19.4,0.0,0,0,0.0,0,21,13,5,12,1,0
2025-12-13 22:00:00,78,28.2,29.9,9.0,56.0,662.0,17.3,0.0,0,0,0.0,0,22,13,5,12,1,0
2025-12-13 23:00:00,79,28.3,30.2,11.0,48.4,413.0,15.2,0.0,0,0,0.0,0,23,13,5,12,1,0
2025-12-14 00:00:00,80,32.2,33.6,6.0,47.4,321.0,16.2,0.0,0,0,0.0,0,0,14,6,12,1,0
2025-12-14 01:00:00,81,31.8,32.5,4.0,47.0,526.0,16.6,0.0,0,0,0.0,0,1,14,6,12,1,0
2025-12-14 02:00:00,81,36.3,37.1,3.0,46.2,889.0,17.4,0.0,0,0,0.0,0,2,14,6,12,1,0
2025-12-14 03:00:00,81,45.2,45.9,11.0,43.0,1116.0,19.1,0.0,0,0,0.0,0,3,14,6,12,1,0
2025-12-14 04:00:00,81,34.1,34.9,37.0,35.3,1053.0,22.2,0.0,0,0,0.0,0,4,14,6,12,1,0
2025-12-14 05:00:00,80,20.4,22.5,72.0,25.3,853.0,26.3,0.0,0,0,0.0,0,5,14,6,12,1,0
2025-12-14 06:00:00,79,15.4,17.9,102.0,17.3,687.0,30.6,0.0,0,0,0.0,0,6,14,6,12,1,1
2025-12-14 07:00:00,79,14.6,16.9,121.0,12.8,596.0,35.2,0.0,0,0,0.0,0,7,14,6,12,1,1
2025-12-14 08:00:00,79,15.9,17.9,134.0,10.4,537.0,40.0,0.0,0,0,0.0,0,8,14,6,12,1,1
2025-12-14 09:00:00,79,17.5,19.4,143.0,9.6,556.0,43.9,0.0,0,0,0.0,0,9,14,6,12,1,1
2025-12-14 10:00:00,80,19.0,20.9,151.0,8.3,654.0,47.1,0.0,0,0,0.0,0,10,14,6,12,1,2
2025-12-14 11:00:00,80,20.4,22.2,155.0,8.8,829.0,49.4,0.0,0,0,0.0,0,11,14,6,12,1,2
2025-12-14 12:00:00,81,44.5,55.1,144.0,18.5,1118.0,51.7,0.0,0,0,0.0,0,12,14,6,12,1,2
2025-12-14 13:00:00,84,52.0,61.9,108.0,43.3,1703.0,49.7,0.0,0,0,0.0,0,13,14,6,12,1,2
2025-12-14 14:00:00,92,59.5,68.5,58.0,77.0,2401.0,46.9,0.0,0,0,0.0,0,14,14,6,12,1,2
2025-12-14 15:00:00,89,62.4,70.8,22.0,99.8,2705.0,43.7,0.0,0,0,0.0,0,15,14,6,12,1,2
2025-12-14 16:00:00,93,69.4,77.1,10.0,102.6,2248.0,40.5,0.0,0,0,0.0,0,16,14,6,12,1,2
2025-12-14 17:00:00,96,75.4,81.5,12.0,94.4,1396.0,37.0,0.0,0,0,0.0,0,17,14,6,12,1,3
2025-12-14 18:00:00,100,73.1,77.8,18.0,81.9,737.0,32.8,0.0,0,0,0.0,0,18,14,6,12,1,3
2025-12-14 19:00:00,104,73.3,78.0,29.0,64.5,519.0,26.8,0.0,0,0,0.0,0,19,14,6,12,1,3
2025-12-14 20:00:00,108,74.0,78.9,45.0,42.9,494.0,20.1,0.0,0,0,0.0,0,20,14,6,12,1,3
2025-12-14 21:00:00,113,73.6,78.7,58.0,25.7,500.0,15.1,0.0,0,0,0.0,0,21,14,6,12,1,0
2025-12-14 22:00:00,117,71.9,76.8,65.0,16.0,469.0,12.9,0.0,0,0,0.0,0,22,14,6,12,1,0
2025-12-14 23:00:00,122,68.9,73.6,70.0,10.6,470.0,12.4,0.0,0,0,0.0,0,23,14,6,12,1,0
2025-12-15 00:00:00,126,66.4,71.0,69.0,8.8,545.0,12.2,0.0,0,0,0.0,0,0,15,0,12,0,0
2025-12-15 01:00:00,129,64.0,68.7,63.0,15.1,763.0,13.2,0.0,0,0,0.0,0,1,15,0,12,0,0
2025-12-15 02:00:00,133,64.0,68.7,55.0,23.6,1056.0,14.6,0.0,0,0,0.0,0,2,15,0,12,0,0
2025-12-15 03:00:00,136,65.4,70.1,55.0,28.7,1265.0,16.2,0.0,0,0,0.0,0,3,15,0,12,0,0
2025-12-15 04:00:00,138,65.7,69.6,69.0,27.3,1328.0,17.8,0.0,0,0,0.0,0,4,15,0,12,0,0
2025-12-15 05:00:00,141,63.1,67.8,91.0,22.4,1308.0,19.5,0.0,0,0,0.0,0,5,15,0,12,0,0
2025-12-15 06:00:00,146,57.9,64.3,112.0,17.6,1228.0,21.2,0.0,0,0,0.0,0,6,15,0,12,0,1
2025-12-15 07:00:00,150,49.9,56.0,130.0,13.4,1046.0,23.3,0.0,0,0,0.0,0,7,15,0,12,0,1
2025-12-15 08:00:00,151,42.3,46.9,147.0,9.2,805.0,25.4,0.0,0,0,0.0,0,8,15,0,12,0,1
2025-12-15 09:00:00,152,38.0,41.8,157.0,7.1,660.0,26.8,0.0,0,0,0.0,0,9,15,0,12,0,1
2025-12-15 10:00:00,152,35.6,39.1,161.0,6.6,690.0,26.9,0.0,0,0,0.0,0,10,15,0,12,0,2
2025-12-15 11:00:00,153,34.8,38.0,158.0,8.2,816.0,26.1,0.0,0,0,0.0,0,11,15,0,12,0,2
2025-12-15 12:00:00,153,33.3,35.2,144.0,15.0,953.0,27.8,0.0,0,0,0.0,0,12,15,0,12,0,2
2025-12-15 13:00:00,153,50.3,51.9,111.0,37.3,1101.0,26.9,0.0,0,0,0.0,0,13,15,0,12,0,2
2025-12-15 14:00:00,153,61.5,63.1,65.0,67.2,1259.0,25.5,0.0,0,0,0.0,0,14,15,0,12,0,2
2025-12-15 15:00:00,153,56.3,57.5,36.0,82.9,1345.0,23.7,0.0,0,0,0.0,0,15,15,0,12,0,2
2025-12-15 16:00:00,153,54.6,56.0,39.0,70.9,1301.0,21.1,0.0,0,0,0.0,0,16,15,0,12,0,2
2025-12-15 17:00:00,152,56.1,58.1,59.0,44.7,1184.0,18.0,0.0,0,0,0.0,0,17,15,0,12,0,3
2025-12-15 18:00:00,152,57.5,60.1,75.0,23.7,1078.0,15.7,0.0,0,0,0.0,0,18,15,0,12,0,3
2025-12-15 19:00:00,151,57.6,60.5,79.0,15.5,1014.0,14.7,0.0,0,0,0.0,0,19,15,0,12,0,3
2025-12-15 20:00:00,151,56.6,59.6,80.0,12.5,962.0,14.5,0.0,0,0,0.0,0,20,15,0,12,0,3
2025-12-15 21:00:00,150,54.7,57.9,81.0,10.5,915.0,14.6,0.0,0,0,0.0,0,21,15,0,12,0,0
2025-12-15 22:00:00,149,52.7,55.9,84.0,7.9,852.0,14.7,0.0,0,0,0.0,0,22,15,0,12,0,0
2025-12-15 23:00:00,147,51.0,54.1,88.0,6.4,795.0,15.0,0.0,0,0,0.0,0,23,15,0,12,0,0
2025-12-16 00:00:00,146,50.1,53.2,87.0,7.1,804.0,15.1,0.0,0,0,0.0,0,0,16,1,12,0,0
2025-12-16 01:00:00,144,49.7,52.7,84.0,11.6,953.0,16.7,0.0,0,0,0.0,0,1,16,1,12,0,0
2025-12-16 02:00:00,142,51.7,54.5,82.0,17.7,1169.0,18.9,0.0,0,0,0.0,0,2,16,1,12,0,0
2025-12-16 03:00:00,141,54.8,57.6,85.0,21.1,1293.0,21.2,0.0,0,0,0.0,0,3,16,1,12,0,0
2025-12-16 04:00:00,140,57.5,59.8,100.0,19.3,1240.0,23.9,0.0,0,0,0.0,0,4,16,1,12,0,0
2025-12-16 05:00:00,139,58.3,61.2,121.0,14.9,1096.0,26.6,0.0,0,0,0.0,0,5,16,1,12,0,0
2025-12-16 06:00:00,139,53.9,57.4,138.0,11.0,957.0,28.0,0.0,0,0,0.0,0,6,16,1,12,0,1
2025-12-16 07:00:00,138,44.0,47.0,148.0,8.4,840.0,26.8,0.0,0,0,0.0,0,7,16,1,12,0,1
2025-12-16 08:00:00,138,35.7,38.0,153.0,6.4,729.0,24.2,0.0,0,0,0.0,0,8,16,1,12,0,1
2025-12-16 09:00:00,137,31.5,33.3,155.0,5.6,672.0,22.1,0.0,0,0,0.0,0,9,16,1,12,0,1
2025-12-16 10:00:00,136,29.3,30.7,154.0,6.4,701.0,21.3,0.0,0,0,0.0,0,10,16,1,12,0,2
2025-12-16 11:00:00,136,28.2,29.5,148.0,8.5,785.0,21.0,0.0,0,0,0.0,0,11,16,1,12,0,2
2025-12-16 12:00:00,135,45.8,48.2,139.0,12.3,878.0,21.8,0.0,0,0,0.0,0,12,16,1,12,0,2
2025-12-16 13:00:00,136,52.7,54.5,125.0,17.0,987.0,20.9,0.0,0,0,0.0,0,13,16,1,12,0,2
2025-12-16 14:00:00,136,55.5,57.2,105.0,23.4,1106.0,19.7,0.0,0,0,0.0,0,14,16,1,12,0,2
2025-12-16 15:00:00,136,56.2,58.1,90.0,27.0,1165.0,19.0,0.0,0,0,0.0,0,15,16,1,12,0,2
2025-12-16 16:00:00,136,58.0,60.1,84.0,25.4,1122.0,19.3,0.0,0,0,0.0,0,16,16,1,12,0,2
2025-12-16 17:00:00,136,60.1,62.4,83.0,21.1,1019.0,20.2,0.0,0,0,0.0,0,17,16,1,12,0,3
2025-12-16 18:00:00,137,61.7,64.3,84.0,17.0,918.0,21.1,0.0,0,0,0.0,0,18,16,1,12,0,3
2025-12-16 19:00:00,137,62.4,65.0,86.0,14.0,833.0,22.0,0.0,0,0,0.0,0,19,16,1,12,0,3
2025-12-16 20:00:00,138,62.2,64.7,90.0,11.2,749.0,22.9,0.0,0,0,0.0,0,20,16,1,12,0,3
2025-12-16 21:00:00,138,61.5,64.0,93.0,9.1,682.0,23.9,0.0,0,0,0.0,0,21,16,1,12,0,0
2025-12-16 22:00:00,139,60.5,62.9,94.0,7.3,609.0,24.7,0.0,0,0,0.0,0,22,16,1,12,0,0
2025-12-16 23:00:00,140,59.8,62.2,95.0,6.2,553.0,25.4,0.0,0,0,0.0,0,23,16,1,12,0,0
2025-12-17 00:00:00,141,58.6,60.8,92.0,7.1,595.0,24.9,0.0,0,0,0.0,0,0,17,2,12,0,0
2025-12-17 01:00:00,141,58.8,61.0,90.0,11.7,841.0,26.8,0.0,0,0,0.0,0,1,17,2,12,0,0
2025-12-17 02:00:00,142,60.5,62.6,88.0,17.8,1186.0,29.3,0.0,0,0,0.0,0,2,17,2,12,0,0
2025-12-17 03:00:00,143,63.1,65.0,91.0,21.2,1398.0,31.1,0.0,0,0,0.0,0,3,17,2,12,0,0
2025-12-17 04:00:00,144,64.3,65.7,103.0,19.4,1356.0,31.7,0.0,0,0,0.0,0,4,17,2,12,0,0
2025-12-17 05:00:00,145,61.9,63.6,120.0,14.9,1182.0,31.5,0.0,0,0,0.0,0,5,17,2,12,0,0
2025-12-17 06:00:00,145,47.7,49.5,135.0,11.0,1007.0,30.5,0.0,0,0,0.0,0,6,17,2,12,0,1
2025-12-17 07:00:00,145,33.4,35.0,145.0,8.4,851.0,28.1,0.0,0,0,0.0,0,7,17,2,12,0,1
2025-12-17 08:00:00,143,30.2,32.5,152.0,6.4,694.0,24.8,0.0,0,0,0.0,0,8,17,2,12,0,1
2025-12-17 09:00:00,143,29.9,32.7,155.0,5.8,615.0,22.7,0.0,0,0,0.0,0,9,17,2,12,0,1
2025-12-17 10:00:00,143,29.9,32.7,158.0,4.9,632.0,22.6,0.0,0,0,0.0,0,10,17,2,12,0,2
2025-12-17 11:00:00,143,30.0,32.9,157.0,5.4,725.0,23.5,0.0,0,0,0.0,0,11,17,2,12,0,2
2025-12-17 12:00:00,143,34.9,38.3,136.0,13.3,920.0,22.9,0.0,0,0,0.0,0,12,17,2,12,0,2
2025-12-17 13:00:00,142,48.5,51.1,102.0,35.7,1340.0,24.5,0.0,0,0,0.0,0,13,17,2,12,0,2
2025-12-17 14:00:00,141,60.8,63.1,55.0,65.8,1860.0,26.6,0.0,0,0,0.0,0,14,17,2,12,0,2
2025-12-17 15:00:00,142,61.0,62.9,24.0,83.7,2130.0,27.0,0.0,0,0,0.0,0,15,17,2,12,0,2
2025-12-17 16:00:00,142,49.5,50.8,24.0,77.9,1923.0,24.1,0.0,0,0,0.0,0,16,17,2,12,0,2
2025-12-17 17:00:00,142,39.8,40.9,39.0,59.7,1467.0,19.5,0.0,0,0,0.0,0,17,17,2,12,0,3
2025-12-17 18:00:00,139,33.5,34.5,53.0,43.1,1092.0,15.8,0.0,0,0,0.0,0,18,17,2,12,0,3
2025-12-17 19:00:00,137,29.7,30.6,60.0,32.4,932.0,14.0,0.0,0,0,0.0,0,19,17,2,12,0,3
2025-12-17 20:00:00,133,27.8,28.6,65.0,23.3,855.0,13.2,0.0,0,0,0.0,0,20,17,2,12,0,3
2025-12-17 21:00:00,130,27.1,28.0,68.0,16.6,793.0,13.0,0.0,0,0,0.0,0,21,17,2,12,0,0
2025-12-17 22:00:00,126,27.2,28.2,69.0,12.3,699.0,13.4,0.0,0,0,0.0,0,22,17,2,12,0,0
2025-12-17 23:00:00,122,27.8,28.9,68.0,10.5,621.0,14.3,0.0,0,0,0.0,0,23,17,2,12,0,0
2025-12-18 00:00:00,119,27.1,28.2,59.0,13.3,634.0,13.9,0.0,0,0,0.0,0,0,18,3,12,0,0
2025-12-18 01:00:00,116,28.6,29.8,49.0,22.0,812.0,15.3,0.0,0,0,0.0,0,1,18,3,12,0,0
2025-12-18 02:00:00,113,32.5,34.0,36.0,33.8,1082.0,17.3,0.0,0,0,0.0,0,2,18,3,12,0,0
2025-12-18 03:00:00,110,39.5,41.1,34.0,40.9,1300.0,20.0,0.0,0,0,0.0,0,3,18,3,12,0,0
2025-12-18 04:00:00,107,43.1,44.8,52.0,39.2,1440.0,23.5,0.0,0,0,0.0,0,4,18,3,12,0,0
2025-12-18 05:00:00,105,43.9,45.9,82.0,32.9,1529.0,27.7,0.0,0,0,0.0,0,5,18,3,12,0,0
2025-12-18 06:00:00,103,35.6,39.2,109.0,26.4,1506.0,32.1,0.0,0,0,0.0,0,6,18,3,12,0,1
2025-12-18 07:00:00,102,35.7,40.3,132.0,20.4,1260.0,37.0,0.0,0,0,0.0,0,7,18,3,12,0,1
2025-12-18 08:00:00,102,37.3,42.6,152.0,14.3,901.0,42.2,0.0,0,0,0.0,0,8,18,3,12,0,1
2025-12-18 09:00:00,103,38.4,44.2,167.0,11.0,700.0,46.5,0.0,0,0,0.0,0,9,18,3,12,0,1
2025-12-18 10:00:00,104,39.3,45.1,177.0,9.1,811.0,49.9,0.0,0,0,0.0,0,10,18,3,12,0,2
2025-12-18 11:00:00,105,40.7,46.1,181.0,9.9,1079.0,52.4,0.0,0,0,0.0,0,11,18,3,12,0,2
2025-12-18 12:00:00,106,45.6,50.1,171.0,20.7,1316.0,59.9,0.0,0,0,0.0,0,12,18,3,12,0,2
2025-12-18 13:00:00,116,65.0,68.2,129.0,49.7,1452.0,56.4,0.0,0,0,0.0,0,13,18,3,12,0,2
2025-12-18 14:00:00,126,71.7,74.3,70.0,89.2,1556.0,51.3,0.0,0,0,0.0,0,14,18,3,12,0,2
2025-12-18 15:00:00,117,70.8,73.1,26.0,115.7,1642.0,46.4,0.0,0,0,0.0,0,15,18,3,12,0,2
2025-12-18 16:00:00,111,70.1,71.9,11.0,117.7,1753.0,42.4,0.0,0,0,0.0,0,16,18,3,12,0,2
2025-12-18 17:00:00,113,70.3,71.9,10.0,106.8,1845.0,38.6,0.0,0,0,0.0,0,17,18,3,12,0,3
2025-12-18 18:00:00,116,66.6,67.8,13.0,94.0,1805.0,34.2,0.0,0,0,0.0,0,18,18,3,12,0,3
2025-12-18 19:00:00,120,58.1,59.4,16.0,82.4,1522.0,28.4,0.0,0,0,0.0,0,19,18,3,12,0,3
2025-12-18 20:00:00,123,49.7,51.2,23.0,68.9,1106.0,22.0,0.0,0,0,0.0,0,20,18,3,12,0,3
2025-12-18 21:00:00,125,43.5,45.3,30.0,55.8,776.0,17.2,0.0,0,0,0.0,0,21,18,3,12,0,0
2025-12-18 22:00:00,127,40.0,41.8,39.0,42.1,592.0,14.7,0.0,0,0,0.0,0,22,18,3,12,0,0
2025-12-18 23:00:00,128,38.2,40.0,49.0,28.7,495.0,13.7,0.0,0,0,0.0,0,23,18,3,12,0,0
2025-12-19 00:00:00,129,36.6,38.4,52.0,22.0,522.0,13.2,0.0,0,0,0.0,0,0,19,4,12,0,0
2025-12-19 01:00:00,130,37.0,38.9,48.0,26.1,748.0,14.5,0.0,0,0,0.0,0,1,19,4,12,0,0
2025-12-19 02:00:00,131,39.8,41.8,44.0,31.6,1099.0,16.3,0.0,0,0,0.0,0,2,19,4,12,0,0
2025-12-19 03:00:00,132,44.8,46.8,48.0,34.3,1390.0,18.3,0.0,0,0,0.0,0,3,19,4,12,0,0
2025-12-19 04:00:00,132,49.2,50.9,68.0,31.6,1581.0,20.0,0.0,0,0,0.0,0,4,19,4,12,0,0
2025-12-19 05:00:00,133,48.4,50.6,97.0,26.1,1712.0,21.9,0.0,0,0,0.0,0,5,19,4,12,0,0
2025-12-19 06:00:00,133,43.4,46.7,123.0,20.9,1724.0,25.0,0.0,0,0,0.0,0,6,19,4,12,0,1
2025-12-19 07:00:00,134,39.2,43.1,142.0,16.4,1508.0,30.7,0.0,0,0,0.0,0,7,19,4,12,0,1
2025-12-19 08:00:00,135,38.8,42.7,157.0,12.2,1173.0,37.6,0.0,0,0,0.0,0,8,19,4,12,0,1
2025-12-19 09:00:00,135,38.3,41.9,166.0,10.5,984.0,42.6,0.0,0,0,0.0,0,9,19,4,12,0,1
2025-12-19 10:00:00,135,37.5,40.7,170.0,11.4,989.0,44.3,0.0,0,0,0.0,0,10,19,4,12,0,2
2025-12-19 11:00:00,135,38.2,41.1,169.0,14.7,1140.0,44.0,0.0,0,0,0.0,0,11,19,4,12,0,2
2025-12-19 12:00:00,134,41.3,43.9,168.0,19.9,1556.0,47.8,0.0,0,0,0.0,0,12,19,4,12,0,2
2025-12-19 13:00:00,134,59.0,61.0,135.0,42.2,2539.0,44.2,0.0,0,0,0.0,0,13,19,4,12,0,2
2025-12-19 14:00:00,133,65.4,67.1,88.0,73.1,3787.0,39.3,0.0,0,0,0.0,0,14,19,4,12,0,2
2025-12-19 15:00:00,133,67.5,69.4,51.0,98.3,4515.0,36.8,0.0,0,0,0.0,0,15,19,4,12,0,2
2025-12-19 16:00:00,132,71.2,72.9,32.0,113.3,4283.0,39.7,0.0,0,0,0.0,0,16,19,4,12,0,2
2025-12-19 17:00:00,132,77.1,79.2,21.0,122.6,3530.0,44.9,0.0,0,0,0.0,0,17,19,4,12,0,3
2025-12-19 18:00:00,133,84.8,86.8,15.0,124.7,2787.0,47.0,0.0,0,0,0.0,0,18,19,4,12,0,3
2025-12-19 19:00:00,135,85.7,87.5,12.0,116.6,2189.0,42.8,0.0,0,0,0.0,0,19,19,4,12,0,3
2025-12-19 20:00:00,138,79.4,81.0,13.0,101.3,1600.0,35.5,0.0,0,0,0.0,0,20,19,4,12,0,3
2025-12-19 21:00:00,141,71.9,73.6,14.0,87.3,1143.0,29.0,0.0,0,0,0.0,0,21,19,4,12,0,0
2025-12-19 22:00:00,144,66.1,67.5,15.0,76.7,812.0,24.2,0.0,0,0,0.0,0,22,19,4,12,0,0
2025-12-19 23:00:00,147,60.3,61.9,16.0,67.4,613.0,20.3,0.0,0,0,0.0,0,23,19,4,12,0,0
2025-12-20 00:00:00,149,61.5,63.1,13.0,65.3,684.0,18.6,0.0,0,0,0.0,0,0,20,5,12,1,0
2025-12-20 01:00:00,150,58.6,60.5,10.0,64.1,1277.0,18.9,0.0,0,0,0.0,0,1,20,5,12,1,0
2025-12-20 02:00:00,151,61.0,63.1,7.0,62.2,2140.0,19.8,0.0,0,0,0.0,0,2,20,5,12,1,0
2025-12-20 03:00:00,152,71.9,73.8,17.0,58.4,2653.0,23.8,0.0,0,0,0.0,0,3,20,5,12,1,0
2025-12-20 04:00:00,152,75.0,76.4,52.0,51.8,2462.0,34.7,0.0,0,0,0.0,0,4,20,5,12,1,0
2025-12-20 05:00:00,153,58.3,61.0,99.0,43.4,1921.0,48.8,0.0,0,0,0.0,0,5,20,5,12,1,0
2025-12-20 06:00:00,154,54.9,58.0,136.0,34.9,1477.0,57.5,0.0,0,0,0.0,0,6,20,5,12,1,1
2025-12-20 07:00:00,154,45.8,48.2,154.0,25.6,1309.0,56.0,0.0,0,0,0.0,0,7,20,5,12,1,1
2025-12-20 08:00:00,154,39.0,41.1,162.0,16.2,1237.0,49.1,0.0,0,0,0.0,0,8,20,5,12,1,1
2025-12-20 09:00:00,154,36.4,38.2,164.0,10.8,1167.0,42.7,0.0,0,0,0.0,0,9,20,5,12,1,1
2025-12-20 10:00:00,154,35.2,36.8,161.0,10.7,1038.0,38.8,0.0,0,0,0.0,0,10,20,5,12,1,2
2025-12-20 11:00:00,154,35.6,37.4,152.0,14.5,912.0,35.5,0.0,0,0,0.0,0,11,20,5,12,1,2
2025-12-20 12:00:00,154,48.9,51.3,162.0,21.3,876.0,43.6,0.0,0,0,0.0,0,12,20,5,12,1,2
2025-12-20 13:00:00,154,57.3,59.1,133.0,35.0,966.0,40.5,0.0,0,0,0.0,0,13,20,5,12,1,2
2025-12-20 14:00:00,154,61.9,63.8,94.0,53.9,1146.0,36.2,0.0,0,0,0.0,0,14,20,5,12,1,2
2025-12-20 15:00:00,154,63.1,65.2,61.0,68.6,1398.0,32.6,0.0,0,0,0.0,0,15,20,5,12,1,2
2025-12-20 16:00:00,154,63.8,65.9,42.0,76.1,1854.0,31.0,0.0,0,0,0.0,0,16,20,5,12,1,2
2025-12-20 17:00:00,154,65.0,67.1,31.0,79.4,2382.0,30.2,0.0,0,0,0.0,0,17,20,5,12,1,3
2025-12-20 18:00:00,153,66.6,68.9,26.0,77.5,2567.0,28.6,0.0,0,0,0.0,0,18,20,5,12,1,3
2025-12-20 19:00:00,153,64.0,66.4,30.0,67.7,2088.0,25.1,0.0,0,0,0.0,0,19,20,5,12,1,3
2025-12-20 20:00:00,152,57.2,59.5,41.0,52.7,1265.0,20.8,0.0,0,0,0.0,0,20,20,5,12,1,3
2025-12-20 21:00:00,151,50.1,52.5,50.0,39.5,646.0,17.2,0.0,0,0,0.0,0,21,20,5,12,1,0
2025-12-20 22:00:00,151,45.9,48.8,57.0,29.0,402.0,14.8,0.0,0,0,0.0,0,22,20,5,12,1,0
2025-12-20 23:00:00,150,41.9,44.7,63.0,20.3,361.0,13.2,0.0,0,0,0.0,0,23,20,5,12,1,0
2025-12-21 00:00:00,149,37.5,40.3,63.0,17.1,556.0,11.5,0.0,0,0,0.0,0,0,21,6,12,1,0
2025-12-21 01:00:00,146,38.1,40.9,47.0,28.9,1225.0,13.0,0.0,0,0,0.0,0,1,21,6,12,1,0
2025-12-21 02:00:00,144,45.5,48.4,26.0,44.6,2130.0,15.1,0.0,0,0,0.0,0,2,21,6,12,1,0
2025-12-21 03:00:00,142,58.3,61.2,18.0,52.3,2593.0,17.4,0.0,0,0,0.0,0,3,21,6,12,1,0
2025-12-21 04:00:00,141,54.5,56.9,36.0,44.3,2181.0,20.0,0.0,0,0,0.0,0,4,21,6,12,1,0
2025-12-21 05:00:00,139,39.3,44.0,68.0,28.3,1326.0,22.6,0.0,0,0,0.0,0,5,21,6,12,1,0
2025-12-21 06:00:00,137,25.1,38.0,92.0,15.5,654.0,24.3,0.0,0,0,0.0,0,6,21,6,12,1,1
2025-12-21 07:00:00,134,20.4,40.9,101.0,10.2,417.0,24.1,0.0,0,0,0.0,0,7,21,6,12,1,1
2025-12-21 08:00:00,131,19.4,45.5,102.0,8.1,362.0,22.9,0.0,0,0,0.0,0,8,21,6,12,1,1
2025-12-21 09:00:00,129,18.5,45.6,101.0,7.7,351.0,22.0,0.0,0,0,0.0,0,9,21,6,12,1,1
2025-12-21 10:00:00,127,17.3,43.8,98.0,7.7,330.0,22.0,0.0,0,0,0.0,0,10,21,6,12,1,2
2025-12-21 11:00:00,125,16.5,40.9,93.0,9.5,354.0,22.4,0.0,0,0,0.0,0,11,21,6,12,1,2
2025-12-21 12:00:00,123,18.3,41.1,88.0,14.5,445.0,23.8,0.0,0,0,0.0,0,12,21,6,12,1,2
2025-12-21 13:00:00,120,22.8,36.3,69.0,28.6,683.0,22.9,0.0,0,0,0.0,0,13,21,6,12,1,2
2025-12-21 14:00:00,117,25.9,35.6,43.0,47.7,989.0,21.6,0.0,0,0,0.0,0,14,21,6,12,1,2
2025-12-21 15:00:00,113,26.7,34.3,26.0,60.0,1150.0,20.2,0.0,0,0,0.0,0,15,21,6,12,1,2
2025-12-21 16:00:00,109,25.7,32.5,25.0,59.6,1035.0,18.6,0.0,0,0,0.0,0,16,21,6,12,1,2
2025-12-21 17:00:00,105,24.4,30.5,32.0,52.5,774.0,16.9,0.0,0,0,0.0,0,17,21,6,12,1,3
2025-12-21 18:00:00,101,22.4,28.3,40.0,44.5,548.0,15.1,0.0,0,0,0.0,0,18,21,6,12,1,3
2025-12-21 19:00:00,97,19.6,25.6,46.0,36.6,415.0,13.0,0.0,0,0,0.0,0,19,21,6,12,1,3
2025-12-21 20:00:00,94,17.3,23.2,53.0,27.7,316.0,10.8,0.0,0,0,0.0,0,20,21,6,12,1,3
2025-12-21 21:00:00,91,16.1,21.8,57.0,21.0,252.0,9.3,0.0,0,0,0.0,0,21,21,6,12,1,0
2025-12-21 22:00:00,88,15.3,20.7,57.0,16.9,204.0,8.7,0.0,0,0,0.0,0,22,21,6,12,1,0
2025-12-21 23:00:00,85,14.5,19.2,54.0,14.8,191.0,8.8,0.0,0,0,0.0,0,23,21,6,12,1,0
2025-12-22 00:00:00,83,16.0,18.7,42.0,19.4,268.0,9.8,0.0,0,0,0.0,0,0,22,0,12,0,0
2025-12-22 01:00:00,82,15.7,18.7,33.0,27.6,513.0,11.2,0.0,0,0,0.0,0,1,22,0,12,0,0
2025-12-22 02:00:00,80,19.6,23.1,21.0,38.4,849.0,13.3,0.0,0,0,0.0,0,2,22,0,12,0,0
2025-12-22 03:00:00,78,27.2,31.4,20.0,43.6,1099.0,15.4,0.0,0,0,0.0,0,3,22,0,12,0,0
2025-12-22 04:00:00,75,27.9,33.3,40.0,37.7,1196.0,17.7,0.0,0,0,0.0,0,4,22,0,12,0,0
2025-12-22 05:00:00,73,25.8,34.6,71.0,26.1,1208.0,20.2,0.0,0,0,0.0,0,5,22,0,12,0,0
2025-12-22 06:00:00,72,28.2,43.3,97.0,16.4,1159.0,21.9,0.0,0,0,0.0,0,6,22,0,12,0,1
2025-12-22 07:00:00,72,27.7,50.4,111.0,11.1,1019.0,22.2,0.0,0,0,0.0,0,7,22,0,12,0,1
2025-12-22 08:00:00,73,27.8,51.5,119.0,7.7,818.0,21.9,0.0,0,0,0.0,0,8,22,0,12,0,1
2025-12-22 09:00:00,74,28.0,49.4,124.0,6.3,672.0,22.1,0.0,0,0,0.0,0,9,22,0,12,0,1
2025-12-22 10:00:00,74,28.5,48.0,131.0,5.3,613.0,23.5,0.0,0,0,0.0,0,10,22,0,12,0,2
2025-12-22 11:00:00,75,29.8,47.5,135.0,6.3,609.0,25.5,0.0,0,0,0.0,0,11,22,0,12,0,2
2025-12-22 12:00:00,76,42.3,66.4,130.0,14.8,675.0,32.3,0.0,0,0,0.0,0,12,22,0,12,0,2
2025-12-22 13:00:00,78,57.5,75.2,95.0,40.6,876.0,32.4,0.0,0,0,0.0,0,13,22,0,12,0,2
2025-12-22 14:00:00,81,63.1,75.9,48.0,75.9,1148.0,32.5,0.0,0,0,0.0,0,14,22,0,12,0,2
2025-12-22 15:00:00,84,66.1,77.1,15.0,99.2,1317.0,32.2,0.0,0,0,0.0,0,15,22,0,12,0,2
2025-12-22 16:00:00,87,72.9,82.2,9.0,101.1,1291.0,31.6,0.0,0,0,0.0,0,16,22,0,12,0,2
2025-12-22 17:00:00,91,79.4,85.2,17.0,91.0,1161.0,30.6,0.0,0,0,0.0,0,17,22,0,12,0,3
2025-12-22 18:00:00,95,81.0,84.8,30.0,76.5,1031.0,29.1,0.0,0,0,0.0,0,18,22,0,12,0,3
2025-12-22 19:00:00,100,84.1,86.8,49.0,56.3,923.0,26.5,0.0,0,0,0.0,0,19,22,0,12,0,3
2025-12-22 20:00:00,106,83.6,86.6,74.0,31.6,815.0,23.3,0.0,0,0,0.0,0,20,22,0,12,0,3
2025-12-22 21:00:00,113,79.9,83.4,92.0,13.2,742.0,21.3,0.0,0,0,0.0,0,21,22,0,12,0,0
2025-12-22 22:00:00,120,75.4,78.9,100.0,5.7,710.0,21.4,0.0,0,0,0.0,0,22,22,0,12,0,0
2025-12-22 23:00:00,126,71.5,74.7,101.0,4.5,714.0,22.6,0.0,0,0,0.0,0,23,22,0,12,0,0
2025-12-23 00:00:00,132,69.4,72.6,98.0,6.4,773.0,23.7,0.0,0,0,0.0,0,0,23,1,12,0,0
2025-12-23 01:00:00,138,66.8,69.8,90.0,12.8,952.0,25.1,0.0,0,0,0.0,0,1,23,1,12,0,0
2025-12-23 02:00:00,143,65.9,69.2,80.0,21.4,1186.0,27.0,0.0,0,0,0.0,0,2,23,1,12,0,0
2025-12-23 03:00:00,148,66.4,69.6,77.0,26.4,1300.0,28.7,0.0,0,0,0.0,0,3,23,1,12,0,0
2025-12-23 04:00:00,151,65.0,68.2,89.0,24.5,1186.0,30.5,0.0,0,0,0.0,0,4,23,1,12,0,0
2025-12-23 05:00:00,152,60.5,65.0,108.0,19.0,951.0,32.0,0.0,0,0,0.0,0,5,23,1,12,0,0
2025-12-23 06:00:00,153,52.0,58.4,123.0,13.9,748.0,31.9,0.0,0,0,0.0,0,6,23,1,12,0,1
2025-12-23 07:00:00,153,39.7,48.1,129.0,10.2,620.0,28.4,0.0,0,0,0.0,0,7,23,1,12,0,1
2025-12-23 08:00:00,154,32.7,41.1,131.0,6.9,523.0,23.2,0.0,0,0,0.0,0,8,23,1,12,0,1
2025-12-23 09:00:00,154,30.4,38.2,131.0,5.4,476.0,19.6,0.0,0,0,0.0,0,9,23,1,12,0,1
2025-12-23 10:00:00,154,29.9,37.5,132.0,4.7,499.0,19.1,0.0,0,0,0.0,0,10,23,1,12,0,2
2025-12-23 11:00:00,154,30.2,37.4,131.0,5.9,571.0,20.2,0.0,0,0,0.0,0,11,23,1,12,0,2
2025-12-23 12:00:00,154,25.4,29.7,119.0,12.4,653.0,20.8,0.0,0,0,0.0,0,12,23,1,12,0,2
2025-12-23 13:00:00,153,39.1,43.0,94.0,28.4,751.0,20.6,0.0,0,0,0.0,0,13,23,1,12,0,2
2025-12-23 14:00:00,153,46.2,49.5,60.0,49.8,859.0,20.3,0.0,0,0,0.0,0,14,23,1,12,0,2
2025-12-23 15:00:00,152,43.8,47.6,38.0,61.7,913.0,19.4,0.0,0,0,0.0,0,15,23,1,12,0,2
2025-12-23 16:00:00,152,41.4,46.2,38.0,54.8,877.0,17.5,0.0,0,0,0.0,0,16,23,1,12,0,2
2025-12-23 17:00:00,151,39.3,45.3,50.0,38.4,788.0,15.1,0.0,0,0,0.0,0,17,23,1,12,0,3
2025-12-23 18:00:00,149,37.8,44.9,59.0,24.9,693.0,12.9,0.0,0,0,0.0,0,18,23,1,12,0,3
2025-12-23 19:00:00,144,36.4,44.1,61.0,19.2,598.0,11.2,0.0,0,0,0.0,0,19,23,1,12,0,3
2025-12-23 20:00:00,139,34.5,42.4,62.0,16.4,496.0,9.8,0.0,0,0,0.0,0,20,23,1,12,0,3
2025-12-23 21:00:00,134,32.2,40.4,62.0,14.3,417.0,8.8,0.0,0,0,0.0,0,21,23,1,12,0,0
2025-12-23 22:00:00,129,30.4,38.6,64.0,11.2,347.0,8.2,0.0,0,0,0.0,0,22,23,1,12,0,0
2025-12-23 23:00:00,124,29.0,37.1,67.0,8.7,300.0,8.0,0.0,0,0,0.0,0,23,23,1,12,0,0
2025-12-24 00:00:00,120,28.0,35.6,65.0,9.8,347.0,8.0,0.0,0,0,0.0,0,0,24,2,12,0,0
2025-12-24 01:00:00,116,28.0,35.3,54.0,18.5,573.0,9.1,0.0,0,0,0.0,0,1,24,2,12,0,0
2025-12-24 02:00:00,112,30.9,38.1,40.0,30.2,892.0,10.8,0.0,0,0,0.0,0,2,24,2,12,0,0
2025-12-24 03:00:00,108,36.1,43.1,36.0,36.8,1119.0,12.8,0.0,0,0,0.0,0,3,24,2,12,0,0
2025-12-24 04:00:00,105,40.0,45.3,51.0,33.5,1179.0,15.3,0.0,0,0,0.0,0,4,24,2,12,0,0
2025-12-24 05:00:00,102,36.0,43.8,77.0,25.1,1148.0,18.2,0.0,0,0,0.0,0,5,24,2,12,0,0
2025-12-24 06:00:00,100,33.3,42.1,99.0,17.7,1061.0,20.6,0.0,0,0,0.0,0,6,24,2,12,0,1
2025-12-24 07:00:00,98,29.2,36.9,114.0,13.1,879.0,22.2,0.0,0,0,0.0,0,7,24,2,12,0,1
2025-12-24 08:00:00,98,27.4,34.9,125.0,9.6,642.0,23.5,0.0,0,0,0.0,0,8,24,2,12,0,1
2025-12-24 09:00:00,97,27.1,34.3,133.0,8.0,508.0,24.8,0.0,0,0,0.0,0,9,24,2,12,0,1
2025-12-24 10:00:00,97,27.0,34.0,140.0,6.1,566.0,26.3,0.0,0,0,0.0,0,10,24,2,12,0,2
2025-12-24 11:00:00,97,27.4,34.3,142.0,6.2,727.0,27.9,0.0,0,0,0.0,0,11,24,2,12,0,2
2025-12-24 12:00:00,96,27.3,33.2,138.0,16.2,879.0,35.5,0.0,0,0,0.0,0,12,24,2,12,0,2
2025-12-24 13:00:00,97,48.4,53.6,102.0,43.4,973.0,35.2,0.0,0,0,0.0,0,13,24,2,12,0,2
2025-12-24 14:00:00,97,57.6,62.2,52.0,80.5,1058.0,35.0,0.0,0,0,0.0,0,14,24,2,12,0,2
2025-12-24 15:00:00,98,58.1,62.6,16.0,105.8,1174.0,35.1,0.0,0,0,0.0,0,15,24,2,12,0,2
2025-12-24 16:00:00,99,59.8,64.7,6.0,108.3,1402.0,36.8,0.0,0,0,0.0,0,16,24,2,12,0,2
2025-12-24 17:00:00,101,63.8,68.9,10.0,98.9,1660.0,39.0,0.0,0,0,0.0,0,17,24,2,12,0,3
2025-12-24 18:00:00,104,64.3,68.7,14.0,89.1,1740.0,38.7,0.0,0,0,0.0,0,18,24,2,12,0,3
2025-12-24 19:00:00,106,61.2,64.5,13.0,82.3,1487.0,33.6,0.0,0,0,0.0,0,19,24,2,12,0,3
2025-12-24 20:00:00,109,54.8,58.0,13.0,75.0,1056.0,26.0,0.0,0,0,0.0,0,20,24,2,12,0,3
2025-12-24 21:00:00,111,49.1,52.2,12.0,68.3,710.0,19.8,0.0,0,0,0.0,0,21,24,2,12,0,0
2025-12-24 22:00:00,113,45.2,48.3,11.0,62.5,509.0,16.3,0.0,0,0,0.0,0,22,24,2,12,0,0
2025-12-24 23:00:00,114,42.4,45.4,11.0,57.2,391.0,14.2,0.0,0,0,0.0,0,23,24,2,12,0,0
2025-12-25 00:00:00,116,39.5,42.5,11.0,52.6,436.0,13.1,0.0,0,0,0.0,0,0,25,3,12,0,0
2025-12-25 01:00:00,117,38.4,41.2,8.0,53.0,779.0,13.7,0.0,0,0,0.0,0,1,25,3,12,0,0
2025-12-25 02:00:00,118,42.8,45.6,5.0,53.3,1285.0,15.1,0.0,0,0,0.0,0,2,25,3,12,0,0
2025-12-25 03:00:00,119,52.6,55.4,11.0,51.7,1624.0,19.6,0.0,0,0,0.0,0,3,25,3,12,0,0
2025-12-25 04:00:00,121,51.8,54.6,34.0,47.3,1641.0,30.2,0.0,0,0,0.0,0,4,25,3,12,0,0
2025-12-25 05:00:00,122,45.1,48.7,67.0,41.0,1491.0,44.0,0.0,0,0,0.0,0,5,25,3,12,0,0
2025-12-25 06:00:00,123,37.4,42.5,96.0,34.3,1307.0,54.9,0.0,0,0,0.0,0,6,25,3,12,0,1
2025-12-25 07:00:00,124,36.1,40.9,118.0,26.5,1103.0,60.2,0.0,0,0,0.0,0,7,25,3,12,0,1
2025-12-25 08:00:00,124,34.7,38.4,136.0,18.2,865.0,62.6,0.0,0,0,0.0,0,8,25,3,12,0,1
2025-12-25 09:00:00,125,35.5,39.1,148.0,13.1,687.0,63.9,0.0,0,0,0.0,0,9,25,3,12,0,1
2025-12-25 10:00:00,126,36.9,40.5,155.0,12.1,600.0,65.2,0.0,0,0,0.0,0,10,25,3,12,0,2
2025-12-25 11:00:00,127,38.3,41.8,157.0,14.3,573.0,65.4,0.0,0,0,0.0,0,11,25,3,12,0,2
2025-12-25 12:00:00,128,37.4,40.4,150.0,17.7,607.0,56.5,0.0,0,0,0.0,0,12,25,3,12,0,2
2025-12-25 13:00:00,129,48.1,50.4,120.0,32.4,737.0,50.5,0.0,0,0,0.0,0,13,25,3,12,0,2
2025-12-25 14:00:00,129,49.6,51.8,77.0,52.6,928.0,42.1,0.0,0,0,0.0,0,14,25,3,12,0,2
2025-12-25 15:00:00,128,47.1,49.6,45.0,66.6,1076.0,34.8,0.0,0,0,0.0,0,15,25,3,12,0,2
2025-12-25 16:00:00,127,45.2,47.6,32.0,68.7,1137.0,30.1,0.0,0,0,0.0,0,16,25,3,12,0,2
2025-12-25 17:00:00,126,43.9,46.4,29.0,64.6,1156.0,26.5,0.0,0,0,0.0,0,17,25,3,12,0,3
2025-12-25 18:00:00,123,43.3,46.0,27.0,59.8,1163.0,23.4,0.0,0,0,0.0,0,18,25,3,12,0,3
2025-12-25 19:00:00,121,43.0,45.6,24.0,56.1,1192.0,20.6,0.0,0,0,0.0,0,19,25,3,12,0,3
2025-12-25 20:00:00,119,42.1,44.9,23.0,51.8,1209.0,18.3,0.0,0,0,0.0,0,20,25,3,12,0,3
2025-12-25 21:00:00,118,40.2,42.8,24.0,46.5,1149.0,16.5,0.0,0,0,0.0,0,21,25,3,12,0,0
2025-12-25 22:00:00,117,37.4,39.9,28.0,38.5,902.0,15.3,0.0,0,0,0.0,0,22,25,3,12,0,0
2025-12-25 23:00:00,116,34.2,36.7,34.0,29.6,577.0,14.6,0.0,0,0,0.0,0,23,25,3,12,0,0
2025-12-26 00:00:00,115,34.5,36.8,29.0,28.0,435.0,14.2,0.0,0,0,0.0,0,0,26,4,12,0,0
2025-12-26 01:00:00,115,33.5,35.6,20.0,33.5,678.0,14.5,0.0,0,0,0.0,0,1,26,4,12,0,0
2025-12-26 02:00:00,114,38.1,40.0,8.0,40.7,1105.0,15.4,0.0,0,0,0.0,0,2,26,4,12,0,0
2025-12-26 03:00:00,114,48.5,50.2,10.0,43.5,1368.0,19.7,0.0,0,0,0.0,0,3,26,4,12,0,0
2025-12-26 04:00:00,114,46.6,48.5,36.0,37.7,1285.0,31.0,0.0,0,0,0.0,0,4,26,4,12,0,0
2025-12-26 05:00:00,113,37.6,40.9,75.0,27.5,1038.0,45.6,0.0,0,0,0.0,0,5,26,4,12,0,0
2025-12-26 06:00:00,112,32.7,36.2,108.0,18.9,834.0,55.7,0.0,0,0,0.0,0,6,26,4,12,0,1
2025-12-26 07:00:00,112,33.3,36.4,129.0,14.0,741.0,57.1,0.0,0,0,0.0,0,7,26,4,12,0,1
2025-12-26 08:00:00,111,33.6,36.4,144.0,10.8,690.0,54.0,0.0,0,0,0.0,0,8,26,4,12,0,1
2025-12-26 09:00:00,111,34.6,37.1,153.0,9.5,677.0,50.9,0.0,0,0,0.0,0,9,26,4,12,0,1
2025-12-26 10:00:00,111,35.2,37.6,157.0,9.2,705.0,50.0,0.0,0,0,0.0,0,10,26,4,12,0,2
2025-12-26 11:00:00,111,35.5,38.1,156.0,10.7,770.0,49.2,0.0,0,0,0.0,0,11,26,4,12,0,2
2025-12-26 12:00:00,111,33.1,35.9,140.0,15.9,857.0,47.4,0.0,0,0,0.0,0,12,26,4,12,0,2
2025-12-26 13:00:00,110,44.9,47.1,108.0,33.6,984.0,43.1,0.0,0,0,0.0,0,13,26,4,12,0,2
2025-12-26 14:00:00,110,47.7,49.9,63.0,58.0,1131.0,37.0,0.0,0,0,0.0,0,14,26,4,12,0,2
2025-12-26 15:00:00,110,46.1,48.7,28.0,75.5,1228.0,32.0,0.0,0,0,0.0,0,15,26,4,12,0,2
2025-12-26 16:00:00,110,46.1,49.0,14.0,79.8,1245.0,29.3,0.0,0,0,0.0,0,16,26,4,12,0,2
2025-12-26 17:00:00,110,47.7,50.9,10.0,77.2,1210.0,27.7,0.0,0,0,0.0,0,17,26,4,12,0,3
2025-12-26 18:00:00,110,50.6,53.7,8.0,73.6,1137.0,26.1,0.0,0,0,0.0,0,18,26,4,12,0,3
2025-12-26 19:00:00,111,52.9,55.6,6.0,71.0,1009.0,24.1,0.0,0,0,0.0,0,19,26,4,12,0,3
2025-12-26 20:00:00,112,53.6,55.9,6.0,67.4,843.0,22.0,0.0,0,0,0.0,0,20,26,4,12,0,3
2025-12-26 21:00:00,113,52.4,54.4,9.0,62.4,698.0,20.4,0.0,0,0,0.0,0,21,26,4,12,0,0
2025-12-26 22:00:00,114,50.4,52.3,15.0,54.4,563.0,19.2,0.0,0,0,0.0,0,22,26,4,12,0,0
2025-12-26 23:00:00,116,48.1,49.8,24.0,45.0,449.0,18.4,0.0,0,0,0.0,0,23,26,4,12,0,0
2025-12-27 00:00:00,117,45.4,47.5,26.0,41.2,454.0,17.9,0.0,0,0,0.0,0,0,27,5,12,1,0
2025-12-27 01:00:00,118,44.2,46.1,22.0,45.2,684.0,18.2,0.0,0,0,0.0,0,1,27,5,12,1,0
2025-12-27 02:00:00,119,47.7,49.6,17.0,50.3,1032.0,18.8,0.0,0,0,0.0,0,2,27,5,12,1,0
2025-12-27 03:00:00,120,54.7,56.3,24.0,51.2,1279.0,21.1,0.0,0,0,0.0,0,3,27,5,12,1,0
2025-12-27 04:00:00,121,53.0,54.6,53.0,44.0,1336.0,26.8,0.0,0,0,0.0,0,4,27,5,12,1,0
2025-12-27 05:00:00,122,47.5,49.8,94.0,32.5,1291.0,34.2,0.0,0,0,0.0,0,5,27,5,12,1,0
2025-12-27 06:00:00,123,39.5,42.8,128.0,22.7,1188.0,39.6,0.0,0,0,0.0,0,6,27,5,12,1,1
2025-12-27 07:00:00,124,38.6,42.3,148.0,16.4,989.0,40.8,0.0,0,0,0.0,0,7,27,5,12,1,1
2025-12-27 08:00:00,124,37.8,41.3,162.0,11.8,732.0,40.0,0.0,0,0,0.0,0,8,27,5,12,1,1
2025-12-27 09:00:00,125,37.8,41.2,171.0,9.5,579.0,39.7,0.0,0,0,0.0,0,9,27,5,12,1,1
2025-12-27 10:00:00,125,38.3,41.7,179.0,7.9,617.0,41.1,0.0,0,0,0.0,0,10,27,5,12,1,2
2025-12-27 11:00:00,125,39.1,42.4,182.0,8.6,759.0,43.0,0.0,0,0,0.0,0,11,27,5,12,1,2
2025-12-27 12:00:00,126,28.1,29.5,165.0,16.4,908.0,39.9,0.0,0,0,0.0,0,12,27,5,12,1,2
2025-12-27 13:00:00,128,51.7,53.1,122.0,52.4,1051.0,41.4,0.0,0,0,0.0,0,13,27,5,12,1,2
2025-12-27 14:00:00,134,62.4,63.6,63.0,101.6,1200.0,43.4,0.0,0,0,0.0,0,14,27,5,12,1,2
2025-12-27 15:00:00,127,64.3,65.7,20.0,135.0,1302.0,44.4,0.0,0,0,0.0,0,15,27,5,12,1,2
2025-12-27 16:00:00,129,66.1,67.8,7.0,138.5,1347.0,43.9,0.0,0,0,0.0,0,16,27,5,12,1,2
2025-12-27 17:00:00,131,67.1,68.5,10.0,126.3,1343.0,42.4,0.0,0,0,0.0,0,17,27,5,12,1,3
2025-12-27 18:00:00,133,64.5,65.2,13.0,112.1,1261.0,39.3,0.0,0,0,0.0,0,18,27,5,12,1,3
2025-12-27 19:00:00,135,54.6,55.1,12.0,99.8,1042.0,33.5,0.0,0,0,0.0,0,19,27,5,12,1,3
2025-12-27 20:00:00,135,45.2,45.4,13.0,85.6,744.0,26.2,0.0,0,0,0.0,0,20,27,5,12,1,3
2025-12-27 21:00:00,134,37.8,38.1,15.0,71.9,514.0,20.5,0.0,0,0,0.0,0,21,27,5,12,1,0
2025-12-27 22:00:00,132,32.6,32.8,21.0,58.2,385.0,17.7,0.0,0,0,0.0,0,22,27,5,12,1,0
2025-12-27 23:00:00,131,29.2,29.3,29.0,45.1,323.0,16.6,0.0,0,0,0.0,0,23,27,5,12,1,0
2025-12-28 00:00:00,129,27.9,28.1,19.0,49.5,377.0,15.8,0.0,0,0,0.0,0,0,28,6,12,1,0
2025-12-28 01:00:00,127,27.2,27.4,16.0,49.4,624.0,16.6,0.0,0,0,0.0,0,1,28,6,12,1,0
2025-12-28 02:00:00,125,31.1,31.3,14.0,49.0,987.0,17.9,0.0,0,0,0.0,0,2,28,6,12,1,0
2025-12-28 03:00:00,123,39.0,39.2,21.0,46.3,1274.0,20.3,0.0,0,0,0.0,0,3,28,6,12,1,0
2025-12-28 04:00:00,122,41.7,42.0,46.0,39.4,1435.0,24.6,0.0,0,0,0.0,0,4,28,6,12,1,0
2025-12-28 05:00:00,121,42.0,42.5,81.0,30.3,1521.0,30.0,0.0,0,0,0.0,0,5,28,6,12,1,0
2025-12-28 06:00:00,120,33.9,35.0,110.0,22.5,1496.0,34.3,0.0,0,0,0.0,0,6,28,6,12,1,1
2025-12-28 07:00:00,119,28.5,29.7,128.0,16.9,1277.0,36.2,0.0,0,0,0.0,0,7,28,6,12,1,1
2025-12-28 08:00:00,118,26.5,27.7,139.0,12.7,948.0,37.1,0.0,0,0,0.0,0,8,28,6,12,1,1
2025-12-28 09:00:00,117,27.6,29.0,148.0,10.7,721.0,38.6,0.0,0,0,0.0,0,9,28,6,12,1,1
2025-12-28 10:00:00,116,29.9,31.3,157.0,10.0,696.0,42.2,0.0,0,0,0.0,0,10,28,6,12,1,2
2025-12-28 11:00:00,115,32.4,33.6,162.0,11.6,775.0,46.5,0.0,0,0,0.0,0,11,28,6,12,1,2
2025-12-28 12:00:00,115,31.5,32.4,159.0,17.8,871.0,49.0,0.0,0,0,0.0,0,12,28,6,12,1,2
2025-12-28 13:00:00,115,50.1,50.6,129.0,39.1,967.0,48.9,0.0,0,0,0.0,0,13,28,6,12,1,2
2025-12-28 14:00:00,115,58.6,59.0,88.0,68.3,1081.0,48.6,0.0,0,0,0.0,0,14,28,6,12,1,2
2025-12-28 15:00:00,114,61.2,61.7,56.0,88.6,1186.0,48.0,0.0,0,0,0.0,0,15,28,6,12,1,2
2025-12-28 16:00:00,114,64.0,64.5,44.0,91.7,1307.0,47.1,0.0,0,0,0.0,0,16,28,6,12,1,2
2025-12-28 17:00:00,114,67.3,68.0,43.0,86.0,1420.0,45.9,0.0,0,0,0.0,0,17,28,6,12,1,3
2025-12-28 18:00:00,114,68.2,68.9,41.0,78.9,1424.0,43.3,0.0,0,0,0.0,0,18,28,6,12,1,3
2025-12-28 19:00:00,114,66.4,67.1,35.0,72.7,1232.0,38.4,0.0,0,0,0.0,0,19,28,6,12,1,3
2025-12-28 20:00:00,115,61.5,62.2,30.0,65.3,933.0,32.2,0.0,0,0,0.0,0,20,28,6,12,1,3
2025-12-28 21:00:00,117,55.8,56.3,26.0,57.9,690.0,26.8,0.0,0,0,0.0,0,21,28,6,12,1,0
2025-12-28 22:00:00,119,51.0,51.6,25.0,49.7,528.0,22.7,0.0,0,0,0.0,0,22,28,6,12,1,0
2025-12-28 23:00:00,121,47.3,47.7,27.0,41.6,422.0,19.4,0.0,0,0,0.0,0,23,28,6,12,1,0
2025-12-29 00:00:00,123,42.1,42.7,28.0,33.5,471.0,18.2,0.0,0,0,0.0,0,0,29,0,12,0,0
2025-12-29 01:00:00,124,41.2,41.7,21.0,38.5,804.0,18.5,0.0,0,0,0.0,0,1,29,0,12,0,0
2025-12-29 02:00:00,126,44.2,44.8,13.0,45.1,1291.0,19.1,0.0,0,0,0.0,0,2,29,0,12,0,0
2025-12-29 03:00:00,127,51.5,52.0,17.0,48.0,1636.0,20.4,0.0,0,0,0.0,0,3,29,0,12,0,0
2025-12-29 04:00:00,128,50.5,51.1,41.0,44.0,1719.0,22.6,0.0,0,0,0.0,0,4,29,0,12,0,0
2025-12-29 05:00:00,129,47.1,47.8,77.0,36.3,1661.0,25.7,0.0,0,0,0.0,0,5,29,0,12,0,0
2025-12-29 06:00:00,130,39.9,41.0,110.0,28.7,1524.0,29.8,0.0,0,0,0.0,0,6,29,0,12,0,1
2025-12-29 07:00:00,130,38.3,39.5,136.0,21.7,1273.0,36.1,0.0,0,0,0.0,0,7,29,0,12,0,1
2025-12-29 08:00:00,131,38.6,39.9,158.0,14.9,944.0,43.6,0.0,0,0,0.0,0,8,29,0,12,0,1
2025-12-29 09:00:00,133,41.0,42.6,173.0,10.8,711.0,48.9,0.0,0,0,0.0,0,9,29,0,12,0,1
2025-12-29 10:00:00,134,43.4,45.2,180.0,10.2,643.0,50.9,0.0,0,0,0.0,0,10,29,0,12,0,2
2025-12-29 11:00:00,136,44.8,46.7,179.0,12.4,672.0,50.8,0.0,0,0,0.0,0,11,29,0,12,0,2
2025-12-29 12:00:00,137,38.4,39.7,177.0,15.4,763.0,54.4,0.0,0,0,0.0,0,12,29,0,12,0,2
2025-12-29 13:00:00,138,48.5,49.5,150.0,26.7,963.0,50.5,0.0,0,0,0.0,0,13,29,0,12,0,2
2025-12-29 14:00:00,137,49.7,50.5,112.0,42.2,1227.0,44.9,0.0,0,0,0.0,0,14,29,0,12,0,2
2025-12-29 15:00:00,136,46.8,47.7,83.0,51.9,1382.0,39.3,0.0,0,0,0.0,0,15,29,0,12,0,2
2025-12-29 16:00:00,135,44.6,45.6,71.0,50.8,1318.0,34.1,0.0,0,0,0.0,0,16,29,0,12,0,2
2025-12-29 17:00:00,133,43.4,44.7,68.0,44.1,1147.0,28.9,0.0,0,0,0.0,0,17,29,0,12,0,3
2025-12-29 18:00:00,130,43.4,44.8,66.0,37.5,1027.0,24.5,0.0,0,0,0.0,0,18,29,0,12,0,3
2025-12-29 19:00:00,128,43.5,44.9,63.0,32.9,1054.0,21.1,0.0,0,0,0.0,0,19,29,0,12,0,3
2025-12-29 20:00:00,125,43.0,44.4,62.0,28.5,1133.0,18.4,0.0,0,0,0.0,0,20,29,0,12,0,3
2025-12-29 21:00:00,124,42.1,43.5,61.0,24.6,1143.0,16.5,0.0,0,0,0.0,0,21,29,0,12,0,0
2025-12-29 22:00:00,122,41.4,43.0,63.0,19.8,964.0,15.4,0.0,0,0,0.0,0,22,29,0,12,0,0
2025-12-29 23:00:00,121,40.7,42.3,66.0,15.5,716.0,15.1,0.0,0,0,0.0,0,23,29,0,12,0,0
2025-12-30 00:00:00,120,44.4,45.9,52.0,19.4,632.0,14.6,0.0,0,0,0.0,0,0,30,1,12,0,0
2025-12-30 01:00:00,121,46.4,47.8,37.0,30.0,898.0,15.6,0.0,0,0,0.0,0,1,30,1,12,0,0
2025-12-30 02:00:00,121,53.8,55.3,17.0,44.2,1328.0,17.3,0.0,0,0,0.0,0,2,30,1,12,0,0
2025-12-30 03:00:00,122,69.2,70.5,13.0,51.2,1597.0,20.4,0.0,0,0,0.0,0,3,30,1,12,0,0
2025-12-30 04:00:00,124,72.2,73.6,41.0,44.4,1546.0,27.0,0.0,0,0,0.0,0,4,30,1,12,0,0
2025-12-30 05:00:00,126,59.6,62.9,85.0,30.5,1333.0,35.2,0.0,0,0,0.0,0,5,30,1,12,0,0
2025-12-30 06:00:00,128,52.9,57.4,119.0,18.9,1111.0,39.4,0.0,0,0,0.0,0,6,30,1,12,0,1
2025-12-30 07:00:00,129,50.6,54.9,134.0,12.9,898.0,36.3,0.0,0,0,0.0,0,7,30,1,12,0,1
2025-12-30 08:00:00,130,47.8,51.9,140.0,9.2,675.0,29.3,0.0,0,0,0.0,0,8,30,1,12,0,1
2025-12-30 09:00:00,131,46.1,50.4,141.0,7.2,537.0,23.6,0.0,0,0,0.0,0,9,30,1,12,0,1
2025-12-30 10:00:00,132,45.9,50.3,139.0,6.3,507.0,21.3,0.0,0,0,0.0,0,10,30,1,12,0,2
2025-12-30 11:00:00,132,46.1,49.9,133.0,7.2,561.0,20.2,0.0,0,0,0.0,0,11,30,1,12,0,2
2025-12-30 12:00:00,132,38.6,41.8,112.0,11.0,721.0,16.0,0.0,0,0,0.0,0,12,30,1,12,0,2
2025-12-30 13:00:00,132,38.8,40.9,93.0,22.6,1089.0,16.0,0.0,0,0,0.0,0,13,30,1,12,0,2
2025-12-30 14:00:00,131,39.8,41.8,68.0,38.5,1563.0,15.9,0.0,0,0,0.0,0,14,30,1,12,0,2
2025-12-30 15:00:00,130,41.3,43.3,49.0,49.6,1863.0,15.6,0.0,0,0,0.0,0,15,30,1,12,0,2
2025-12-30 16:00:00,130,40.7,42.7,42.0,52.2,1868.0,15.1,0.0,0,0,0.0,0,16,30,1,12,0,2
2025-12-30 17:00:00,129,37.3,39.3,42.0,50.0,1699.0,14.3,0.0,0,0,0.0,0,17,30,1,12,0,3
2025-12-30 18:00:00,128,32.8,35.0,46.0,44.9,1441.0,13.1,0.0,0,0,0.0,0,18,30,1,12,0,3
2025-12-30 19:00:00,127,26.5,28.8,55.0,35.6,1040.0,10.9,0.0,0,0,0.0,0,19,30,1,12,0,3
2025-12-30 20:00:00,126,21.5,25.0,67.0,23.5,550.0,8.2,0.0,0,0,0.0,0,20,30,1,12,0,3
2025-12-30 21:00:00,123,15.5,21.0,75.0,14.7,220.0,6.6,0.0,0,0,0.0,0,21,30,1,12,0,0
2025-12-30 22:00:00,121,13.3,19.9,75.0,11.1,185.0,6.8,0.0,0,0,0.0,0,22,30,1,12,0,0
2025-12-30 23:00:00,118,13.6,20.8,71.0,10.8,310.0,8.1,0.0,0,0,0.0,0,23,30,1,12,0,0
2025-12-31 00:00:00,115,14.4,24.4,66.0,11.9,444.0,8.1,0.0,0,0,0.0,0,0,31,2,12,0,0
2025-12-31 01:00:00,112,17.1,27.2,48.0,25.8,569.0,11.0,0.0,0,0,0.0,0,1,31,2,12,0,0
2025-12-31 02:00:00,109,24.2,34.2,25.0,44.4,702.0,14.9,0.0,0,0,0.0,0,2,31,2,12,0,0
2025-12-31 03:00:00,106,35.7,45.6,15.0,53.7,744.0,18.2,0.0,0,0,0.0,0,3,31,2,12,0,0
2025-12-31 04:00:00,102,33.8,44.7,33.0,44.8,613.0,20.2,0.0,0,0,0.0,0,4,31,2,12,0,0
2025-12-31 05:00:00,99,23.1,43.5,64.0,26.6,392.0,21.5,0.0,0,0,0.0,0,5,31,2,12,0,0
2025-12-31 06:00:00,96,20.0,43.8,90.0,12.2,229.0,21.8,0.0,0,0,0.0,0,6,31,2,12,0,1
2025-12-31 07:00:00,93,18.0,39.9,103.0,6.8,191.0,20.5,0.0,0,0,0.0,0,7,31,2,12,0,1
2025-12-31 08:00:00,91,16.2,34.9,110.0,5.1,212.0,18.2,0.0,0,0,0.0,0,8,31,2,12,0,1
2025-12-31 09:00:00,88,14.3,29.9,113.0,4.8,241.0,16.3,0.0,0,0,0.0,0,9,31,2,12,0,1
2025-12-31 10:00:00,86,12.7,26.5,111.0,4.4,233.0,15.6,0.0,0,0,0.0,0,10,31,2,12,0,2
2025-12-31 11:00:00,83,11.9,25.2,105.0,5.3,234.0,15.3,0.0,0,0,0.0,0,11,31,2,12,0,2
2025-12-31 12:00:00,80,13.1,26.5,98.0,10.2,333.0,18.4,0.0,0,0,0.0,0,12,31,2,12,0,2
2025-12-31 13:00:00,78,16.8,27.1,80.0,21.5,616.0,17.7,0.0,0,0,0.0,0,13,31,2,12,0,2
2025-12-31 14:00:00,77,20.7,30.0,56.0,37.2,997.0,16.8,0.0,0,0,0.0,0,14,31,2,12,0,2
2025-12-31 15:00:00,75,22.6,31.8,36.0,49.7,1304.0,16.4,0.0,0,0,0.0,0,15,31,2,12,0,2
2025-12-31 16:00:00,74,24.1,32.9,26.0,56.2,1491.0,16.9,0.0,0,0,0.0,0,16,31,2,12,0,2
2025-12-31 17:00:00,72,26.1,35.4,22.0,59.5,1605.0,17.9,0.0,0,0,0.0,0,17,31,2,12,0,3
2025-12-31 18:00:00,71,29.7,40.3,20.0,60.3,1615.0,18.4,0.0,0,0,0.0,0,18,31,2,12,0,3
2025-12-31 19:00:00,71,31.4,42.6,21.0,58.1,1477.0,18.0,0.0,0,0,0.0,0,19,31,2,12,0,3
2025-12-31 20:00:00,72,30.3,41.1,24.0,53.3,1236.0,17.2,0.0,0,0,0.0,0,20,31,2,12,0,3
2025-12-31 21:00:00,72,29.2,39.9,26.0,48.1,987.0,16.1,0.0,0,0,0.0,0,21,31,2,12,0,0
2025-12-31 22:00:00,73,27.9,37.7,26.0,42.0,702.0,14.5,0.0,0,0,0.0,0,22,31,2,12,0,0
2025-12-31 23:00:00,74,24.4,31.4,25.0,35.4,411.0,12.7,0.0,0,0,0.0,0,23,31,2,12,0,0
2026-01-01 00:00:00,75,21.2,22.9,23.0,35.1,299.0,13.1,0.0,0,0,0.0,0,0,1,3,1,0,0
2026-01-01 01:00:00,76,22.2,25.1,24.0,35.9,533.0,13.8,0.0,0,0,0.0,0,1,1,3,1,0,0
2026-01-01 02:00:00,76,34.7,40.5,27.0,36.7,946.0,14.9,0.0,0,0,0.0,0,2,1,3,1,0,0
2026-01-01 03:00:00,77,53.4,61.9,37.0,35.2,1221.0,16.4,0.0,0,0,0.0,0,3,1,3,1,0,0
2026-01-01 04:00:00,78,67.5,77.3,59.0,29.4,1211.0,18.9,0.0,0,0,0.0,0,4,1,3,1,0,0
2026-01-01 05:00:00,81,77.1,90.8,88.0,21.3,1064.0,21.8,0.0,0,0,0.0,0,5,1,3,1,0,0
2026-01-01 06:00:00,85,74.0,90.6,112.0,14.6,905.0,23.7,0.0,0,0,0.0,0,6,1,3,1,0,1
2026-01-01 07:00:00,90,57.0,75.0,125.0,10.3,752.0,23.5,0.0,0,0,0.0,0,7,1,3,1,0,1
2026-01-01 08:00:00,93,46.1,63.3,132.0,7.4,588.0,22.3,0.0,0,0,0.0,0,8,1,3,1,0,1
2026-01-01 09:00:00,95,41.1,59.8,137.0,6.3,484.0,21.9,0.0,0,0,0.0,0,9,1,3,1,0,1
2026-01-01 10:00:00,97,40.4,60.8,143.0,3.9,463.0,22.8,0.0,0,0,0.0,0,10,1,3,1,0,2
2026-01-01 11:00:00,99,41.0,61.9,147.0,3.3,504.0,24.4,0.0,0,0,0.0,0,11,1,3,1,0,2
2026-01-01 12:00:00,102,43.2,65.4,126.0,13.5,610.0,23.8,0.0,0,0,0.0,0,12,1,3,1,0,2
2026-01-01 13:00:00,105,53.1,74.0,93.0,41.7,814.0,29.8,0.0,0,0,0.0,0,13,1,3,1,0,2
2026-01-01 14:00:00,109,72.9,93.4,49.0,80.1,1085.0,37.9,0.0,0,0,0.0,0,14,1,3,1,0,2
2026-01-01 15:00:00,114,87.1,106.6,16.0,105.1,1332.0,42.9,0.0,0,0,0.0,0,15,1,3,1,0,2
2026-01-01 16:00:00,121,90.1,108.3,7.0,104.0,1574.0,42.3,0.0,0,0,0.0,0,16,1,3,1,0,2
2026-01-01 17:00:00,128,82.4,98.3,11.0,89.4,1792.0,38.7,0.0,0,0,0.0,0,17,1,3,1,0,3
2026-01-01 18:00:00,134,73.3,85.0,15.0,75.9,1843.0,33.9,0.0,0,0,0.0,0,18,1,3,1,0,3
2026-01-01 19:00:00,138,63.8,74.3,15.0,69.4,1601.0,27.8,0.0,0,0,0.0,0,19,1,3,1,0,3
2026-01-01 20:00:00,142,56.5,67.5,15.0,63.8,1193.0,20.6,0.0,0,0,0.0,0,20,1,3,1,0,3
2026-01-01 21:00:00,145,51.8,64.5,19.0,55.7,853.0,15.2,0.0,0,0,0.0,0,21,1,3,1,0,0
2026-01-01 22:00:00,147,49.2,63.3,31.0,40.7,646.0,13.0,0.0,0,0,0.0,0,22,1,3,1,0,0
2026-01-01 23:00:00,149,47.7,63.1,46.0,23.1,508.0,12.7,0.0,0,0,0.0,0,23,1,3,1,0,0
2026-01-02 00:00:00,150,49.5,64.3,40.0,23.1,484.0,13.0,0.0,0,0,0.0,0,0,2,4,1,0,0
2026-01-02 01:00:00,151,48.9,65.2,35.0,28.3,663.0,14.2,0.0,0,0,0.0,0,1,2,4,1,0,0
2026-01-02 02:00:00,152,51.8,68.9,28.0,35.1,955.0,15.9,0.0,0,0,0.0,0,2,2,4,1,0,0
2026-01-02 03:00:00,153,56.8,74.7,30.0,37.8,1137.0,17.6,0.0,0,0,0.0,0,3,2,4,1,0,0
2026-01-02 04:00:00,153,59.0,73.8,47.0,32.6,1100.0,19.4,0.0,0,0,0.0,0,4,2,4,1,0,0
2026-01-02 05:00:00,152,52.4,75.2,71.0,23.4,953.0,21.2,0.0,0,0,0.0,0,5,2,4,1,0,0
2026-01-02 06:00:00,152,42.0,73.6,94.0,15.6,802.0,22.7,0.0,0,0,0.0,0,6,2,4,1,0,1
2026-01-02 07:00:00,151,42.0,77.3,113.0,11.0,657.0,23.5,0.0,0,0,0.0,0,7,2,4,1,0,1
2026-01-02 08:00:00,150,44.0,76.1,129.0,7.9,507.0,24.0,0.0,0,0,0.0,0,8,2,4,1,0,1
2026-01-02 09:00:00,150,44.2,75.2,140.0,6.6,427.0,24.6,0.0,0,0,0.0,0,9,2,4,1,0,1
2026-01-02 10:00:00,150,44.2,74.5,146.0,4.7,447.0,25.1,0.0,0,0,0.0,0,10,2,4,1,0,2
2026-01-02 11:00:00,150,44.2,73.8,147.0,4.7,537.0,25.9,0.0,0,0,0.0,0,11,2,4,1,0,2
2026-01-02 12:00:00,151,43.2,69.6,139.0,14.7,674.0,29.1,0.0,0,0,0.0,0,12,2,4,1,0,2
2026-01-02 13:00:00,151,48.0,73.1,104.0,47.7,850.0,35.5,0.0,0,0,0.0,0,13,2,4,1,0,2
2026-01-02 14:00:00,150,68.7,93.6,55.0,92.8,1074.0,44.2,0.0,0,0,0.0,0,14,2,4,1,0,2
2026-01-02 15:00:00,150,86.4,111.1,19.0,123.2,1351.0,50.4,0.0,0,0,0.0,0,15,2,4,1,0,2
2026-01-02 16:00:00,150,95.9,119.7,9.0,125.5,1797.0,52.6,0.0,0,0,0.0,0,16,2,4,1,0,2
2026-01-02 17:00:00,150,90.6,112.0,12.0,113.1,2297.0,52.4,0.0,0,0,0.0,0,17,2,4,1,0,3
2026-01-02 18:00:00,151,79.9,96.6,15.0,100.0,2507.0,49.2,0.0,0,0,0.0,0,18,2,4,1,0,3
2026-01-02 19:00:00,151,68.7,80.6,14.0,90.1,2180.0,41.4,0.0,0,0,0.0,0,19,2,4,1,0,3
2026-01-02 20:00:00,151,58.9,69.4,14.0,79.4,1563.0,30.6,0.0,0,0,0.0,0,20,2,4,1,0,3
2026-01-02 21:00:00,151,51.5,61.5,14.0,70.1,1058.0,22.0,0.0,0,0,0.0,0,21,2,4,1,0,0
2026-01-02 22:00:00,151,45.6,55.8,15.0,62.9,779.0,17.4,0.0,0,0,0.0,0,22,2,4,1,0,0
2026-01-02 23:00:00,151,41.7,52.3,16.0,57.1,611.0,14.9,0.0,0,0,0.0,0,23,2,4,1,0,0
2026-01-03 00:00:00,151,38.9,48.8,17.0,49.6,612.0,13.9,0.0,0,0,0.0,0,0,3,5,1,1,0
2026-01-03 01:00:00,150,38.0,48.0,12.0,50.1,910.0,14.2,0.0,0,0,0.0,0,1,3,5,1,1,0
2026-01-03 02:00:00,150,43.1,53.0,7.0,50.5,1378.0,15.1,0.0,0,0,0.0,0,2,3,5,1,1,0
2026-01-03 03:00:00,150,55.1,64.5,12.0,48.2,1687.0,18.8,0.0,0,0,0.0,0,3,3,5,1,1,0
2026-01-03 04:00:00,149,51.1,61.2,36.0,41.3,1689.0,28.2,0.0,0,0,0.0,0,4,3,5,1,1,0
2026-01-03 05:00:00,149,40.2,52.4,71.0,31.7,1534.0,40.3,0.0,0,0,0.0,0,5,3,5,1,1,0
2026-01-03 06:00:00,147,36.9,53.2,104.0,23.3,1341.0,48.6,0.0,0,0,0.0,0,6,3,5,1,1,1
2026-01-03 07:00:00,147,43.3,63.6,132.0,17.0,1117.0,49.8,0.0,0,0,0.0,0,7,3,5,1,1,1
2026-01-03 08:00:00,147,46.1,67.3,157.0,11.9,857.0,47.1,0.0,0,0,0.0,0,8,3,5,1,1,1
2026-01-03 09:00:00,147,47.5,68.2,173.0,8.9,662.0,44.2,0.0,0,0,0.0,0,9,3,5,1,1,1
2026-01-03 10:00:00,147,48.1,67.5,180.0,7.5,546.0,42.3,0.0,0,0,0.0,0,10,3,5,1,1,2
2026-01-03 11:00:00,148,48.0,66.4,177.0,8.2,496.0,40.2,0.0,0,0,0.0,0,11,3,5,1,1,2
2026-01-03 12:00:00,148,57.5,81.3,161.0,13.9,575.0,35.9,0.0,0,0,0.0,0,12,3,5,1,1,2
2026-01-03 13:00:00,150,64.0,81.0,126.0,33.6,876.0,33.7,0.0,0,0,0.0,0,13,3,5,1,1,2
2026-01-03 14:00:00,150,70.3,84.3,78.0,60.7,1307.0,30.6,0.0,0,0,0.0,0,14,3,5,1,1,2
2026-01-03 15:00:00,150,71.7,85.2,40.0,80.6,1649.0,28.1,0.0,0,0,0.0,0,15,3,5,1,1,2
2026-01-03 16:00:00,150,71.9,86.1,23.0,87.0,1829.0,27.1,0.0,0,0,0.0,0,16,3,5,1,1,2
2026-01-03 17:00:00,148,71.2,86.8,17.0,86.2,1921.0,26.7,0.0,0,0,0.0,0,17,3,5,1,1,3
2026-01-03 18:00:00,146,71.7,89.6,15.0,82.6,1930.0,25.8,0.0,0,0,0.0,0,18,3,5,1,1,3
2026-01-03 19:00:00,145,72.4,92.2,15.0,77.2,1849.0,23.7,0.0,0,0,0.0,0,19,3,5,1,1,3
2026-01-03 20:00:00,145,71.0,92.4,18.0,69.1,1685.0,21.0,0.0,0,0,0.0,0,20,3,5,1,1,3
2026-01-03 21:00:00,146,67.5,90.1,22.0,60.0,1467.0,18.5,0.0,0,0,0.0,0,21,3,5,1,1,0
2026-01-03 22:00:00,148,62.9,84.1,26.0,48.6,1115.0,16.1,0.0,0,0,0.0,0,22,3,5,1,1,0
2026-01-03 23:00:00,150,58.3,77.5,31.0,36.4,709.0,13.8,0.0,0,0,0.0,0,23,3,5,1,1,0
2026-01-04 00:00:00,150,58.9,77.8,28.0,34.1,519.0,13.7,0.0,0,0,0.0,0,0,4,6,1,1,0
2026-01-04 01:00:00,151,59.4,77.5,19.0,37.3,756.0,13.6,0.0,0,0,0.0,0,1,4,6,1,1,0
2026-01-04 02:00:00,152,65.4,83.4,8.0,41.6,1209.0,13.8,0.0,0,0,0.0,0,2,4,6,1,1,0
2026-01-04 03:00:00,152,77.3,95.5,9.0,42.9,1514.0,16.0,0.0,0,0,0.0,0,3,4,6,1,1,0
2026-01-04 04:00:00,153,74.3,94.5,32.0,39.0,1506.0,21.4,0.0,0,0,0.0,0,4,4,6,1,1,0
2026-01-04 05:00:00,154,57.5,101.3,66.0,32.2,1351.0,28.9,0.0,0,0,0.0,0,5,4,6,1,1,0
2026-01-04 06:00:00,154,54.7,123.4,97.0,25.8,1184.0,36.1,0.0,0,0,0.0,0,6,4,6,1,1,1
2026-01-04 07:00:00,155,53.4,129.5,120.0,20.2,1028.0,43.1,0.0,0,0,0.0,0,7,4,6,1,1,1
2026-01-04 08:00:00,155,52.9,121.5,139.0,15.1,860.0,49.8,0.0,0,0,0.0,0,8,4,6,1,1,1
2026-01-04 09:00:00,155,51.0,112.2,153.0,12.1,746.0,54.4,0.0,0,0,0.0,0,9,4,6,1,1,1
2026-01-04 10:00:00,155,52.4,108.5,162.0,11.2,720.0,56.3,0.0,0,0,0.0,0,10,4,6,1,1,2
2026-01-04 11:00:00,155,53.8,106.9,165.0,12.6,747.0,56.1,0.0,0,0,0.0,0,11,4,6,1,1,2
2026-01-04 12:00:00,156,48.4,96.6,145.0,16.1,791.0,47.9,0.0,0,0,0.0,0,12,4,6,1,1,2
2026-01-04 13:00:00,155,54.9,92.7,115.0,31.2,823.0,42.9,0.0,0,0,0.0,0,13,4,6,1,1,2
2026-01-04 14:00:00,155,57.5,91.5,73.0,52.1,872.0,35.9,0.0,0,0,0.0,0,14,4,6,1,1,2
2026-01-04 15:00:00,155,57.7,93.1,40.0,67.8,990.0,30.2,0.0,0,0,0.0,0,15,4,6,1,1,2
2026-01-04 16:00:00,154,58.0,93.4,25.0,73.8,1283.0,27.4,0.0,0,0,0.0,0,16,4,6,1,1,2
2026-01-04 17:00:00,154,59.6,96.2,19.0,74.6,1645.0,25.8,0.0,0,0,0.0,0,17,4,6,1,1,3
2026-01-04 18:00:00,154,61.2,99.7,16.0,72.4,1813.0,24.2,0.0,0,0,0.0,0,18,4,6,1,1,3
2026-01-04 19:00:00,153,61.0,100.6,16.0,67.1,1616.0,21.7,0.0,0,0,0.0,0,19,4,6,1,1,3
2026-01-04 20:00:00,153,57.6,93.1,19.0,58.8,1223.0,19.1,0.0,0,0,0.0,0,20,4,6,1,1,3
2026-01-04 21:00:00,152,52.2,84.1,22.0,50.5,883.0,17.1,0.0,0,0,0.0,0,21,4,6,1,1,0
2026-01-04 22:00:00,152,49.6,84.8,25.0,41.9,641.0,15.8,0.0,0,0,0.0,0,22,4,6,1,1,0
2026-01-04 23:00:00,152,48.8,84.1,29.0,33.2,450.0,15.0,0.0,0,0,0.0,0,23,4,6,1,1,0
2026-01-05 00:00:00,151,49.8,85.2,22.0,33.7,420.0,14.6,0.0,0,0,0.0,0,0,5,0,1,0,0
2026-01-05 01:00:00,151,48.7,82.2,16.0,36.6,688.0,15.4,0.0,0,0,0.0,0,1,5,0,1,0,0
2026-01-05 02:00:00,151,51.5,82.9,8.0,40.4,1116.0,16.8,0.0,0,0,0.0,0,2,5,0,1,0,0
2026-01-05 03:00:00,150,59.1,89.9,13.0,41.4,1403.0,19.5,0.0,0,0,0.0,0,3,5,0,1,0,0
2026-01-05 04:00:00,149,59.6,85.7,39.0,37.4,1404.0,24.8,0.0,0,0,0.0,0,4,5,0,1,0,0
2026-01-05 05:00:00,148,53.3,86.1,76.0,30.7,1262.0,31.5,0.0,0,0,0.0,0,5,5,0,1,0,0
2026-01-05 06:00:00,147,43.8,81.5,111.0,24.2,1110.0,36.8,0.0,0,0,0.0,0,6,5,0,1,0,1
2026-01-05 07:00:00,146,41.7,72.4,139.0,18.3,968.0,39.7,0.0,0,0,0.0,0,7,5,0,1,0,1
2026-01-05 08:00:00,145,42.6,67.8,164.0,12.6,815.0,41.3,0.0,0,0,0.0,0,8,5,0,1,0,1
2026-01-05 09:00:00,144,42.0,64.3,181.0,9.2,715.0,42.0,0.0,0,0,0.0,0,9,5,0,1,0,1
2026-01-05 10:00:00,143,41.6,61.9,192.0,6.2,682.0,41.9,0.0,0,0,0.0,0,10,5,0,1,0,2
2026-01-05 11:00:00,142,41.6,61.0,195.0,5.5,703.0,40.9,0.0,0,0,0.0,0,11,5,0,1,0,2
2026-01-05 12:00:00,141,53.4,86.1,173.0,14.3,798.0,34.3,0.0,0,0,0.0,0,12,5,0,1,0,2
2026-01-05 13:00:00,141,65.4,96.4,129.0,48.7,1043.0,37.8,0.0,0,0,0.0,0,13,5,0,1,0,2
2026-01-05 14:00:00,142,86.1,118.7,69.0,95.6,1363.0,42.4,0.0,0,0,0.0,0,14,5,0,1,0,2
2026-01-05 15:00:00,145,90.8,123.4,25.0,125.9,1551.0,44.2,0.0,0,0,0.0,0,15,5,0,1,0,2
2026-01-05 16:00:00,149,90.8,121.1,13.0,125.7,1500.0,41.0,0.0,0,0,0.0,0,16,5,0,1,0,2
2026-01-05 17:00:00,151,83.4,103.8,17.0,108.9,1317.0,35.0,0.0,0,0,0.0,0,17,5,0,1,0,3
2026-01-05 18:00:00,151,67.5,78.5,26.0,88.9,1120.0,28.8,0.0,0,0,0.0,0,18,5,0,1,0,3
2026-01-05 19:00:00,151,54.5,61.7,39.0,67.1,926.0,22.5,0.0,0,0,0.0,0,19,5,0,1,0,3
2026-01-05 20:00:00,151,46.7,53.8,56.0,42.0,718.0,16.0,0.0,0,0,0.0,0,20,5,0,1,0,3
2026-01-05 21:00:00,151,42.5,50.5,71.0,22.6,562.0,11.3,0.0,0,0,0.0,0,21,5,0,1,0,0
2026-01-05 22:00:00,151,39.8,48.8,80.0,12.5,460.0,9.6,0.0,0,0,0.0,0,22,5,0,1,0,0
2026-01-05 23:00:00,150,38.1,47.7,86.0,8.1,410.0,9.7,0.0,0,0,0.0,0,23,5,0,1,0,0
2026-01-06 00:00:00,150,37.1,46.4,84.0,8.4,471.0,10.1,0.0,0,0,0.0,0,0,6,1,1,0,0
2026-01-06 01:00:00,149,37.3,46.9,77.0,14.4,753.0,11.2,0.0,0,0,0.0,0,1,6,1,1,0,0
2026-01-06 02:00:00,148,39.8,49.4,69.0,22.5,1146.0,12.7,0.0,0,0,0.0,0,2,6,1,1,0,0
2026-01-06 03:00:00,147,43.3,52.2,68.0,26.8,1376.0,14.1,0.0,0,0,0.0,0,3,6,1,1,0,0
2026-01-06 04:00:00,145,44.4,51.6,81.0,23.8,1293.0,15.4,0.0,0,0,0.0,0,4,6,1,1,0,0
2026-01-06 05:00:00,143,41.4,50.1,101.0,17.0,1047.0,16.7,0.0,0,0,0.0,0,5,6,1,1,0,0
2026-01-06 06:00:00,142,35.5,43.8,117.0,11.3,819.0,17.1,0.0,0,0,0.0,0,6,6,1,1,0,1
2026-01-06 07:00:00,141,28.2,37.0,125.0,8.1,656.0,16.0,0.0,0,0,0.0,0,7,6,1,1,0,1
2026-01-06 08:00:00,140,22.6,30.4,129.0,6.0,511.0,14.0,0.0,0,0,0.0,0,8,6,1,1,0,1
2026-01-06 09:00:00,138,20.3,27.4,131.0,5.1,424.0,12.7,0.0,0,0,0.0,0,9,6,1,1,0,1
2026-01-06 10:00:00,135,20.1,27.2,132.0,5.4,417.0,12.7,0.0,0,0,0.0,0,10,6,1,1,0,2
2026-01-06 11:00:00,133,20.8,28.2,131.0,6.9,467.0,13.2,0.0,0,0,0.0,0,11,6,1,1,0,2
2026-01-06 12:00:00,131,30.9,41.7,126.0,11.2,545.0,15.3,0.0,0,0,0.0,0,12,6,1,1,0,2
2026-01-06 13:00:00,129,39.7,47.0,110.0,19.5,674.0,15.3,0.0,0,0,0.0,0,13,6,1,1,0,2
2026-01-06 14:00:00,126,44.6,50.6,88.0,30.8,831.0,15.2,0.0,0,0,0.0,0,14,6,1,1,0,2
2026-01-06 15:00:00,122,44.7,50.8,72.0,37.3,923.0,15.1,0.0,0,0,0.0,0,15,6,1,1,0,2
2026-01-06 16:00:00,117,45.3,52.2,69.0,34.7,898.0,14.9,0.0,0,0,0.0,0,16,6,1,1,0,2
2026-01-06 17:00:00,112,47.1,54.9,73.0,27.4,807.0,14.7,0.0,0,0,0.0,0,17,6,1,1,0,3
2026-01-06 18:00:00,108,49.4,58.1,77.0,20.7,718.0,14.5,0.0,0,0,0.0,0,18,6,1,1,0,3
2026-01-06 19:00:00,106,50.9,60.1,80.0,16.4,647.0,14.1,0.0,0,0,0.0,0,19,6,1,1,0,3
2026-01-06 20:00:00,106,51.5,61.0,84.0,12.8,577.0,13.7,0.0,0,0,0.0,0,20,6,1,1,0,3
2026-01-06 21:00:00,107,52.0,61.5,87.0,10.0,521.0,13.6,0.0,0,0,0.0,0,21,6,1,1,0,0
2026-01-06 22:00:00,108,52.5,61.2,91.0,7.4,468.0,13.8,0.0,0,0,0.0,0,22,6,1,1,0,0
2026-01-06 23:00:00,109,52.7,60.1,95.0,5.7,430.0,14.3,0.0,0,0,0.0,0,23,6,1,1,0,0
2026-01-07 00:00:00,110,52.9,58.8,92.0,6.6,456.0,14.7,0.0,0,0,0.0,0,0,7,2,1,0,0
2026-01-07 01:00:00,112,52.2,56.8,85.0,12.4,615.0,15.4,0.0,0,0,0.0,0,1,7,2,1,0,0
2026-01-07 02:00:00,114,52.9,56.6,77.0,20.2,839.0,16.4,0.0,0,0,0.0,0,2,7,2,1,0,0
2026-01-07 03:00:00,115,54.6,57.7,76.0,24.5,968.0,17.4,0.0,0,0,0.0,0,3,7,2,1,0,0
2026-01-07 04:00:00,116,54.8,57.3,90.0,21.9,915.0,18.8,0.0,0,0,0.0,0,4,7,2,1,0,0
2026-01-07 05:00:00,117,52.2,55.4,111.0,15.8,768.0,20.2,0.0,0,0,0.0,0,5,7,2,1,0,0
2026-01-07 06:00:00,118,44.6,49.0,128.0,10.5,635.0,20.4,0.0,0,0,0.0,0,6,7,2,1,0,1
2026-01-07 07:00:00,119,32.0,36.7,134.0,7.5,546.0,18.2,0.0,0,0,0.0,0,7,7,2,1,0,1
2026-01-07 08:00:00,120,24.6,29.4,135.0,5.4,472.0,14.7,0.0,0,0,0.0,0,8,7,2,1,0,1
2026-01-07 09:00:00,120,22.5,27.5,135.0,4.5,432.0,12.1,0.0,0,0,0.0,0,9,7,2,1,0,1
2026-01-07 10:00:00,120,22.2,27.1,135.0,4.7,436.0,11.3,0.0,0,0,0.0,0,10,7,2,1,0,2
2026-01-07 11:00:00,120,22.2,26.8,133.0,6.0,475.0,11.3,0.0,0,0,0.0,0,11,7,2,1,0,2
2026-01-07 12:00:00,121,27.6,31.7,128.0,9.9,543.0,12.5,0.0,0,0,0.0,0,12,7,2,1,0,2
2026-01-07 13:00:00,120,33.8,37.0,113.0,16.8,669.0,12.7,0.0,0,0,0.0,0,13,7,2,1,0,2
2026-01-07 14:00:00,120,37.4,40.3,93.0,26.1,823.0,12.9,0.0,0,0,0.0,0,14,7,2,1,0,2
2026-01-07 15:00:00,119,36.6,39.6,77.0,32.2,914.0,13.0,0.0,0,0,0.0,0,15,7,2,1,0,2
2026-01-07 16:00:00,118,36.2,39.2,71.0,32.3,890.0,12.9,0.0,0,0,0.0,0,16,7,2,1,0,2
2026-01-07 17:00:00,117,36.9,39.8,69.0,29.1,803.0,12.8,0.0,0,0,0.0,0,17,7,2,1,0,3
2026-01-07 18:00:00,116,38.0,40.7,71.0,25.0,714.0,12.6,0.0,0,0,0.0,0,18,7,2,1,0,3
2026-01-07 19:00:00,115,38.4,40.9,77.0,20.2,637.0,12.4,0.0,0,0,0.0,0,19,7,2,1,0,3
2026-01-07 20:00:00,113,38.1,40.3,87.0,14.5,557.0,12.3,0.0,0,0,0.0,0,20,7,2,1,0,3
2026-01-07 21:00:00,112,37.4,39.2,94.0,10.0,496.0,12.3,0.0,0,0,0.0,0,21,7,2,1,0,0
2026-01-07 22:00:00,111,36.7,38.2,96.0,7.2,448.0,12.6,0.0,0,0,0.0,0,22,7,2,1,0,0
2026-01-07 23:00:00,109,36.2,37.6,96.0,5.6,418.0,13.1,0.0,0,0,0.0,0,23,7,2,1,0,0
2026-01-08 00:00:00,107,38.0,39.1,95.0,6.1,443.0,14.7,0.0,0,0,0.0,0,0,8,3,1,0,0
2026-01-08 01:00:00,106,38.3,39.7,88.0,10.8,579.0,15.0,0.0,0,0,0.0,0,1,8,3,1,0,0
2026-01-08 02:00:00,104,39.9,41.3,78.0,17.1,771.0,15.5,0.0,0,0,0.0,0,2,8,3,1,0,0
2026-01-08 03:00:00,103,42.6,44.0,76.0,20.5,886.0,15.9,0.0,0,0,0.0,0,3,8,3,1,0,0
2026-01-08 04:00:00,102,43.4,44.9,88.0,18.1,855.0,16.4,0.0,0,0,0.0,0,4,8,3,1,0,0
2026-01-08 05:00:00,100,40.6,42.3,107.0,12.7,748.0,16.8,0.0,0,0,0.0,0,5,8,3,1,0,0
2026-01-08 06:00:00,99,33.8,35.2,123.0,8.3,645.0,16.6,0.0,0,0,0.0,0,6,8,3,1,0,1
2026-01-08 07:00:00,99,27.1,28.1,130.0,6.2,563.0,15.3,0.0,0,0,0.0,0,7,8,3,1,0,1
2026-01-08 08:00:00,98,22.6,23.5,134.0,5.0,484.0,13.5,0.0,0,0,0.0,0,8,8,3,1,0,1
2026-01-08 09:00:00,98,20.3,21.1,135.0,4.8,440.0,12.2,0.0,0,0,0.0,0,9,8,3,1,0,1
2026-01-08 10:00:00,98,19.3,20.1,135.0,4.9,431.0,11.8,0.0,0,0,0.0,0,10,8,3,1,0,2
2026-01-08 11:00:00,98,19.3,20.1,133.0,6.0,457.0,12.0,0.0,0,0,0.0,0,11,8,3,1,0,2
2026-01-08 12:00:00,97,11.7,11.9,124.0,9.9,544.0,12.6,0.0,0,0,0.0,0,12,8,3,1,0,2
2026-01-08 13:00:00,96,17.9,18.2,106.0,19.7,757.0,12.8,0.0,0,0,0.0,0,13,8,3,1,0,2
2026-01-08 14:00:00,95,23.6,24.0,82.0,33.0,1031.0,13.0,0.0,0,0,0.0,0,14,8,3,1,0,2
2026-01-08 15:00:00,94,23.6,24.0,64.0,41.5,1199.0,13.1,0.0,0,0,0.0,0,15,8,3,1,0,2
2026-01-08 16:00:00,93,23.2,23.8,59.0,40.9,1170.0,13.0,0.0,0,0,0.0,0,16,8,3,1,0,2
2026-01-08 17:00:00,92,23.8,24.6,60.0,35.4,1034.0,12.8,0.0,0,0,0.0,0,17,8,3,1,0,3
2026-01-08 18:00:00,91,25.0,25.9,62.0,29.7,901.0,12.5,0.0,0,0,0.0,0,18,8,3,1,0,3
2026-01-08 19:00:00,90,25.8,26.9,64.0,25.0,800.0,12.0,0.0,0,0,0.0,0,19,8,3,1,0,3
2026-01-08 20:00:00,89,25.8,26.9,68.0,20.1,700.0,11.5,0.0,0,0,0.0,0,20,8,3,1,0,3
2026-01-08 21:00:00,88,25.4,26.7,72.0,15.9,620.0,11.2,0.0,0,0,0.0,0,21,8,3,1,0,0
2026-01-08 22:00:00,87,25.3,26.7,77.0,11.7,534.0,11.4,0.0,0,0,0.0,0,22,8,3,1,0,0
2026-01-08 23:00:00,86,25.5,27.0,83.0,8.2,467.0,11.9,0.0,0,0,0.0,0,23,8,3,1,0,0
2026-01-09 00:00:00,85,24.7,26.1,84.0,8.0,511.0,11.9,0.0,0,0,0.0,0,0,9,4,1,0,0
2026-01-09 01:00:00,84,25.5,26.9,76.0,15.0,779.0,13.0,0.0,0,0,0.0,0,1,9,4,1,0,0
2026-01-09 02:00:00,83,28.2,29.6,65.0,24.4,1159.0,14.5,0.0,0,0,0.0,0,2,9,4,1,0,0
2026-01-09 03:00:00,82,32.9,34.3,63.0,29.7,1402.0,16.0,0.0,0,0,0.0,0,3,9,4,1,0,0
2026-01-09 04:00:00,81,35.2,36.4,76.0,27.0,1389.0,17.4,0.0,0,0,0.0,0,4,9,4,1,0,0
2026-01-09 05:00:00,81,31.5,33.1,98.0,20.2,1240.0,18.7,0.0,0,0,0.0,0,5,9,4,1,0,0
2026-01-09 06:00:00,80,25.4,27.0,117.0,14.2,1063.0,19.7,0.0,0,0,0.0,0,6,9,4,1,0,1
2026-01-09 07:00:00,79,22.4,24.1,130.0,10.5,860.0,20.1,0.0,0,0,0.0,0,7,9,4,1,0,1
2026-01-09 08:00:00,79,21.7,24.0,140.0,7.7,629.0,20.1,0.0,0,0,0.0,0,8,9,4,1,0,1
2026-01-09 09:00:00,79,21.8,25.0,146.0,6.3,476.0,20.1,0.0,0,0,0.0,0,9,9,4,1,0,1
2026-01-09 10:00:00,79,21.6,25.1,149.0,5.2,420.0,20.2,0.0,0,0,0.0,0,10,9,4,1,0,2
2026-01-09 11:00:00,79,21.3,24.8,148.0,5.5,443.0,20.3,0.0,0,0,0.0,0,11,9,4,1,0,2
2026-01-09 12:00:00,80,10.6,11.3,136.0,11.5,593.0,21.2,0.0,0,0,0.0,0,12,9,4,1,0,2
2026-01-09 13:00:00,93,20.3,20.7,103.0,34.5,1019.0,20.8,0.0,0,0,0.0,0,13,9,4,1,0,2
2026-01-09 14:00:00,94,33.2,33.5,58.0,65.4,1573.0,20.2,0.0,0,0,0.0,0,14,9,4,1,0,2
2026-01-09 15:00:00,81,25.3,25.4,29.0,82.2,1860.0,19.0,0.0,0,0,0.0,0,15,9,4,1,0,2
2026-01-09 16:00:00,80,18.0,18.2,34.0,71.4,1626.0,16.6,0.0,0,0,0.0,0,16,9,4,1,0,2
2026-01-09 17:00:00,80,14.6,14.8,55.0,46.5,1124.0,13.5,0.0,0,0,0.0,0,17,9,4,1,0,3
2026-01-09 18:00:00,79,13.4,13.8,72.0,26.4,721.0,11.3,0.0,0,0,0.0,0,18,9,4,1,0,3
2026-01-09 19:00:00,78,13.8,14.2,76.0,18.5,566.0,10.7,0.0,0,0,0.0,0,19,9,4,1,0,3
2026-01-09 20:00:00,77,14.7,15.3,77.0,15.3,511.0,10.9,0.0,0,0,0.0,0,20,9,4,1,0,3
2026-01-09 21:00:00,76,15.5,16.5,77.0,13.1,472.0,11.4,0.0,0,0,0.0,0,21,9,4,1,0,0
2026-01-09 22:00:00,76,16.4,17.6,80.0,10.0,400.0,12.1,0.0,0,0,0.0,0,22,9,4,1,0,0
2026-01-09 23:00:00,75,17.4,18.6,84.0,7.9,345.0,13.1,0.0,0,0,0.0,0,23,9,4,1,0,0
2026-01-10 00:00:00,74,19.7,21.0,82.0,8.8,377.0,14.1,0.0,0,0,0.0,0,0,10,5,1,1,0
2026-01-10 01:00:00,74,21.4,22.7,75.0,15.1,583.0,15.3,0.0,0,0,0.0,0,1,10,5,1,1,0
2026-01-10 02:00:00,74,24.8,26.1,67.0,23.5,877.0,17.1,0.0,0,0,0.0,0,2,10,5,1,1,0
2026-01-10 03:00:00,73,30.3,31.4,66.0,28.2,1066.0,19.1,0.0,0,0,0.0,0,3,10,5,1,1,0
2026-01-10 04:00:00,73,32.7,33.9,80.0,25.7,1058.0,21.7,0.0,0,0,0.0,0,4,10,5,1,1,0
2026-01-10 05:00:00,73,31.2,32.7,102.0,19.6,946.0,24.4,0.0,0,0,0.0,0,5,10,5,1,1,0
2026-01-10 06:00:00,73,30.4,32.6,121.0,14.1,820.0,26.1,0.0,0,0,0.0,0,6,10,5,1,1,1
2026-01-10 07:00:00,73,28.0,30.9,133.0,10.6,688.0,25.7,0.0,0,0,0.0,0,7,10,5,1,1,1
2026-01-10 08:00:00,74,25.7,28.7,142.0,7.7,542.0,24.1,0.0,0,0,0.0,0,8,10,5,1,1,1
2026-01-10 09:00:00,74,25.1,28.2,147.0,6.4,449.0,23.0,0.0,0,0,0.0,0,9,10,5,1,1,1
2026-01-10 10:00:00,74,25.1,28.5,152.0,4.3,368.0,22.9,0.0,0,0,0.0,0,10,10,5,1,1,2
2026-01-10 11:00:00,75,25.6,28.9,153.0,3.7,340.0,23.2,0.0,0,0,0.0,0,11,10,5,1,1,2
2026-01-10 12:00:00,86,24.6,26.0,143.0,12.1,556.0,25.8,0.0,0,0,0.0,0,12,10,5,1,1,2
2026-01-10 13:00:00,99,34.1,35.3,106.0,39.1,1315.0,28.3,0.0,0,0,0.0,0,13,10,5,1,1,2
2026-01-10 14:00:00,100,54.7,55.6,55.0,75.4,2317.0,31.5,0.0,0,0,0.0,0,14,10,5,1,1,2
2026-01-10 15:00:00,86,57.7,58.4,21.0,97.0,2856.0,32.3,0.0,0,0,0.0,0,15,10,5,1,1,2
2026-01-10 16:00:00,81,46.3,46.9,21.0,90.2,2486.0,28.5,0.0,0,0,0.0,0,16,10,5,1,1,2
2026-01-10 17:00:00,84,39.6,40.2,37.0,68.6,1653.0,22.4,0.0,0,0,0.0,0,17,10,5,1,1,3
2026-01-10 18:00:00,86,36.7,37.6,53.0,48.5,990.0,17.3,0.0,0,0,0.0,0,18,10,5,1,1,3
2026-01-10 19:00:00,87,35.9,37.1,62.0,34.6,755.0,14.6,0.0,0,0,0.0,0,19,10,5,1,1,3
2026-01-10 20:00:00,89,35.6,37.3,70.0,22.3,690.0,13.0,0.0,0,0,0.0,0,20,10,5,1,1,3
2026-01-10 21:00:00,91,35.5,37.4,76.0,13.3,648.0,12.1,0.0,0,0,0.0,0,21,10,5,1,1,0
2026-01-10 22:00:00,92,35.9,38.0,79.0,8.6,556.0,11.9,0.0,0,0,0.0,0,22,10,5,1,1,0
2026-01-10 23:00:00,94,36.6,38.6,79.0,7.3,488.0,12.5,0.0,0,0,0.0,0,23,10,5,1,1,0
2026-01-11 00:00:00,95,37.8,39.9,70.0,10.2,516.0,13.2,0.0,0,0,0.0,0,0,11,6,1,1,0
2026-01-11 01:00:00,97,39.0,41.1,63.0,16.3,735.0,14.1,0.0,0,0,0.0,0,1,11,6,1,1,0
2026-01-11 02:00:00,98,41.6,43.8,55.0,24.5,1050.0,15.3,0.0,0,0,0.0,0,2,11,6,1,1,0
2026-01-11 03:00:00,100,46.1,48.3,55.0,29.1,1253.0,16.8,0.0,0,0,0.0,0,3,11,6,1,1,0
2026-01-11 04:00:00,101,48.4,50.4,71.0,26.9,1249.0,18.9,0.0,0,0,0.0,0,4,11,6,1,1,0
2026-01-11 05:00:00,103,44.0,46.7,96.0,21.2,1134.0,21.3,0.0,0,0,0.0,0,5,11,6,1,1,0
2026-01-11 06:00:00,104,41.0,44.4,116.0,15.9,985.0,22.5,0.0,0,0,0.0,0,6,11,6,1,1,1
2026-01-11 07:00:00,105,36.1,39.6,128.0,11.9,790.0,21.7,0.0,0,0,0.0,0,7,11,6,1,1,1
2026-01-11 08:00:00,106,30.3,33.8,136.0,8.2,562.0,19.7,0.0,0,0,0.0,0,8,11,6,1,1,1
2026-01-11 09:00:00,106,26.6,29.7,140.0,6.2,418.0,17.8,0.0,0,0,0.0,0,9,11,6,1,1,1
2026-01-11 10:00:00,107,24.2,27.1,140.0,5.7,416.0,16.1,0.0,0,0,0.0,0,10,11,6,1,1,2
2026-01-11 11:00:00,106,22.7,25.3,136.0,6.9,499.0,14.4,0.0,0,0,0.0,0,11,11,6,1,1,2
2026-01-11 12:00:00,106,22.7,24.9,127.0,11.3,612.0,13.2,0.0,0,0,0.0,0,12,11,6,1,1,2
2026-01-11 13:00:00,106,30.5,31.9,107.0,22.6,775.0,12.8,0.0,0,0,0.0,0,13,11,6,1,1,2
2026-01-11 14:00:00,106,36.4,37.5,82.0,37.0,967.0,12.8,0.0,0,0,0.0,0,14,11,6,1,1,2
2026-01-11 15:00:00,104,35.6,36.6,65.0,45.3,1073.0,12.9,0.0,0,0,0.0,0,15,11,6,1,1,2
2026-01-11 16:00:00,101,35.4,36.6,63.0,41.7,1020.0,13.0,0.0,0,0,0.0,0,16,11,6,1,1,2
2026-01-11 17:00:00,100,36.8,38.1,70.0,31.9,880.0,13.2,0.0,0,0,0.0,0,17,11,6,1,1,3
2026-01-11 18:00:00,100,38.9,40.3,75.0,23.5,757.0,13.1,0.0,0,0,0.0,0,18,11,6,1,1,3
2026-01-11 19:00:00,100,40.5,42.1,76.0,19.4,690.0,12.6,0.0,0,0,0.0,0,19,11,6,1,1,3
2026-01-11 20:00:00,101,41.3,43.1,76.0,16.6,640.0,11.9,0.0,0,0,0.0,0,20,11,6,1,1,3
2026-01-11 21:00:00,101,41.4,43.3,76.0,14.4,594.0,11.3,0.0,0,0,0.0,0,21,11,6,1,1,0
2026-01-11 22:00:00,102,41.3,43.2,78.0,11.3,504.0,10.8,0.0,0,0,0.0,0,22,11,6,1,1,0
2026-01-11 23:00:00,102,40.6,42.5,80.0,8.6,418.0,10.5,0.0,0,0,0.0,0,23,11,6,1,1,0
2026-01-12 00:00:00,103,40.4,42.5,79.0,9.2,466.0,10.2,0.0,0,0,0.0,0,0,12,0,1,0,0
2026-01-12 01:00:00,103,41.3,43.5,67.0,18.6,769.0,11.2,0.0,0,0,0.0,0,1,12,0,1,0,0
2026-01-12 02:00:00,103,44.6,46.9,51.0,31.3,1205.0,12.6,0.0,0,0,0.0,0,2,12,0,1,0,0
2026-01-12 03:00:00,104,52.2,54.4,46.0,39.2,1540.0,14.1,0.0,0,0,0.0,0,3,12,0,1,0,0
2026-01-12 04:00:00,104,57.4,59.4,60.0,37.8,1700.0,15.1,0.0,0,0,0.0,0,4,12,0,1,0,0
2026-01-12 05:00:00,105,54.5,57.4,85.0,31.6,1758.0,16.1,0.0,0,0,0.0,0,5,12,0,1,0,0
2026-01-12 06:00:00,106,54.1,58.2,109.0,25.5,1698.0,18.7,0.0,0,0,0.0,0,6,12,0,1,0,1
2026-01-12 07:00:00,108,50.2,54.4,130.0,20.5,1441.0,24.1,0.0,0,0,0.0,0,7,12,0,1,0,1
2026-01-12 08:00:00,109,46.1,49.8,150.0,15.6,1065.0,31.0,0.0,0,0,0.0,0,8,12,0,1,0,1
2026-01-12 09:00:00,111,44.5,48.1,165.0,12.8,790.0,36.7,0.0,0,0,0.0,0,9,12,0,1,0,1
2026-01-12 10:00:00,113,43.9,47.5,177.0,9.6,683.0,40.1,0.0,0,0,0.0,0,10,12,0,1,0,2
2026-01-12 11:00:00,115,43.7,47.3,183.0,8.6,678.0,42.3,0.0,0,0,0.0,0,11,12,0,1,0,2
2026-01-12 12:00:00,117,27.4,28.5,168.0,17.2,794.0,38.6,0.0,0,0,0.0,0,12,12,0,1,0,2
2026-01-12 13:00:00,117,42.6,43.8,124.0,50.5,1070.0,38.5,0.0,0,0,0.0,0,13,12,0,1,0,2
2026-01-12 14:00:00,123,58.7,59.8,64.0,96.0,1468.0,38.3,0.0,0,0,0.0,0,14,12,0,1,0,2
2026-01-12 15:00:00,121,67.1,68.5,20.0,126.7,1891.0,38.8,0.0,0,0,0.0,0,15,12,0,1,0,2
2026-01-12 16:00:00,124,77.1,78.7,8.0,128.8,2433.0,41.3,0.0,0,0,0.0,0,16,12,0,1,0,2
2026-01-12 17:00:00,129,79.2,80.6,12.0,116.2,3000.0,44.4,0.0,0,0,0.0,0,17,12,0,1,0,3
2026-01-12 18:00:00,133,71.5,72.4,16.0,103.8,3219.0,44.3,0.0,0,0,0.0,0,18,12,0,1,0,3
2026-01-12 19:00:00,136,62.9,63.1,15.0,97.8,2811.0,37.9,0.0,0,0,0.0,0,19,12,0,1,0,3
2026-01-12 20:00:00,139,53.9,54.1,15.0,92.0,2054.0,28.3,0.0,0,0,0.0,0,20,12,0,1,0,3
2026-01-12 21:00:00,140,47.4,47.5,18.0,82.7,1410.0,20.8,0.0,0,0,0.0,0,21,12,0,1,0,0
2026-01-12 22:00:00,141,43.3,43.5,29.0,65.5,1010.0,17.7,0.0,0,0,0.0,0,22,12,0,1,0,0
2026-01-12 23:00:00,141,41.0,41.1,43.0,44.9,723.0,16.6,0.0,0,0,0.0,0,23,12,0,1,0,0
2026-01-13 00:00:00,141,38.8,39.0,51.0,32.8,620.0,16.4,0.0,0,0,0.0,0,0,13,1,1,0,0
2026-01-13 01:00:00,141,36.6,36.8,49.0,34.8,820.0,17.0,0.0,0,0,0.0,0,1,13,1,1,0,0
2026-01-13 02:00:00,140,36.6,36.8,46.0,37.2,1203.0,17.8,0.0,0,0,0.0,0,2,13,1,1,0,0
2026-01-13 03:00:00,139,39.2,39.6,51.0,37.1,1481.0,19.0,0.0,0,0,0.0,0,3,13,1,1,0,0
2026-01-13 04:00:00,138,39.6,39.8,69.0,32.3,1549.0,20.7,0.0,0,0,0.0,0,4,13,1,1,0,0
2026-01-13 05:00:00,136,31.7,32.1,94.0,25.1,1512.0,22.7,0.0,0,0,0.0,0,5,13,1,1,0,0
2026-01-13 06:00:00,134,27.5,28.3,116.0,18.6,1393.0,24.4,0.0,0,0,0.0,0,6,13,1,1,0,1
2026-01-13 07:00:00,131,25.3,26.8,131.0,13.7,1135.0,25.4,0.0,0,0,0.0,0,7,13,1,1,0,1
2026-01-13 08:00:00,129,24.6,27.4,143.0,9.7,796.0,26.0,0.0,0,0,0.0,0,8,13,1,1,0,1
2026-01-13 09:00:00,126,25.0,28.8,150.0,7.5,571.0,26.6,0.0,0,0,0.0,0,9,13,1,1,0,1
2026-01-13 10:00:00,124,25.7,30.2,154.0,4.4,498.0,26.7,0.0,0,0,0.0,0,10,13,1,1,0,2
2026-01-13 11:00:00,122,26.7,31.3,153.0,3.2,541.0,26.8,0.0,0,0,0.0,0,11,13,1,1,0,2
2026-01-13 12:00:00,121,27.4,31.4,138.0,13.2,781.0,28.7,0.0,0,0,0.0,0,12,13,1,1,0,2
2026-01-13 13:00:00,121,38.9,42.4,105.0,38.7,1379.0,31.0,0.0,0,0,0.0,0,13,13,1,1,0,2
2026-01-13 14:00:00,120,56.6,59.6,58.0,73.4,2176.0,34.1,0.0,0,0,0.0,0,14,13,1,1,0,2
2026-01-13 15:00:00,120,63.1,65.7,24.0,96.7,2776.0,36.6,0.0,0,0,0.0,0,15,13,1,1,0,2
2026-01-13 16:00:00,120,68.7,70.8,13.0,97.6,3022.0,38.4,0.0,0,0,0.0,0,16,13,1,1,0,2
2026-01-13 17:00:00,119,73.3,75.2,15.0,87.0,3071.0,39.6,0.0,0,0,0.0,0,17,13,1,1,0,3
2026-01-13 18:00:00,118,74.5,75.9,16.0,76.8,3002.0,38.5,0.0,0,0,0.0,0,18,13,1,1,0,3
2026-01-13 19:00:00,118,71.2,72.2,14.0,70.9,2813.0,33.6,0.0,0,0,0.0,0,19,13,1,1,0,3
2026-01-13 20:00:00,119,67.1,68.0,12.0,65.3,2505.0,26.4,0.0,0,0,0.0,0,20,13,1,1,0,3
2026-01-13 21:00:00,121,63.6,64.7,11.0,59.8,2160.0,20.6,0.0,0,0,0.0,0,21,13,1,1,0,0
2026-01-13 22:00:00,122,61.0,62.2,11.0,53.4,1678.0,17.1,0.0,0,0,0.0,0,22,13,1,1,0,0
2026-01-13 23:00:00,124,58.6,59.6,11.0,46.9,1159.0,15.0,0.0,0,0,0.0,0,23,13,1,1,0,0
2026-01-14 00:00:00,126,54.7,56.0,13.0,46.0,985.0,15.8,0.0,0,0,0.0,0,0,14,2,1,0,0
2026-01-14 01:00:00,128,54.1,55.4,9.0,47.3,1527.0,17.5,0.0,0,0,0.0,0,1,14,2,1,0,0
2026-01-14 02:00:00,129,57.6,59.0,5.0,48.7,2413.0,19.9,0.0,0,0,0.0,0,2,14,2,1,0,0
2026-01-14 03:00:00,132,69.2,70.5,13.0,47.4,2917.0,22.4,0.0,0,0,0.0,0,3,14,2,1,0,0
2026-01-14 04:00:00,135,69.8,71.2,42.0,41.4,2647.0,25.2,0.0,0,0,0.0,0,4,14,2,1,0,0
2026-01-14 05:00:00,138,48.1,51.3,83.0,32.6,1993.0,28.1,0.0,0,0,0.0,0,5,14,2,1,0,0
2026-01-14 06:00:00,140,32.2,40.2,115.0,24.6,1402.0,29.6,0.0,0,0,0.0,0,6,14,2,1,0,1
2026-01-14 07:00:00,140,26.3,37.8,130.0,17.9,1001.0,28.5,0.0,0,0,0.0,0,7,14,2,1,0,1
2026-01-14 08:00:00,140,24.2,38.0,136.0,11.9,663.0,26.0,0.0,0,0,0.0,0,8,14,2,1,0,1
2026-01-14 09:00:00,140,23.0,37.5,137.0,8.3,443.0,23.9,0.0,0,0,0.0,0,9,14,2,1,0,1
2026-01-14 10:00:00,140,21.9,36.6,134.0,6.8,358.0,23.0,0.0,0,0,0.0,0,10,14,2,1,0,2
2026-01-14 11:00:00,140,21.1,35.2,127.0,7.8,392.0,22.6,0.0,0,0,0.0,0,11,14,2,1,0,2
2026-01-14 12:00:00,139,19.6,32.5,106.0,12.9,557.0,20.8,0.0,0,0,0.0,0,12,14,2,1,0,2
2026-01-14 13:00:00,138,22.2,32.5,82.0,28.4,962.0,20.0,0.0,0,0,0.0,0,13,14,2,1,0,2
2026-01-14 14:00:00,136,28.5,37.4,49.0,49.7,1498.0,19.0,0.0,0,0,0.0,0,14,14,2,1,0,2
2026-01-14 15:00:00,133,30.7,39.3,24.0,64.8,1849.0,18.1,0.0,0,0,0.0,0,15,14,2,1,0,2
2026-01-14 16:00:00,130,31.9,40.3,16.0,68.7,1866.0,17.7,0.0,0,0,0.0,0,16,14,2,1,0,2
2026-01-14 17:00:00,126,32.2,40.4,17.0,66.4,1698.0,17.6,0.0,0,0,0.0,0,17,14,2,1,0,3
2026-01-14 18:00:00,122,31.7,40.9,21.0,61.4,1482.0,16.9,0.0,0,0,0.0,0,18,14,2,1,0,3
2026-01-14 19:00:00,118,30.2,40.0,28.0,53.4,1225.0,15.3,0.0,0,0,0.0,0,19,14,2,1,0,3
2026-01-14 20:00:00,113,28.1,37.8,37.0,42.6,919.0,13.3,0.0,0,0,0.0,0,20,14,2,1,0,3
2026-01-14 21:00:00,109,26.1,35.6,45.0,33.5,674.0,11.5,0.0,0,0,0.0,0,21,14,2,1,0,0
2026-01-14 22:00:00,105,26.4,36.1,50.0,26.7,442.0,10.0,0.0,0,0,0.0,0,22,14,2,1,0,0
2026-01-14 23:00:00,102,27.8,38.0,53.0,21.7,271.0,8.7,0.0,0,0,0.0,0,23,14,2,1,0,0
2026-01-15 00:00:00,99,31.9,41.4,53.0,18.9,419.0,7.9,0.0,0,0,0.0,0,0,15,3,1,0,0
2026-01-15 01:00:00,97,36.2,45.5,39.0,25.3,1247.0,9.9,0.0,0,0,0.0,0,1,15,3,1,0,0
2026-01-15 02:00:00,96,45.8,52.6,20.0,34.1,2394.0,12.7,0.0,0,0,0.0,0,2,15,3,1,0,0
2026-01-15 03:00:00,95,62.4,68.0,13.0,40.7,3028.0,15.6,0.0,0,0,0.0,0,3,15,3,1,0,0
2026-01-15 04:00:00,94,67.8,72.6,29.0,44.3,2656.0,18.5,0.0,0,0,0.0,0,4,15,3,1,0,0
2026-01-15 05:00:00,94,64.7,69.4,57.0,45.6,1772.0,21.4,0.0,0,0,0.0,0,5,15,3,1,0,0
2026-01-15 06:00:00,95,41.2,47.7,82.0,42.9,1030.0,23.9,0.0,0,0,0.0,0,6,15,3,1,0,1
2026-01-15 07:00:00,96,26.0,34.7,102.0,32.6,666.0,26.0,0.0,0,0,0.0,0,7,15,3,1,0,1
2026-01-15 08:00:00,96,21.1,28.3,120.0,18.2,444.0,27.5,0.0,0,0,0.0,0,8,15,3,1,0,1
2026-01-15 09:00:00,96,18.7,24.9,130.0,8.0,309.0,27.9,0.0,0,0,0.0,0,9,15,3,1,0,1
2026-01-15 10:00:00,95,17.3,23.5,130.0,3.9,218.0,26.2,0.0,0,0,0.0,0,10,15,3,1,0,2
2026-01-15 11:00:00,95,16.0,22.6,121.0,3.9,215.0,23.2,0.0,0,0,0.0,0,11,15,3,1,0,2
2026-01-15 12:00:00,95,12.3,17.1,104.0,10.0,377.0,18.5,0.0,0,0,0.0,0,12,15,3,1,0,2
2026-01-15 13:00:00,94,15.5,19.8,78.0,28.3,807.0,18.6,0.0,0,0,0.0,0,13,15,3,1,0,2
2026-01-15 14:00:00,94,25.4,29.5,43.0,53.4,1403.0,18.8,0.0,0,0,0.0,0,14,15,3,1,0,2
2026-01-15 15:00:00,93,32.0,36.3,16.0,72.3,1938.0,20.1,0.0,0,0,0.0,0,15,15,3,1,0,2
2026-01-15 16:00:00,93,39.3,44.7,7.0,78.6,2381.0,23.5,0.0,0,0,0.0,0,16,15,3,1,0,2
2026-01-15 17:00:00,94,46.8,53.1,6.0,78.5,2762.0,27.8,0.0,0,0,0.0,0,17,15,3,1,0,3
2026-01-15 18:00:00,95,52.3,59.3,6.0,77.6,2953.0,30.7,0.0,0,0,0.0,0,18,15,3,1,0,3
2026-01-15 19:00:00,97,55.3,62.9,5.0,77.5,2863.0,30.8,0.0,0,0,0.0,0,19,15,3,1,0,3
2026-01-15 20:00:00,99,55.5,63.6,5.0,76.7,2583.0,29.3,0.0,0,0,0.0,0,20,15,3,1,0,3
2026-01-15 21:00:00,101,55.1,63.6,6.0,75.6,2247.0,27.7,0.0,0,0,0.0,0,21,15,3,1,0,0
2026-01-15 22:00:00,104,53.0,61.7,8.0,74.6,1795.0,26.0,0.0,0,0,0.0,0,22,15,3,1,0,0
2026-01-15 23:00:00,107,49.4,58.8,12.0,73.4,1287.0,24.2,0.0,0,0,0.0,0,23,15,3,1,0,0
2026-01-16 00:00:00,109,48.9,59.8,26.0,56.2,1046.0,16.4,0.0,0,0,0.0,0,0,16,4,1,0,0
2026-01-16 01:00:00,111,54.7,66.1,19.0,57.1,1353.0,18.3,0.0,0,0,0.0,0,1,16,4,1,0,0
2026-01-16 02:00:00,113,63.3,73.6,11.0,58.1,1927.0,20.9,0.0,0,0,0.0,0,2,16,4,1,0,0
2026-01-16 03:00:00,115,76.8,85.4,13.0,56.6,2240.0,23.7,0.0,0,0,0.0,0,3,16,4,1,0,0
2026-01-16 04:00:00,116,74.0,81.5,33.0,51.2,2019.0,27.0,0.0,0,0,0.0,0,4,16,4,1,0,0
2026-01-16 05:00:00,117,66.6,74.5,62.0,43.3,1538.0,30.5,0.0,0,0,0.0,0,5,16,4,1,0,0
2026-01-16 06:00:00,117,37.8,53.9,87.0,34.7,1092.0,31.7,0.0,0,0,0.0,0,6,16,4,1,0,1
2026-01-16 07:00:00,117,24.6,38.5,103.0,24.6,757.0,28.9,0.0,0,0,0.0,0,7,16,4,1,0,1
2026-01-16 08:00:00,117,21.7,32.9,114.0,13.8,456.0,23.9,0.0,0,0,0.0,0,8,16,4,1,0,1
2026-01-16 09:00:00,117,19.5,28.5,119.0,6.6,259.0,20.1,0.0,0,0,0.0,0,9,16,4,1,0,1
2026-01-16 10:00:00,117,18.0,25.8,118.0,3.7,182.0,19.0,0.0,0,0,0.0,0,10,16,4,1,0,2
2026-01-16 11:00:00,117,16.6,24.0,110.0,4.4,208.0,19.1,0.0,0,0,0.0,0,11,16,4,1,0,2
2026-01-16 12:00:00,117,14.9,22.7,94.0,9.8,352.0,17.2,0.0,0,0,0.0,0,12,16,4,1,0,2
2026-01-16 13:00:00,117,17.1,24.2,75.0,23.5,729.0,16.9,0.0,0,0,0.0,0,13,16,4,1,0,2
2026-01-16 14:00:00,117,23.1,29.9,48.0,42.4,1225.0,16.4,0.0,0,0,0.0,0,14,16,4,1,0,2
2026-01-16 15:00:00,117,27.1,34.3,28.0,56.1,1508.0,16.0,0.0,0,0,0.0,0,15,16,4,1,0,2
2026-01-16 16:00:00,117,29.7,37.8,22.0,60.4,1386.0,15.9,0.0,0,0,0.0,0,16,16,4,1,0,2
2026-01-16 17:00:00,116,31.7,41.3,22.0,59.5,1051.0,15.8,0.0,0,0,0.0,0,17,16,4,1,0,3
2026-01-16 18:00:00,114,32.9,44.4,26.0,55.7,754.0,15.2,0.0,0,0,0.0,0,18,16,4,1,0,3
2026-01-16 19:00:00,112,33.1,46.2,32.0,48.5,577.0,13.5,0.0,0,0,0.0,0,19,16,4,1,0,3
2026-01-16 20:00:00,110,31.2,44.7,42.0,38.4,437.0,11.3,0.0,0,0,0.0,0,20,16,4,1,0,3
2026-01-16 21:00:00,107,29.5,44.1,50.0,29.5,333.0,9.5,0.0,0,0,0.0,0,21,16,4,1,0,0
2026-01-16 22:00:00,104,28.4,45.5,58.0,21.7,252.0,8.5,0.0,0,0,0.0,0,22,16,4,1,0,0
2026-01-16 23:00:00,102,26.8,44.4,65.0,15.1,207.0,8.0,0.0,0,0,0.0,0,23,16,4,1,0,0
2026-01-17 00:00:00,100,25.9,42.4,64.0,14.9,239.0,8.4,0.0,0,0,0.0,0,0,17,5,1,1,0
2026-01-17 01:00:00,98,25.3,41.6,51.0,25.7,427.0,9.4,0.0,0,0,0.0,0,1,17,5,1,1,0
2026-01-17 02:00:00,96,28.9,45.6,35.0,40.1,691.0,10.9,0.0,0,0,0.0,0,2,17,5,1,1,0
2026-01-17 03:00:00,93,37.6,53.8,30.0,46.9,836.0,12.7,0.0,0,0,0.0,0,3,17,5,1,1,0
2026-01-17 04:00:00,90,41.6,54.1,49.0,38.7,740.0,15.4,0.0,0,0,0.0,0,4,17,5,1,1,0
2026-01-17 05:00:00,87,33.3,55.4,80.0,23.0,525.0,18.5,0.0,0,0,0.0,0,5,17,5,1,1,0
2026-01-17 06:00:00,85,30.7,80.6,105.0,10.6,352.0,20.2,0.0,0,0,0.0,0,6,17,5,1,1,1
2026-01-17 07:00:00,84,29.9,82.2,116.0,6.0,284.0,19.4,0.0,0,0,0.0,0,7,17,5,1,1,1
2026-01-17 08:00:00,84,29.6,80.1,121.0,4.7,258.0,17.2,0.0,0,0,0.0,0,8,17,5,1,1,1
2026-01-17 09:00:00,85,29.4,80.3,122.0,4.6,253.0,15.5,0.0,0,0,0.0,0,9,17,5,1,1,1
2026-01-17 10:00:00,86,28.8,79.9,119.0,4.3,233.0,15.1,0.0,0,0,0.0,0,10,17,5,1,1,2
2026-01-17 11:00:00,87,27.6,77.1,113.0,5.1,234.0,15.2,0.0,0,0,0.0,0,11,17,5,1,1,2
2026-01-17 12:00:00,88,26.6,73.1,104.0,9.6,336.0,17.7,0.0,0,0,0.0,0,12,17,5,1,1,2
2026-01-17 13:00:00,89,24.9,59.0,89.0,18.6,636.0,17.1,0.0,0,0,0.0,0,13,17,5,1,1,2
2026-01-17 14:00:00,89,26.0,48.5,68.0,31.0,1037.0,16.4,0.0,0,0,0.0,0,14,17,5,1,1,2
2026-01-17 15:00:00,89,26.8,44.1,52.0,40.9,1333.0,15.8,0.0,0,0,0.0,0,15,17,5,1,1,2
2026-01-17 16:00:00,89,27.4,41.1,44.0,45.9,1417.0,15.7,0.0,0,0,0.0,0,16,17,5,1,1,2
2026-01-17 17:00:00,89,27.8,39.3,40.0,48.3,1396.0,15.7,0.0,0,0,0.0,0,17,17,5,1,1,3
2026-01-17 18:00:00,89,28.2,38.2,38.0,48.8,1381.0,15.5,0.0,0,0,0.0,0,18,17,5,1,1,3
2026-01-17 19:00:00,88,28.1,37.6,38.0,47.1,1443.0,14.6,0.0,0,0,0.0,0,19,17,5,1,1,3
2026-01-17 20:00:00,88,28.1,38.1,39.0,43.5,1512.0,13.3,0.0,0,0,0.0,0,20,17,5,1,1,3
2026-01-17 21:00:00,88,28.1,38.9,40.0,39.8,1488.0,12.4,0.0,0,0,0.0,0,21,17,5,1,1,0
2026-01-17 22:00:00,88,27.9,39.1,39.0,35.9,1252.0,12.1,0.0,0,0,0.0,0,22,17,5,1,1,0
2026-01-17 23:00:00,88,27.6,38.8,36.0,31.9,922.0,12.2,0.0,0,0,0.0,0,23,17,5,1,1,0
2026-01-18 00:00:00,88,33.9,47.0,23.0,35.8,754.0,13.1,0.0,0,0,0.0,0,0,18,6,1,1,0
2026-01-18 01:00:00,88,35.6,49.1,15.0,37.9,925.0,13.0,0.0,0,0,0.0,0,1,18,6,1,1,0
2026-01-18 02:00:00,89,42.5,56.0,5.0,40.4,1258.0,13.2,0.0,0,0,0.0,0,2,18,6,1,1,0
2026-01-18 03:00:00,90,56.2,72.4,7.0,39.9,1473.0,16.0,0.0,0,0,0.0,0,3,18,6,1,1,0
2026-01-18 04:00:00,92,56.2,70.8,33.0,33.6,1449.0,24.5,0.0,0,0,0.0,0,4,18,6,1,1,0
2026-01-18 05:00:00,93,44.0,68.7,72.0,24.2,1309.0,35.6,0.0,0,0,0.0,0,5,18,6,1,1,0
2026-01-18 06:00:00,94,33.5,69.6,104.0,16.4,1138.0,42.7,0.0,0,0,0.0,0,6,18,6,1,1,1
2026-01-18 07:00:00,94,32.8,77.1,122.0,11.8,937.0,42.0,0.0,0,0,0.0,0,7,18,6,1,1,1
2026-01-18 08:00:00,94,31.3,72.4,133.0,8.9,707.0,37.3,0.0,0,0,0.0,0,8,18,6,1,1,1
2026-01-18 09:00:00,94,29.5,67.5,139.0,7.4,535.0,33.3,0.0,0,0,0.0,0,9,18,6,1,1,1
2026-01-18 10:00:00,94,27.9,61.0,143.0,7.0,446.0,32.4,0.0,0,0,0.0,0,10,18,6,1,1,2
2026-01-18 11:00:00,94,26.7,55.5,143.0,8.0,415.0,32.2,0.0,0,0,0.0,0,11,18,6,1,1,2
2026-01-18 12:00:00,94,30.2,61.7,134.0,11.4,462.0,31.2,0.0,0,0,0.0,0,12,18,6,1,1,2
2026-01-18 13:00:00,94,28.5,48.4,112.0,19.5,605.0,27.7,0.0,0,0,0.0,0,13,18,6,1,1,2
2026-01-18 14:00:00,95,27.8,43.0,82.0,30.7,825.0,22.9,0.0,0,0,0.0,0,14,18,6,1,1,2
2026-01-18 15:00:00,95,27.5,44.1,58.0,39.8,1083.0,19.1,0.0,0,0,0.0,0,15,18,6,1,1,2
2026-01-18 16:00:00,95,29.5,49.5,45.0,44.7,1427.0,17.4,0.0,0,0,0.0,0,16,18,6,1,1,2
2026-01-18 17:00:00,95,32.4,56.2,38.0,47.4,1809.0,16.8,0.0,0,0,0.0,0,17,18,6,1,1,3
2026-01-18 18:00:00,95,35.3,63.8,33.0,49.2,2047.0,16.3,0.0,0,0,0.0,0,18,18,6,1,1,3
2026-01-18 19:00:00,96,38.8,74.0,29.0,50.4,2052.0,15.7,0.0,0,0,0.0,0,19,18,6,1,1,3
2026-01-18 20:00:00,97,41.8,84.5,27.0,50.6,1914.0,15.3,0.0,0,0,0.0,0,20,18,6,1,1,3
2026-01-18 21:00:00,98,43.1,90.6,25.0,49.5,1717.0,14.9,0.0,0,0,0.0,0,21,18,6,1,1,0
2026-01-18 22:00:00,99,43.4,92.2,24.0,46.0,1402.0,14.5,0.0,0,0,0.0,0,22,18,6,1,1,0
2026-01-18 23:00:00,100,42.0,88.5,23.0,41.3,1028.0,14.1,0.0,0,0,0.0,0,23,18,6,1,1,0
2026-01-19 00:00:00,102,44.0,104.5,30.0,36.8,858.0,16.2,0.0,0,0,0.0,0,0,19,0,1,0,0
2026-01-19 01:00:00,103,44.0,95.0,21.0,40.7,1109.0,16.3,0.0,0,0,0.0,0,1,19,0,1,0,0
2026-01-19 02:00:00,104,47.3,89.9,9.0,45.6,1565.0,16.7,0.0,0,0,0.0,0,2,19,0,1,0,0
2026-01-19 03:00:00,104,58.4,97.3,9.0,46.4,1840.0,18.5,0.0,0,0,0.0,0,3,19,0,1,0,0
2026-01-19 04:00:00,105,57.6,95.2,29.0,39.3,1739.0,23.4,0.0,0,0,0.0,0,4,19,0,1,0,0
2026-01-19 05:00:00,105,47.6,109.4,60.0,28.0,1456.0,29.6,0.0,0,0,0.0,0,5,19,0,1,0,0
2026-01-19 06:00:00,105,40.0,114.6,88.0,18.4,1189.0,33.2,0.0,0,0,0.0,0,6,19,0,1,0,1
2026-01-19 07:00:00,106,39.6,105.5,109.0,12.4,998.0,31.5,0.0,0,0,0.0,0,7,19,0,1,0,1
2026-01-19 08:00:00,106,39.1,95.0,127.0,8.2,824.0,27.2,0.0,0,0,0.0,0,8,19,0,1,0,1
2026-01-19 09:00:00,107,38.1,89.6,138.0,5.8,683.0,23.9,0.0,0,0,0.0,0,9,19,0,1,0,1
2026-01-19 10:00:00,108,37.1,86.1,142.0,4.7,549.0,23.5,0.0,0,0,0.0,0,10,19,0,1,0,2
2026-01-19 11:00:00,109,37.0,85.0,139.0,5.6,449.0,24.2,0.0,0,0,0.0,0,11,19,0,1,0,2
2026-01-19 12:00:00,110,34.2,75.9,129.0,9.9,481.0,25.0,0.0,0,0,0.0,0,12,19,0,1,0,2
2026-01-19 13:00:00,111,35.5,70.5,103.0,20.8,773.0,23.0,0.0,0,0,0.0,0,13,19,0,1,0,2
2026-01-19 14:00:00,111,37.4,70.3,67.0,35.7,1198.0,20.2,0.0,0,0,0.0,0,14,19,0,1,0,2
2026-01-19 15:00:00,112,37.0,70.1,40.0,46.4,1467.0,17.9,0.0,0,0,0.0,0,15,19,0,1,0,2
2026-01-19 16:00:00,113,36.9,69.4,31.0,49.2,1414.0,16.8,0.0,0,0,0.0,0,16,19,0,1,0,2
2026-01-19 17:00:00,114,36.9,68.2,30.0,47.8,1206.0,16.2,0.0,0,0,0.0,0,17,19,0,1,0,3
2026-01-19 18:00:00,115,36.0,66.1,32.0,44.8,1057.0,15.3,0.0,0,0,0.0,0,18,19,0,1,0,3
2026-01-19 19:00:00,115,34.5,63.8,35.0,40.2,1080.0,13.7,0.0,0,0,0.0,0,19,19,0,1,0,3
2026-01-19 20:00:00,114,33.1,61.2,39.0,34.0,1162.0,11.8,0.0,0,0,0.0,0,20,19,0,1,0,3
2026-01-19 21:00:00,113,31.0,57.6,43.0,28.4,1180.0,10.4,0.0,0,0,0.0,0,21,19,0,1,0,0
2026-01-19 22:00:00,112,29.0,54.9,45.0,23.2,1011.0,9.7,0.0,0,0,0.0,0,22,19,0,1,0,0
2026-01-19 23:00:00,111,27.6,53.6,46.0,18.6,779.0,9.5,0.0,0,0,0.0,0,23,19,0,1,0,0
2026-01-20 00:00:00,109,28.6,58.0,43.0,19.6,731.0,10.4,0.0,0,0,0.0,0,0,20,1,1,0,0
2026-01-20 01:00:00,107,29.2,56.3,31.0,27.5,1099.0,11.8,0.0,0,0,0.0,0,1,20,1,1,0,0
2026-01-20 02:00:00,106,33.3,57.6,14.0,38.0,1652.0,14.0,0.0,0,0,0.0,0,2,20,1,1,0,0
2026-01-20 03:00:00,104,44.7,66.1,11.0,42.7,1943.0,16.9,0.0,0,0,0.0,0,3,20,1,1,0,0
2026-01-20 04:00:00,103,45.2,68.7,31.0,36.0,1705.0,21.5,0.0,0,0,0.0,0,4,20,1,1,0,0
2026-01-20 05:00:00,102,38.3,74.7,64.0,23.5,1205.0,26.7,0.0,0,0,0.0,0,5,20,1,1,0,0
2026-01-20 06:00:00,101,29.3,74.3,92.0,13.4,796.0,30.0,0.0,0,0,0.0,0,6,20,1,1,0,1
2026-01-20 07:00:00,100,31.9,76.4,110.0,8.9,614.0,29.6,0.0,0,0,0.0,0,7,20,1,1,0,1
2026-01-20 08:00:00,99,33.8,75.9,124.0,6.8,522.0,27.1,0.0,0,0,0.0,0,8,20,1,1,0,1
2026-01-20 09:00:00,99,33.2,71.5,131.0,6.0,463.0,24.9,0.0,0,0,0.0,0,9,20,1,1,0,1
2026-01-20 10:00:00,98,31.7,66.4,132.0,4.9,372.0,23.7,0.0,0,0,0.0,0,10,20,1,1,0,2
2026-01-20 11:00:00,98,30.3,62.4,127.0,5.1,314.0,22.8,0.0,0,0,0.0,0,11,20,1,1,0,2
2026-01-20 12:00:00,97,25.3,52.4,117.0,9.1,430.0,20.4,0.0,0,0,0.0,0,12,20,1,1,0,2
2026-01-20 13:00:00,97,26.7,49.7,94.0,22.2,841.0,19.6,0.0,0,0,0.0,0,13,20,1,1,0,2
2026-01-20 14:00:00,96,31.1,52.2,61.0,40.3,1426.0,18.4,0.0,0,0,0.0,0,14,20,1,1,0,2
2026-01-20 15:00:00,95,33.9,54.1,36.0,54.4,1958.0,17.6,0.0,0,0,0.0,0,15,20,1,1,0,2
2026-01-20 16:00:00,95,36.1,55.9,24.0,61.4,2442.0,17.7,0.0,0,0,0.0,0,16,20,1,1,0,2
2026-01-20 17:00:00,95,38.1,57.3,18.0,64.4,2873.0,18.2,0.0,0,0,0.0,0,17,20,1,1,0,3
2026-01-20 18:00:00,95,37.0,55.4,17.0,63.1,3009.0,18.0,0.0,0,0,0.0,0,18,20,1,1,0,3
2026-01-20 19:00:00,95,33.6,51.6,22.0,55.6,2648.0,16.2,0.0,0,0,0.0,0,19,20,1,1,0,3
2026-01-20 20:00:00,95,30.4,47.5,31.0,43.8,1992.0,13.7,0.0,0,0,0.0,0,20,20,1,1,0,3
2026-01-20 21:00:00,95,28.0,44.6,38.0,33.9,1401.0,11.7,0.0,0,0,0.0,0,21,20,1,1,0,0
2026-01-20 22:00:00,95,26.3,42.3,41.0,27.1,954.0,10.7,0.0,0,0,0.0,0,22,20,1,1,0,0
2026-01-20 23:00:00,95,24.6,39.6,42.0,22.2,573.0,10.2,0.0,0,0,0.0,0,23,20,1,1,0,0
2026-01-21 00:00:00,94,25.1,39.9,35.0,23.9,378.0,10.6,0.0,0,0,0.0,0,0,21,2,1,0,0
2026-01-21 01:00:00,94,25.4,39.5,26.0,30.4,512.0,11.2,0.0,0,0,0.0,0,1,21,2,1,0,0
2026-01-21 02:00:00,94,28.5,42.0,15.0,38.9,834.0,12.3,0.0,0,0,0.0,0,2,21,2,1,0,0
2026-01-21 03:00:00,93,36.7,49.2,15.0,42.4,1039.0,15.2,0.0,0,0,0.0,0,3,21,2,1,0,0
2026-01-21 04:00:00,93,38.5,49.9,36.0,36.2,983.0,21.9,0.0,0,0,0.0,0,4,21,2,1,0,0
2026-01-21 05:00:00,92,30.0,48.2,69.0,25.0,811.0,30.5,0.0,0,0,0.0,0,5,21,2,1,0,0
2026-01-21 06:00:00,92,24.3,44.8,98.0,15.7,653.0,36.0,0.0,0,0,0.0,0,6,21,2,1,0,1
2026-01-21 07:00:00,91,24.5,42.8,119.0,10.9,545.0,36.0,0.0,0,0,0.0,0,7,21,2,1,0,1
2026-01-21 08:00:00,91,26.6,42.8,135.0,8.1,452.0,33.0,0.0,0,0,0.0,0,8,21,2,1,0,1
2026-01-21 09:00:00,90,27.0,41.9,145.0,6.8,396.0,30.0,0.0,0,0,0.0,0,9,21,2,1,0,1
2026-01-21 10:00:00,90,26.6,41.1,146.0,5.9,374.0,28.1,0.0,0,0,0.0,0,10,21,2,1,0,2
2026-01-21 11:00:00,89,26.1,40.2,141.0,6.5,389.0,26.3,0.0,0,0,0.0,0,11,21,2,1,0,2
2026-01-21 12:00:00,89,27.0,45.1,123.0,10.8,473.0,25.7,0.0,0,0,0.0,0,12,21,2,1,0,2
2026-01-21 13:00:00,89,27.8,43.2,97.0,24.2,691.0,24.4,0.0,0,0,0.0,0,13,21,2,1,0,2
2026-01-21 14:00:00,89,31.1,45.1,60.0,42.8,977.0,22.6,0.0,0,0,0.0,0,14,21,2,1,0,2
2026-01-21 15:00:00,89,32.9,46.3,31.0,57.2,1165.0,21.1,0.0,0,0,0.0,0,15,21,2,1,0,2
2026-01-21 16:00:00,89,35.2,49.0,17.0,64.0,1176.0,20.5,0.0,0,0,0.0,0,16,21,2,1,0,2
2026-01-21 17:00:00,89,37.5,51.8,12.0,66.6,1088.0,20.2,0.0,0,0,0.0,0,17,21,2,1,0,3
2026-01-21 18:00:00,89,37.8,52.7,10.0,66.5,976.0,19.4,0.0,0,0,0.0,0,18,21,2,1,0,3
2026-01-21 19:00:00,89,37.0,52.6,12.0,63.1,825.0,17.4,0.0,0,0,0.0,0,19,21,2,1,0,3
2026-01-21 20:00:00,89,35.5,52.4,18.0,56.9,649.0,15.0,0.0,0,0,0.0,0,20,21,2,1,0,3
2026-01-21 21:00:00,90,33.9,52.9,24.0,50.8,563.0,13.4,0.0,0,0,0.0,0,21,21,2,1,0,0
2026-01-21 22:00:00,90,32.2,53.7,31.0,44.1,598.0,13.3,0.0,0,0,0.0,0,22,21,2,1,0,0
2026-01-21 23:00:00,91,31.9,55.1,38.0,37.4,723.0,14.0,0.0,0,0,0.0,0,23,21,2,1,0,0
2026-01-22 00:00:00,91,34.1,58.4,34.0,39.9,964.0,16.3,0.0,0,0,0.0,0,0,22,3,1,0,0
2026-01-22 01:00:00,92,35.5,60.5,25.0,48.7,1499.0,19.3,0.0,0,0,0.0,0,1,22,3,1,0,0
2026-01-22 02:00:00,93,46.0,71.5,13.0,60.1,2150.0,23.2,0.0,0,0,0.0,0,2,22,3,1,0,0
2026-01-22 03:00:00,94,56.9,82.7,13.0,63.1,2402.0,25.0,0.0,0,0,0.0,0,3,22,3,1,0,0
2026-01-22 04:00:00,96,50.2,66.6,35.0,49.6,1870.0,22.8,0.0,0,0,0.0,0,4,22,3,1,0,0
2026-01-22 05:00:00,97,27.9,52.9,69.0,27.7,940.0,18.5,0.0,0,0,0.0,0,5,22,3,1,0,0
2026-01-22 06:00:00,96,22.8,51.5,94.0,11.0,252.0,14.8,0.0,0,0,0.0,0,6,22,3,1,0,1
2026-01-22 07:00:00,96,21.7,47.7,101.0,5.5,91.0,12.3,0.0,0,0,0.0,0,7,22,3,1,0,1
2026-01-22 08:00:00,96,20.8,45.4,99.0,5.3,171.0,10.4,0.0,0,0,0.0,0,8,22,3,1,0,1
2026-01-22 09:00:00,96,20.5,43.1,95.0,6.1,280.0,9.6,0.0,0,0,0.0,0,9,22,3,1,0,1
2026-01-22 10:00:00,95,18.1,34.7,92.0,6.6,366.0,10.5,0.0,0,0,0.0,0,10,22,3,1,0,2
2026-01-22 11:00:00,94,17.3,36.8,88.0,8.2,481.0,12.5,0.0,0,0,0.0,0,11,22,3,1,0,2
2026-01-22 12:00:00,94,19.2,39.5,77.0,13.1,564.0,14.7,0.0,0,0,0.0,0,12,22,3,1,0,2
2026-01-22 13:00:00,93,21.7,42.8,66.0,21.8,594.0,15.9,0.0,0,0,0.0,0,13,22,3,1,0,2
2026-01-22 14:00:00,93,28.0,57.5,52.0,33.4,592.0,17.5,0.0,0,0,0.0,0,14,22,3,1,0,2
2026-01-22 15:00:00,92,30.9,85.9,45.0,39.0,557.0,18.3,0.0,0,0,0.0,0,15,22,3,1,0,2
2026-01-22 16:00:00,92,31.5,109.4,53.0,32.9,470.0,17.6,0.0,0,0,0.0,0,16,22,3,1,0,2
2026-01-22 17:00:00,92,28.2,97.8,69.0,20.8,350.0,16.1,0.0,0,0,0.0,0,17,22,3,1,0,3
2026-01-22 18:00:00,91,25.4,72.9,80.0,11.3,258.0,14.5,0.0,0,0,0.0,0,18,22,3,1,0,3
2026-01-22 19:00:00,90,23.5,58.6,82.0,8.0,219.0,12.9,0.0,0,0,0.0,0,19,22,3,1,0,3
2026-01-22 20:00:00,89,21.3,50.5,80.0,7.4,207.0,11.3,0.0,0,0,0.0,0,20,22,3,1,0,3
2026-01-22 21:00:00,88,19.8,46.0,77.0,7.1,202.0,10.3,0.0,0,0,0.0,0,21,22,3,1,0,0
2026-01-22 22:00:00,87,18.5,42.6,75.0,5.9,188.0,10.2,0.0,0,0,0.0,0,22,22,3,1,0,0
2026-01-22 23:00:00,86,18.3,46.6,72.0,5.1,180.0,10.6,0.0,0,0,0.0,0,23,22,3,1,0,0
2026-01-23 00:00:00,85,20.1,65.2,68.0,6.0,210.0,11.1,0.0,0,0,0.0,0,0,23,4,1,0,0
2026-01-23 01:00:00,84,27.5,111.3,60.0,11.5,320.0,11.2,0.0,0,0,0.0,0,1,23,4,1,0,0
2026-01-23 02:00:00,83,37.3,161.1,49.0,19.0,466.0,11.4,0.0,0,0,0.0,0,2,23,4,1,0,0
2026-01-23 03:00:00,82,47.3,195.6,44.0,23.2,549.0,12.1,0.0,0,0,0.0,0,3,23,4,1,0,0
2026-01-23 04:00:00,82,53.7,235.6,52.0,21.0,505.0,13.5,0.0,0,0,0.0,0,4,23,4,1,0,0
2026-01-23 05:00:00,82,52.7,247.7,66.0,15.6,397.0,15.3,0.0,0,0,0.0,0,5,23,4,1,0,0
2026-01-23 06:00:00,84,47.7,214.2,79.0,11.1,312.0,17.1,0.0,0,0,0.0,0,6,23,4,1,0,1
2026-01-23 07:00:00,86,41.2,173.7,90.0,9.0,282.0,18.9,0.0,0,0,0.0,0,7,23,4,1,0,1
2026-01-23 08:00:00,87,36.4,143.9,101.0,7.9,274.0,20.8,0.0,0,0,0.0,0,8,23,4,1,0,1
2026-01-23 09:00:00,89,33.1,124.3,108.0,7.8,282.0,22.5,0.0,0,0,0.0,0,9,23,4,1,0,1
2026-01-23 10:00:00,90,32.2,118.0,110.0,7.6,299.0,24.2,0.0,0,0,0.0,0,10,23,4,1,0,2
2026-01-23 11:00:00,91,32.0,115.7,109.0,8.3,332.0,25.6,0.0,0,0,0.0,0,11,23,4,1,0,2
2026-01-23 12:00:00,92,32.6,115.3,102.0,12.4,388.0,25.1,0.0,0,0,0.0,0,12,23,4,1,0,2
2026-01-23 13:00:00,93,35.3,98.3,83.0,23.5,492.0,23.1,0.0,0,0,0.0,0,13,23,4,1,0,2
2026-01-23 14:00:00,94,37.3,85.2,56.0,38.9,620.0,20.3,0.0,0,0,0.0,0,14,23,4,1,0,2
2026-01-23 15:00:00,95,36.2,74.7,35.0,50.7,708.0,18.4,0.0,0,0,0.0,0,15,23,4,1,0,2
2026-01-23 16:00:00,95,35.5,71.2,25.0,55.7,728.0,18.4,0.0,0,0,0.0,0,16,23,4,1,0,2
2026-01-23 17:00:00,95,37.6,74.5,20.0,57.1,708.0,19.2,0.0,0,0,0.0,0,17,23,4,1,0,3
2026-01-23 18:00:00,96,41.4,81.3,17.0,57.1,667.0,19.4,0.0,0,0,0.0,0,18,23,4,1,0,3
2026-01-23 19:00:00,97,44.2,88.2,14.0,56.5,601.0,18.1,0.0,0,0,0.0,0,19,23,4,1,0,3
2026-01-23 20:00:00,99,44.1,90.1,12.0,54.5,513.0,16.1,0.0,0,0,0.0,0,20,23,4,1,0,3
2026-01-23 21:00:00,101,41.9,88.0,13.0,50.3,433.0,14.4,0.0,0,0,0.0,0,21,23,4,1,0,0
2026-01-23 22:00:00,103,38.8,87.3,19.0,41.9,346.0,13.4,0.0,0,0,0.0,0,22,23,4,1,0,0
2026-01-23 23:00:00,105,35.9,88.2,27.0,31.2,267.0,12.7,0.0,0,0,0.0,0,23,23,4,1,0,0
2026-01-24 00:00:00,107,33.5,89.4,27.0,27.3,266.0,11.8,0.0,0,0,0.0,0,0,24,5,1,1,0
2026-01-24 01:00:00,109,32.0,87.8,26.0,28.4,421.0,12.3,0.0,0,0,0.0,0,1,24,5,1,1,0
2026-01-24 02:00:00,109,32.7,83.8,27.0,29.7,655.0,12.9,0.0,0,0,0.0,0,2,24,5,1,1,0
2026-01-24 03:00:00,109,34.9,74.5,33.0,29.1,807.0,13.2,0.0,0,0,0.0,0,3,24,5,1,1,0
2026-01-24 04:00:00,107,35.0,58.0,51.0,24.8,798.0,12.9,0.0,0,0,0.0,0,4,24,5,1,1,0
2026-01-24 05:00:00,105,29.0,50.8,76.0,18.6,706.0,12.2,0.0,0,0,0.0,0,5,24,5,1,1,0
2026-01-24 06:00:00,103,22.8,46.8,96.0,13.2,606.0,11.4,0.0,0,0,0.0,0,6,24,5,1,1,1
2026-01-24 07:00:00,100,17.2,37.5,109.0,9.5,503.0,10.4,0.0,0,0,0.0,0,7,24,5,1,1,1
2026-01-24 08:00:00,98,14.9,32.8,118.0,6.6,391.0,9.3,0.0,0,0,0.0,0,8,24,5,1,1,1
2026-01-24 09:00:00,97,15.3,33.2,123.0,5.1,330.0,8.7,0.0,0,0,0.0,0,9,24,5,1,1,1
2026-01-24 10:00:00,95,16.2,34.1,124.0,5.2,354.0,8.9,0.0,0,0,0.0,0,10,24,5,1,1,2
2026-01-24 11:00:00,94,16.9,34.8,122.0,6.8,429.0,9.7,0.0,0,0,0.0,0,11,24,5,1,1,2
2026-01-24 12:00:00,93,17.2,33.8,112.0,9.7,506.0,10.5,0.0,0,0,0.0,0,12,24,5,1,1,2
2026-01-24 13:00:00,92,18.8,29.6,99.0,14.6,586.0,10.7,0.0,0,0,0.0,0,13,24,5,1,1,2
2026-01-24 14:00:00,90,19.6,28.5,82.0,21.2,669.0,11.0,0.0,0,0,0.0,0,14,24,5,1,1,2
2026-01-24 15:00:00,89,17.9,25.3,69.0,24.9,703.0,11.1,0.0,0,0,0.0,0,15,24,5,1,1,2
2026-01-24 16:00:00,88,16.1,21.7,66.0,22.9,647.0,10.8,0.0,0,0,0.0,0,16,24,5,1,1,2
2026-01-24 17:00:00,86,14.8,18.7,67.0,17.9,543.0,10.2,0.0,0,0,0.0,0,17,24,5,1,1,3
2026-01-24 18:00:00,84,14.1,17.0,70.0,13.4,458.0,9.7,0.0,0,0,0.0,0,18,24,5,1,1,3
2026-01-24 19:00:00,82,14.0,16.6,73.0,10.4,420.0,9.1,0.0,0,0,0.0,0,19,24,5,1,1,3
2026-01-24 20:00:00,80,14.6,17.2,76.0,7.9,402.0,8.5,0.0,0,0,0.0,0,20,24,5,1,1,3
2026-01-24 21:00:00,77,15.9,18.2,79.0,6.0,393.0,8.2,0.0,0,0,0.0,0,21,24,5,1,1,0
2026-01-24 22:00:00,75,17.4,19.3,81.0,4.7,381.0,8.3,0.0,0,0,0.0,0,22,24,5,1,1,0
2026-01-24 23:00:00,74,18.9,20.9,82.0,4.1,379.0,8.7,0.0,0,0,0.0,0,23,24,5,1,1,0
2026-01-25 00:00:00,72,20.0,22.8,83.0,4.6,414.0,9.0,0.0,0,0,0.0,0,0,25,6,1,1,0
2026-01-25 01:00:00,71,21.7,25.1,79.0,7.7,528.0,9.5,0.0,0,0,0.0,0,1,25,6,1,1,0
2026-01-25 02:00:00,70,24.2,28.1,73.0,11.9,679.0,10.1,0.0,0,0,0.0,0,2,25,6,1,1,0
2026-01-25 03:00:00,70,26.7,31.1,72.0,14.3,769.0,10.7,0.0,0,0,0.0,0,3,25,6,1,1,0
2026-01-25 04:00:00,69,27.6,32.2,77.0,13.1,744.0,11.1,0.0,0,0,0.0,0,4,25,6,1,1,0
2026-01-25 05:00:00,69,26.1,32.2,86.0,10.2,658.0,11.4,0.0,0,0,0.0,0,5,25,6,1,1,0
2026-01-25 06:00:00,68,22.4,28.7,96.0,7.7,578.0,11.6,0.0,0,0,0.0,0,6,25,6,1,1,1
2026-01-25 07:00:00,68,19.7,25.2,107.0,6.3,517.0,11.4,0.0,0,0,0.0,0,7,25,6,1,1,1
2026-01-25 08:00:00,68,17.6,22.2,118.0,5.5,463.0,11.1,0.0,0,0,0.0,0,8,25,6,1,1,1
2026-01-25 09:00:00,69,16.5,20.5,125.0,5.4,440.0,10.9,0.0,0,0,0.0,0,9,25,6,1,1,1
2026-01-25 10:00:00,69,16.2,19.7,127.0,6.0,464.0,11.0,0.0,0,0,0.0,0,10,25,6,1,1,2
2026-01-25 11:00:00,69,15.8,19.2,124.0,7.4,520.0,11.3,0.0,0,0,0.0,0,11,25,6,1,1,2
2026-01-25 12:00:00,69,18.5,20.6,117.0,11.1,591.0,12.5,0.0,0,0,0.0,0,12,25,6,1,1,2
2026-01-25 13:00:00,69,21.8,23.6,103.0,17.1,697.0,12.6,0.0,0,0,0.0,0,13,25,6,1,1,2
2026-01-25 14:00:00,69,23.9,25.6,84.0,25.2,819.0,12.7,0.0,0,0,0.0,0,14,25,6,1,1,2
2026-01-25 15:00:00,69,22.9,24.6,70.0,30.2,882.0,12.9,0.0,0,0,0.0,0,15,25,6,1,1,2
2026-01-25 16:00:00,70,21.7,23.4,65.0,29.2,840.0,13.2,0.0,0,0,0.0,0,16,25,6,1,1,2
2026-01-25 17:00:00,70,21.5,23.2,66.0,25.0,738.0,13.7,0.0,0,0,0.0,0,17,25,6,1,1,3
2026-01-25 18:00:00,71,22.1,23.9,68.0,20.7,638.0,14.2,0.0,0,0,0.0,0,18,25,6,1,1,3
2026-01-25 19:00:00,71,22.9,24.8,71.0,17.1,552.0,14.8,0.0,0,0,0.0,0,19,25,6,1,1,3
2026-01-25 20:00:00,72,23.2,25.3,76.0,13.4,467.0,15.4,0.0,0,0,0.0,0,20,25,6,1,1,3
2026-01-25 21:00:00,73,23.7,25.8,81.0,10.3,406.0,16.1,0.0,0,0,0.0,0,21,25,6,1,1,0
2026-01-25 22:00:00,73,24.3,26.3,86.0,7.7,374.0,17.0,0.0,0,0,0.0,0,22,25,6,1,1,0
2026-01-25 23:00:00,74,24.8,26.6,90.0,5.8,366.0,17.9,0.0,0,0,0.0,0,23,25,6,1,1,0
2026-01-26 00:00:00,74,24.3,25.3,89.0,6.1,395.0,17.9,0.0,0,0,0.0,0,0,26,0,1,0,0
2026-01-26 01:00:00,75,24.7,25.5,82.0,11.0,494.0,18.2,0.0,0,0,0.0,0,1,26,0,1,0,0
2026-01-26 02:00:00,75,26.0,26.5,72.0,17.6,630.0,18.7,0.0,0,0,0.0,0,2,26,0,1,0,0
2026-01-26 03:00:00,75,28.7,29.2,70.0,21.2,710.0,19.3,0.0,0,0,0.0,0,3,26,0,1,0,0
2026-01-26 04:00:00,75,29.5,30.0,81.0,19.1,681.0,20.2,0.0,0,0,0.0,0,4,26,0,1,0,0
2026-01-26 05:00:00,75,25.2,26.0,99.0,14.0,597.0,21.2,0.0,0,0,0.0,0,5,26,0,1,0,0
2026-01-26 06:00:00,75,21.4,22.9,115.0,9.9,528.0,21.5,0.0,0,0,0.0,0,6,26,0,1,0,1
2026-01-26 07:00:00,75,19.0,22.2,128.0,7.9,494.0,20.2,0.0,0,0,0.0,0,7,26,0,1,0,1
2026-01-26 08:00:00,75,18.9,22.4,139.0,6.8,474.0,18.2,0.0,0,0,0.0,0,8,26,0,1,0,1
2026-01-26 09:00:00,75,20.0,23.0,146.0,6.7,476.0,17.2,0.0,0,0,0.0,0,9,26,0,1,0,1
2026-01-26 10:00:00,76,21.5,24.2,151.0,6.9,507.0,18.2,0.0,0,0,0.0,0,10,26,0,1,0,2
2026-01-26 11:00:00,76,22.6,25.0,153.0,8.1,559.0,20.1,0.0,0,0,0.0,0,11,26,0,1,0,2
2026-01-26 12:00:00,82,19.6,22.4,147.0,13.6,623.0,23.1,0.0,0,0,0.0,0,12,26,0,1,0,2
2026-01-26 13:00:00,96,31.8,33.8,110.0,39.0,717.0,24.5,0.0,0,0,0.0,0,13,26,0,1,0,2
2026-01-26 14:00:00,98,52.0,53.2,60.0,73.0,823.0,26.4,0.0,0,0,0.0,0,14,26,0,1,0,2
2026-01-26 15:00:00,86,46.4,46.7,28.0,90.5,870.0,27.2,0.0,0,0,0.0,0,15,26,0,1,0,2
2026-01-26 16:00:00,81,29.3,29.3,33.0,75.6,815.0,25.9,0.0,0,0,0.0,0,16,26,0,1,0,2
2026-01-26 17:00:00,82,18.9,19.0,57.0,44.2,702.0,23.6,0.0,0,0,0.0,0,17,26,0,1,0,3
2026-01-26 18:00:00,82,13.9,14.6,75.0,19.7,589.0,21.3,0.0,0,0,0.0,0,18,26,0,1,0,3
2026-01-26 19:00:00,81,11.9,13.4,77.0,11.7,490.0,19.5,0.0,0,0,0.0,0,19,26,0,1,0,3
2026-01-26 20:00:00,80,11.2,14.0,74.0,10.6,392.0,17.7,0.0,0,0,0.0,0,20,26,0,1,0,3
2026-01-26 21:00:00,79,11.5,15.6,71.0,10.1,317.0,16.3,0.0,0,0,0.0,0,21,26,0,1,0,0
2026-01-26 22:00:00,78,12.5,18.0,72.0,7.7,255.0,15.1,0.0,0,0,0.0,0,22,26,0,1,0,0
2026-01-26 23:00:00,77,13.7,20.4,74.0,6.1,215.0,14.3,0.0,0,0,0.0,0,23,26,0,1,0,0
2026-01-27 00:00:00,77,14.5,21.1,69.0,8.0,249.0,14.5,0.0,0,0,0.0,0,0,27,1,1,0,0
2026-01-27 01:00:00,76,15.8,22.7,59.0,15.6,422.0,15.0,0.0,0,0,0.0,0,1,27,1,1,0,0
2026-01-27 02:00:00,75,18.6,25.5,45.0,26.0,669.0,16.0,0.0,0,0,0.0,0,2,27,1,1,0,0
2026-01-27 03:00:00,75,24.8,31.2,42.0,32.2,841.0,18.1,0.0,0,0,0.0,0,3,27,1,1,0,0
2026-01-27 04:00:00,74,26.3,32.6,57.0,30.6,877.0,22.4,0.0,0,0,0.0,0,4,27,1,1,0,0
2026-01-27 05:00:00,74,24.1,30.6,83.0,25.0,838.0,27.9,0.0,0,0,0.0,0,5,27,1,1,0,0
2026-01-27 06:00:00,74,21.6,26.9,105.0,19.4,757.0,32.5,0.0,0,0,0.0,0,6,27,1,1,0,1
2026-01-27 07:00:00,74,17.2,21.9,122.0,14.9,612.0,35.6,0.0,0,0,0.0,0,7,27,1,1,0,1
2026-01-27 08:00:00,74,17.5,23.6,135.0,10.5,425.0,37.7,0.0,0,0,0.0,0,8,27,1,1,0,1
2026-01-27 09:00:00,74,18.8,26.4,143.0,7.7,300.0,38.3,0.0,0,0,0.0,0,9,27,1,1,0,1
2026-01-27 10:00:00,74,19.3,27.5,144.0,5.8,258.0,36.7,0.0,0,0,0.0,0,10,27,1,1,0,2
2026-01-27 11:00:00,73,18.8,27.2,139.0,5.5,277.0,33.6,0.0,0,0,0.0,0,11,27,1,1,0,2
2026-01-27 12:00:00,73,12.9,14.2,135.0,10.6,399.0,33.3,0.0,0,0,0.0,0,12,27,1,1,0,2
2026-01-27 13:00:00,81,16.5,18.3,110.0,24.6,678.0,31.9,0.0,0,0,0.0,0,13,27,1,1,0,2
2026-01-27 14:00:00,86,24.7,26.4,76.0,43.8,1059.0,29.8,0.0,0,0,0.0,0,14,27,1,1,0,2
2026-01-27 15:00:00,80,25.3,27.2,50.0,57.8,1421.0,28.0,0.0,0,0,0.0,0,15,27,1,1,0,2
2026-01-27 16:00:00,68,24.9,27.2,42.0,61.1,1765.0,26.8,0.0,0,0,0.0,0,16,27,1,1,0,2
2026-01-27 17:00:00,67,26.9,29.7,42.0,59.1,2090.0,25.9,0.0,0,0,0.0,0,17,27,1,1,0,3
2026-01-27 18:00:00,68,30.0,33.4,40.0,57.9,2275.0,24.7,0.0,0,0,0.0,0,18,27,1,1,0,3
2026-01-27 19:00:00,69,33.2,37.6,32.0,60.9,2272.0,23.1,0.0,0,0,0.0,0,19,27,1,1,0,3
2026-01-27 20:00:00,71,37.3,42.8,23.0,64.5,2130.0,21.3,0.0,0,0,0.0,0,20,27,1,1,0,3
2026-01-27 21:00:00,73,40.6,44.8,17.0,64.3,1873.0,19.7,0.0,0,0,0.0,0,21,27,1,1,0,0
2026-01-27 22:00:00,75,39.9,42.0,18.0,56.4,1387.0,18.3,0.0,0,0,0.0,0,22,27,1,1,0,0
2026-01-27 23:00:00,77,38.3,40.4,23.0,44.7,786.0,17.1,0.0,0,0,0.0,0,23,27,1,1,0,0
2026-01-28 00:00:00,79,39.6,41.1,21.0,41.8,436.0,16.9,0.0,0,0,0.0,0,0,28,2,1,0,0
2026-01-28 01:00:00,81,38.6,40.7,20.0,42.4,584.0,17.3,0.0,0,0,0.0,0,1,28,2,1,0,0
2026-01-28 02:00:00,83,40.3,42.7,20.0,42.8,982.0,17.9,0.0,0,0,0.0,0,2,28,2,1,0,0
2026-01-28 03:00:00,85,44.6,47.3,28.0,40.4,1253.0,19.4,0.0,0,0,0.0,0,3,28,2,1,0,0
2026-01-28 04:00:00,86,45.1,47.1,52.0,32.7,1233.0,22.6,0.0,0,0,0.0,0,4,28,2,1,0,0
2026-01-28 05:00:00,88,32.1,34.9,84.0,22.1,1085.0,26.5,0.0,0,0,0.0,0,5,28,2,1,0,0
2026-01-28 06:00:00,88,21.5,25.3,110.0,13.8,922.0,29.0,0.0,0,0,0.0,0,6,28,2,1,0,1
2026-01-28 07:00:00,88,19.5,25.7,124.0,9.6,753.0,28.6,0.0,0,0,0.0,0,7,28,2,1,0,1
2026-01-28 08:00:00,89,19.3,25.3,131.0,7.5,570.0,26.7,0.0,0,0,0.0,0,8,28,2,1,0,1
2026-01-28 09:00:00,89,20.4,25.7,136.0,6.8,459.0,25.6,0.0,0,0,0.0,0,9,28,2,1,0,1
2026-01-28 10:00:00,89,21.5,26.4,144.0,4.3,459.0,26.2,0.0,0,0,0.0,0,10,28,2,1,0,2
2026-01-28 11:00:00,89,22.5,27.2,150.0,3.2,530.0,27.5,0.0,0,0,0.0,0,11,28,2,1,0,2
2026-01-28 12:00:00,89,16.5,17.1,142.0,11.5,648.0,29.9,0.0,0,0,0.0,0,12,28,2,1,0,2
2026-01-28 13:00:00,90,19.2,20.7,108.0,36.9,841.0,29.6,0.0,0,0,0.0,0,13,28,2,1,0,2
2026-01-28 14:00:00,90,38.8,41.1,60.0,71.7,1080.0,29.2,0.0,0,0,0.0,0,14,28,2,1,0,2
2026-01-28 15:00:00,91,43.8,47.4,25.0,96.7,1247.0,29.4,0.0,0,0,0.0,0,15,28,2,1,0,2
2026-01-28 16:00:00,92,47.6,52.5,13.0,102.7,1293.0,31.4,0.0,0,0,0.0,0,16,28,2,1,0,2
2026-01-28 17:00:00,94,54.4,60.5,14.0,98.9,1266.0,34.0,0.0,0,0,0.0,0,17,28,2,1,0,3
2026-01-28 18:00:00,96,59.8,64.3,15.0,92.8,1194.0,34.3,0.0,0,0,0.0,0,18,28,2,1,0,3
2026-01-28 19:00:00,99,53.8,56.5,14.0,86.8,1065.0,30.2,0.0,0,0,0.0,0,19,28,2,1,0,3
2026-01-28 20:00:00,100,46.0,48.4,13.0,78.7,892.0,23.8,0.0,0,0,0.0,0,20,28,2,1,0,3
2026-01-28 21:00:00,101,39.7,42.1,15.0,69.2,736.0,18.5,0.0,0,0,0.0,0,21,28,2,1,0,0
2026-01-28 22:00:00,101,34.6,37.5,21.0,56.8,585.0,15.6,0.0,0,0,0.0,0,22,28,2,1,0,0
2026-01-28 23:00:00,101,30.9,34.2,29.0,43.1,452.0,13.8,0.0,0,0,0.0,0,23,28,2,1,0,0
2026-01-29 00:00:00,100,28.6,32.0,34.0,34.4,436.0,12.9,0.0,0,0,0.0,0,0,29,3,1,0,0
2026-01-29 01:00:00,99,27.0,30.7,29.0,37.1,655.0,13.1,0.0,0,0,0.0,0,1,29,3,1,0,0
2026-01-29 02:00:00,98,27.9,32.1,24.0,40.5,991.0,13.5,0.0,0,0,0.0,0,2,29,3,1,0,0
2026-01-29 03:00:00,97,32.0,36.4,28.0,40.1,1196.0,14.0,0.0,0,0,0.0,0,3,29,3,1,0,0
2026-01-29 04:00:00,96,32.0,35.5,49.0,32.3,1140.0,14.7,0.0,0,0,0.0,0,4,29,3,1,0,0
2026-01-29 05:00:00,95,22.9,29.2,79.0,20.8,953.0,15.5,0.0,0,0,0.0,0,5,29,3,1,0,0
2026-01-29 06:00:00,94,17.4,35.3,104.0,11.7,772.0,16.1,0.0,0,0,0.0,0,6,29,3,1,0,1
2026-01-29 07:00:00,94,16.3,38.5,118.0,7.5,625.0,16.1,0.0,0,0,0.0,0,7,29,3,1,0,1
2026-01-29 08:00:00,94,16.5,36.8,128.0,5.7,483.0,15.9,0.0,0,0,0.0,0,8,29,3,1,0,1
2026-01-29 09:00:00,94,16.7,34.6,133.0,5.2,402.0,15.7,0.0,0,0,0.0,0,9,29,3,1,0,1
2026-01-29 10:00:00,93,16.7,32.0,136.0,5.0,407.0,15.7,0.0,0,0,0.0,0,10,29,3,1,0,2
2026-01-29 11:00:00,93,16.6,29.6,135.0,6.0,472.0,15.8,0.0,0,0,0.0,0,11,29,3,1,0,2
2026-01-29 12:00:00,92,16.1,28.0,130.0,9.7,573.0,15.4,0.0,0,0,0.0,0,12,29,3,1,0,2
2026-01-29 13:00:00,92,18.5,26.2,110.0,20.2,746.0,15.3,0.0,0,0,0.0,0,13,29,3,1,0,2
2026-01-29 14:00:00,92,24.0,28.6,83.0,34.3,955.0,15.1,0.0,0,0,0.0,0,14,29,3,1,0,2
2026-01-29 15:00:00,91,22.8,25.7,64.0,42.4,1065.0,14.7,0.0,0,0,0.0,0,15,29,3,1,0,2
2026-01-29 16:00:00,90,19.6,21.4,61.0,38.9,991.0,14.0,0.0,0,0,0.0,0,16,29,3,1,0,2
2026-01-29 17:00:00,87,17.2,18.4,65.0,29.5,818.0,13.1,0.0,0,0,0.0,0,17,29,3,1,0,3
2026-01-29 18:00:00,84,16.8,17.5,69.0,21.5,661.0,12.3,0.0,0,0,0.0,0,18,29,3,1,0,3
2026-01-29 19:00:00,81,16.7,17.2,69.0,17.7,559.0,11.7,0.0,0,0,0.0,0,19,29,3,1,0,3
2026-01-29 20:00:00,78,16.5,16.8,68.0,15.3,473.0,11.1,0.0,0,0,0.0,0,20,29,3,1,0,3
2026-01-29 21:00:00,76,16.2,16.5,69.0,13.1,410.0,10.7,0.0,0,0,0.0,0,21,29,3,1,0,0
2026-01-29 22:00:00,74,16.4,16.8,72.0,10.1,356.0,10.4,0.0,0,0,0.0,0,22,29,3,1,0,0
2026-01-29 23:00:00,73,16.8,17.7,77.0,7.4,323.0,10.3,0.0,0,0,0.0,0,23,29,3,1,0,0
2026-01-30 00:00:00,71,18.0,20.0,74.0,8.3,358.0,10.7,0.0,0,0,0.0,0,0,30,4,1,0,0
2026-01-30 01:00:00,71,18.5,21.1,69.0,13.0,529.0,11.3,0.0,0,0,0.0,0,1,30,4,1,0,0
2026-01-30 02:00:00,70,20.6,24.5,63.0,19.4,768.0,12.3,0.0,0,0,0.0,0,2,30,4,1,0,0
2026-01-30 03:00:00,69,24.6,29.6,63.0,22.9,907.0,13.5,0.0,0,0,0.0,0,3,30,4,1,0,0
2026-01-30 04:00:00,69,27.5,32.4,74.0,20.9,852.0,15.3,0.0,0,0,0.0,0,4,30,4,1,0,0
2026-01-30 05:00:00,68,26.4,34.1,92.0,15.9,698.0,17.5,0.0,0,0,0.0,0,5,30,4,1,0,0
2026-01-30 06:00:00,69,19.3,39.1,109.0,11.6,567.0,19.0,0.0,0,0,0.0,0,6,30,4,1,0,1
2026-01-30 07:00:00,69,14.6,34.7,124.0,8.7,496.0,19.3,0.0,0,0,0.0,0,7,30,4,1,0,1
2026-01-30 08:00:00,69,14.9,30.4,137.0,6.4,446.0,18.9,0.0,0,0,0.0,0,8,30,4,1,0,1
2026-01-30 09:00:00,69,16.0,29.3,147.0,5.4,429.0,19.1,0.0,0,0,0.0,0,9,30,4,1,0,1
2026-01-30 10:00:00,68,17.3,29.7,156.0,3.3,445.0,20.6,0.0,0,0,0.0,0,10,30,4,1,0,2
2026-01-30 11:00:00,69,18.5,30.3,161.0,2.4,492.0,22.6,0.0,0,0,0.0,0,11,30,4,1,0,2
2026-01-30 12:00:00,79,17.2,29.2,153.0,10.5,575.0,25.0,0.0,0,0,0.0,0,12,30,4,1,0,2
2026-01-30 13:00:00,96,22.2,33.5,114.0,37.9,703.0,25.3,0.0,0,0,0.0,0,13,30,4,1,0,2
2026-01-30 14:00:00,101,39.8,49.4,60.0,75.3,866.0,25.6,0.0,0,0,0.0,0,14,30,4,1,0,2
2026-01-30 15:00:00,90,42.3,52.0,20.0,101.0,1047.0,25.8,0.0,0,0,0.0,0,15,30,4,1,0,2
2026-01-30 16:00:00,72,41.3,50.5,10.0,104.0,1298.0,25.8,0.0,0,0,0.0,0,16,30,4,1,0,2
2026-01-30 17:00:00,74,42.6,50.1,14.0,95.4,1565.0,25.7,0.0,0,0,0.0,0,17,30,4,1,0,3
2026-01-30 18:00:00,76,47.0,51.5,18.0,86.5,1669.0,24.7,0.0,0,0,0.0,0,18,30,4,1,0,3
2026-01-30 19:00:00,78,46.1,48.4,17.0,81.7,1478.0,22.3,0.0,0,0,0.0,0,19,30,4,1,0,3
2026-01-30 20:00:00,80,43.1,44.2,17.0,76.5,1123.0,19.2,0.0,0,0,0.0,0,20,30,4,1,0,3
2026-01-30 21:00:00,82,39.3,40.0,19.0,69.3,817.0,16.6,0.0,0,0,0.0,0,21,30,4,1,0,0
2026-01-30 22:00:00,84,37.4,38.1,25.0,57.0,600.0,14.9,0.0,0,0,0.0,0,22,30,4,1,0,0
2026-01-30 23:00:00,86,36.1,36.8,34.0,42.5,432.0,13.7,0.0,0,0,0.0,0,23,30,4,1,0,0
2026-01-31 00:00:00,87,35.7,36.6,33.0,36.3,401.0,12.9,0.0,0,0,0.0,0,0,31,5,1,1,0
2026-01-31 01:00:00,89,35.6,36.7,27.0,39.5,621.0,13.5,0.0,0,0,0.0,0,1,31,5,1,1,0
2026-01-31 02:00:00,90,38.2,39.5,20.0,43.5,978.0,14.6,0.0,0,0,0.0,0,2,31,5,1,1,0
2026-01-31 03:00:00,91,44.1,45.5,25.0,43.7,1220.0,17.2,0.0,0,0,0.0,0,3,31,5,1,1,0
2026-01-31 04:00:00,93,46.1,47.8,52.0,36.5,1231.0,22.7,0.0,0,0,0.0,0,4,31,5,1,1,0
2026-01-31 05:00:00,94,38.9,42.1,91.0,25.4,1125.0,29.8,0.0,0,0,0.0,0,5,31,5,1,1,0
2026-01-31 06:00:00,95,29.6,33.6,124.0,16.5,997.0,34.9,0.0,0,0,0.0,0,6,31,5,1,1,1
2026-01-31 07:00:00,96,27.5,33.9,144.0,11.9,858.0,36.3,0.0,0,0,0.0,0,7,31,5,1,1,1
2026-01-31 08:00:00,97,27.8,37.1,157.0,9.5,695.0,35.8,0.0,0,0,0.0,0,8,31,5,1,1,1
2026-01-31 09:00:00,98,29.7,41.3,167.0,8.4,565.0,35.4,0.0,0,0,0.0,0,9,31,5,1,1,1
2026-01-31 10:00:00,99,31.7,44.6,176.0,8.2,469.0,36.3,0.0,0,0,0.0,0,10,31,5,1,1,2
2026-01-31 11:00:00,101,32.7,46.3,181.0,9.3,407.0,37.2,0.0,0,0,0.0,0,11,31,5,1,1,2
2026-01-31 12:00:00,102,25.3,37.5,173.0,11.5,429.0,33.9,0.0,0,0,0.0,0,12,31,5,1,1,2
2026-01-31 13:00:00,125,27.4,38.9,148.0,18.9,602.0,30.5,0.0,0,0,0.0,0,13,31,5,1,1,2
2026-01-31 14:00:00,137,31.9,41.6,113.0,29.2,860.0,25.7,0.0,0,0,0.0,0,14,31,5,1,1,2
2026-01-31 15:00:00,134,31.7,42.6,85.0,36.7,1057.0,21.6,0.0,0,0,0.0,0,15,31,5,1,1,2
2026-01-31 16:00:00,122,31.7,44.9,70.0,38.7,1141.0,19.1,0.0,0,0,0.0,0,16,31,5,1,1,2
2026-01-31 17:00:00,103,32.9,47.8,61.0,38.0,1165.0,17.3,0.0,0,0,0.0,0,17,31,5,1,1,3
2026-01-31 18:00:00,100,35.2,50.6,54.0,37.2,1138.0,15.8,0.0,0,0,0.0,0,18,31,5,1,1,3
2026-01-31 19:00:00,99,36.4,51.3,46.0,37.6,1046.0,14.4,0.0,0,0,0.0,0,19,31,5,1,1,3
2026-01-31 20:00:00,98,36.8,50.4,38.0,37.9,903.0,13.2,0.0,0,0,0.0,0,20,31,5,1,1,3
2026-01-31 21:00:00,97,36.3,48.9,33.0,37.3,763.0,12.4,0.0,0,0,0.0,0,21,31,5,1,1,0
2026-01-31 22:00:00,97,36.1,47.8,31.0,34.2,595.0,11.8,0.0,0,0,0.0,0,22,31,5,1,1,0
2026-01-31 23:00:00,97,35.5,47.3,31.0,30.0,429.0,11.5,0.0,0,0,0.0,0,23,31,5,1,1,0
2026-02-01 00:00:00,97,33.6,46.4,26.0,28.6,407.0,11.0,0.0,0,0,0.0,0,0,1,6,2,1,0
2026-02-01 01:00:00,97,33.9,45.1,20.0,34.2,673.0,12.3,0.0,0,0,0.0,0,1,1,6,2,1,0
2026-02-01 02:00:00,97,36.3,48.1,13.0,41.5,1084.0,14.3,0.0,0,0,0.0,0,2,1,6,2,1,0
2026-02-01 03:00:00,97,43.5,55.9,16.0,44.1,1353.0,16.6,0.0,0,0,0.0,0,3,1,6,2,1,0
2026-02-01 04:00:00,97,41.0,55.8,39.0,37.8,1331.0,19.8,0.0,0,0,0.0,0,4,1,6,2,1,0
2026-02-01 05:00:00,96,31.9,61.2,72.0,26.9,1167.0,23.5,0.0,0,0,0.0,0,5,1,6,2,1,0
2026-02-01 06:00:00,96,27.4,63.6,101.0,17.7,1016.0,25.8,0.0,0,0,0.0,0,6,1,6,2,1,1
2026-02-01 07:00:00,95,25.1,61.0,121.0,12.2,940.0,25.6,0.0,0,0,0.0,0,7,1,6,2,1,1
2026-02-01 08:00:00,95,23.4,56.7,138.0,8.4,877.0,24.0,0.0,0,0,0.0,0,8,1,6,2,1,1
2026-02-01 09:00:00,95,22.6,52.9,148.0,6.5,802.0,23.0,0.0,0,0,0.0,0,9,1,6,2,1,1
2026-02-01 10:00:00,94,23.7,51.6,153.0,6.4,671.0,23.7,0.0,0,0,0.0,0,10,1,6,2,1,2
2026-02-01 11:00:00,94,24.7,51.1,153.0,8.3,526.0,24.9,0.0,0,0,0.0,0,11,1,6,2,1,2
2026-02-01 12:00:00,93,27.6,55.2,151.0,11.2,472.0,26.8,0.0,0,0,0.0,0,12,1,6,2,1,2
2026-02-01 13:00:00,93,27.8,49.0,125.0,19.6,584.0,24.1,0.0,0,0,0.0,0,13,1,6,2,1,2
2026-02-01 14:00:00,98,29.3,44.9,90.0,31.3,785.0,20.4,0.0,0,0,0.0,0,14,1,6,2,1,2
2026-02-01 15:00:00,96,27.5,42.0,61.0,40.5,953.0,17.6,0.0,0,0,0.0,0,15,1,6,2,1,2
2026-02-01 16:00:00,93,27.7,42.1,46.0,44.8,1062.0,16.6,0.0,0,0,0.0,0,16,1,6,2,1,2
2026-02-01 17:00:00,92,29.2,43.1,39.0,46.7,1137.0,16.4,0.0,0,0,0.0,0,17,1,6,2,1,3
2026-02-01 18:00:00,92,32.1,44.7,33.0,47.6,1127.0,16.1,0.0,0,0,0.0,0,18,1,6,2,1,3
2026-02-01 19:00:00,92,34.7,45.9,27.0,48.1,968.0,15.2,0.0,0,0,0.0,0,19,1,6,2,1,3
2026-02-01 20:00:00,92,35.0,45.2,24.0,47.6,724.0,14.2,0.0,0,0,0.0,0,20,1,6,2,1,3
2026-02-01 21:00:00,92,34.5,43.8,22.0,45.8,536.0,13.3,0.0,0,0,0.0,0,21,1,6,2,1,0
2026-02-01 22:00:00,92,34.2,42.5,22.0,41.4,444.0,12.5,0.0,0,0,0.0,0,22,1,6,2,1,0
2026-02-01 23:00:00,91,35.0,42.7,24.0,35.7,409.0,12.0,0.0,0,0,0.0,0,23,1,6,2,1,0
2026-02-02 00:00:00,91,35.6,42.8,24.0,34.3,453.0,12.0,0.0,0,0,0.0,0,0,2,0,2,0,0
2026-02-02 01:00:00,91,35.4,42.7,24.0,36.1,652.0,12.9,0.0,0,0,0.0,0,1,2,0,2,0,0
2026-02-02 02:00:00,92,37.3,45.3,25.0,38.4,930.0,14.2,0.0,0,0,0.0,0,2,2,0,2,0,0
2026-02-02 03:00:00,92,42.3,51.8,33.0,37.6,1085.0,15.4,0.0,0,0,0.0,0,3,2,0,2,0,0
2026-02-02 04:00:00,92,44.7,54.1,56.0,31.3,997.0,16.8,0.0,0,0,0.0,0,4,2,0,2,0,0
2026-02-02 05:00:00,92,43.0,61.7,87.0,22.0,786.0,18.1,0.0,0,0,0.0,0,5,2,0,2,0,0
2026-02-02 06:00:00,93,38.1,62.9,111.0,14.2,605.0,18.5,0.0,0,0,0.0,0,6,2,0,2,0,1
2026-02-02 07:00:00,94,29.7,60.5,123.0,9.4,499.0,17.0,0.0,0,0,0.0,0,7,2,0,2,0,1
2026-02-02 08:00:00,94,24.7,55.5,128.0,6.1,424.0,14.6,0.0,0,0,0.0,0,8,2,0,2,0,1
2026-02-02 09:00:00,94,23.6,53.6,131.0,4.4,399.0,13.1,0.0,0,0,0.0,0,9,2,0,2,0,1
2026-02-02 10:00:00,94,23.5,52.6,136.0,2.0,429.0,13.3,0.0,0,0,0.0,0,10,2,0,2,0,2
2026-02-02 11:00:00,94,23.7,52.0,138.0,1.2,509.0,14.4,0.0,0,0,0.0,0,11,2,0,2,0,2
2026-02-02 12:00:00,94,24.9,47.7,124.0,8.6,648.0,14.6,0.0,0,0,0.0,0,12,2,0,2,0,2
2026-02-02 13:00:00,94,29.9,48.0,94.0,34.4,897.0,19.5,0.0,0,0,0.0,0,13,2,0,2,0,2
2026-02-02 14:00:00,94,54.5,71.2,54.0,69.4,1204.0,26.1,0.0,0,0,0.0,0,14,2,0,2,0,2
2026-02-02 15:00:00,96,63.1,78.9,24.0,92.1,1421.0,29.7,0.0,0,0,0.0,0,15,2,0,2,0,2
2026-02-02 16:00:00,99,58.9,73.1,16.0,90.8,1493.0,27.5,0.0,0,0,0.0,0,16,2,0,2,0,2
2026-02-02 17:00:00,102,49.2,60.5,18.0,77.2,1476.0,22.4,0.0,0,0,0.0,0,17,2,0,2,0,3
2026-02-02 18:00:00,104,43.8,54.4,22.0,64.0,1387.0,17.8,0.0,0,0,0.0,0,18,2,0,2,0,3
2026-02-02 19:00:00,105,42.4,53.3,24.0,55.6,1192.0,15.0,0.0,0,0,0.0,0,19,2,0,2,0,3
2026-02-02 20:00:00,106,41.2,52.9,26.0,47.7,926.0,12.8,0.0,0,0,0.0,0,20,2,0,2,0,3
2026-02-02 21:00:00,106,39.9,51.9,30.0,40.1,711.0,11.2,0.0,0,0,0.0,0,21,2,0,2,0,0
2026-02-02 22:00:00,107,38.8,51.2,35.0,31.5,573.0,10.3,0.0,0,0,0.0,0,22,2,0,2,0,0
2026-02-02 23:00:00,107,37.7,50.4,41.0,23.2,486.0,9.9,0.0,0,0,0.0,0,23,2,0,2,0,0
2026-02-03 00:00:00,108,37.7,51.0,45.0,18.4,499.0,9.7,0.0,0,0,0.0,0,0,3,1,2,0,0
2026-02-03 01:00:00,108,38.1,51.8,43.0,22.4,698.0,10.5,0.0,0,0,0.0,0,1,3,1,2,0,0
2026-02-03 02:00:00,108,41.0,54.2,41.0,27.7,996.0,11.6,0.0,0,0,0.0,0,2,3,1,2,0,0
2026-02-03 03:00:00,109,46.7,59.3,46.0,30.0,1180.0,12.8,0.0,0,0,0.0,0,3,3,1,2,0,0
2026-02-03 04:00:00,109,50.6,61.5,63.0,26.5,1142.0,14.5,0.0,0,0,0.0,0,4,3,1,2,0,0
2026-02-03 05:00:00,110,50.4,67.5,87.0,19.9,990.0,16.2,0.0,0,0,0.0,0,5,3,1,2,0,0
2026-02-03 06:00:00,110,45.2,81.7,107.0,14.0,834.0,17.0,0.0,0,0,0.0,0,6,3,1,2,0,1
2026-02-03 07:00:00,111,36.4,88.0,118.0,9.8,685.0,15.8,0.0,0,0,0.0,0,7,3,1,2,0,1
2026-02-03 08:00:00,112,30.0,74.0,124.0,6.4,532.0,13.5,0.0,0,0,0.0,0,8,3,1,2,0,1
2026-02-03 09:00:00,112,26.8,64.7,127.0,4.5,453.0,12.0,0.0,0,0,0.0,0,9,3,1,2,0,1
2026-02-03 10:00:00,113,25.2,59.4,131.0,1.3,492.0,11.7,0.0,0,0,0.0,0,10,3,1,2,0,2
2026-02-03 11:00:00,113,24.6,56.3,132.0,0.0,605.0,12.2,0.0,0,0,0.0,0,11,3,1,2,0,2
2026-02-03 12:00:00,113,23.1,50.4,123.0,8.7,736.0,13.4,0.0,0,0,0.0,0,12,3,1,2,0,2
2026-02-03 13:00:00,113,30.6,54.0,92.0,38.4,881.0,17.1,0.0,0,0,0.0,0,13,3,1,2,0,2
2026-02-03 14:00:00,113,56.8,77.8,50.0,79.1,1044.0,22.3,0.0,0,0,0.0,0,14,3,1,2,0,2
2026-02-03 15:00:00,113,68.5,87.8,19.0,107.5,1180.0,26.9,0.0,0,0,0.0,0,15,3,1,2,0,2
2026-02-03 16:00:00,114,75.9,96.4,10.0,112.6,1299.0,30.9,0.0,0,0,0.0,0,16,3,1,2,0,2
2026-02-03 17:00:00,115,79.9,100.4,13.0,105.5,1391.0,34.3,0.0,0,0,0.0,0,17,3,1,2,0,3
2026-02-03 18:00:00,119,75.2,88.9,16.0,96.3,1386.0,34.7,0.0,0,0,0.0,0,18,3,1,2,0,3
2026-02-03 19:00:00,122,65.4,76.4,15.0,88.2,1215.0,29.9,0.0,0,0,0.0,0,19,3,1,2,0,3
2026-02-03 20:00:00,124,54.7,65.7,15.0,77.9,948.0,22.1,0.0,0,0,0.0,0,20,3,1,2,0,3
2026-02-03 21:00:00,126,45.5,56.7,18.0,66.1,722.0,15.7,0.0,0,0,0.0,0,21,3,1,2,0,0
2026-02-03 22:00:00,126,38.3,49.6,28.0,50.7,564.0,12.4,0.0,0,0,0.0,0,22,3,1,2,0,0
2026-02-03 23:00:00,126,33.3,44.0,42.0,33.8,448.0,10.4,0.0,0,0,0.0,0,23,3,1,2,0,0
2026-02-04 00:00:00,126,30.5,40.4,49.0,22.5,430.0,9.1,0.0,0,0,0.0,0,0,4,2,2,0,0
2026-02-04 01:00:00,125,28.7,38.1,47.0,24.6,599.0,9.8,0.0,0,0,0.0,0,1,4,2,2,0,0
2026-02-04 02:00:00,124,29.7,38.8,45.0,27.4,866.0,10.7,0.0,0,0,0.0,0,2,4,2,2,0,0
2026-02-04 03:00:00,123,33.3,42.1,50.0,27.5,1019.0,11.6,0.0,0,0,0.0,0,3,4,2,2,0,0
2026-02-04 04:00:00,122,36.6,44.0,66.0,22.7,943.0,12.5,0.0,0,0,0.0,0,4,4,2,2,0,0
2026-02-04 05:00:00,120,36.2,48.9,88.0,15.4,753.0,13.3,0.0,0,0,0.0,0,5,4,2,2,0,0
2026-02-04 06:00:00,119,30.0,49.7,107.0,9.5,587.0,13.6,0.0,0,0,0.0,0,6,4,2,2,0,1
2026-02-04 07:00:00,117,22.4,43.0,119.0,6.4,485.0,13.0,0.0,0,0,0.0,0,7,4,2,2,0,1
2026-02-04 08:00:00,116,18.3,35.9,128.0,4.6,406.0,11.9,0.0,0,0,0.0,0,8,4,2,2,0,1
2026-02-04 09:00:00,114,17.2,32.5,133.0,3.8,362.0,11.0,0.0,0,0,0.0,0,9,4,2,2,0,1
2026-02-04 10:00:00,113,16.8,30.4,135.0,3.7,357.0,10.6,0.0,0,0,0.0,0,10,4,2,2,0,2
2026-02-04 11:00:00,112,16.5,28.8,133.0,4.7,387.0,10.3,0.0,0,0,0.0,0,11,4,2,2,0,2
2026-02-04 12:00:00,112,16.9,29.2,124.0,7.2,450.0,10.4,0.0,0,0,0.0,0,12,4,2,2,0,2
2026-02-04 13:00:00,111,18.0,26.3,110.0,13.6,579.0,10.6,0.0,0,0,0.0,0,13,4,2,2,0,2
2026-02-04 14:00:00,110,21.6,28.2,91.0,22.3,741.0,10.8,0.0,0,0,0.0,0,14,4,2,2,0,2
2026-02-04 15:00:00,106,22.5,28.6,77.0,27.8,831.0,10.9,0.0,0,0,0.0,0,15,4,2,2,0,2
2026-02-04 16:00:00,101,22.6,28.8,71.0,27.4,790.0,10.8,0.0,0,0,0.0,0,16,4,2,2,0,2
2026-02-04 17:00:00,97,23.5,29.7,70.0,23.9,677.0,10.5,0.0,0,0,0.0,0,17,4,2,2,0,3
2026-02-04 18:00:00,92,25.1,31.3,70.0,20.2,572.0,10.4,0.0,0,0,0.0,0,18,4,2,2,0,3
2026-02-04 19:00:00,88,28.1,34.1,72.0,17.0,497.0,10.4,0.0,0,0,0.0,0,19,4,2,2,0,3
2026-02-04 20:00:00,85,32.9,38.9,76.0,13.5,429.0,10.6,0.0,0,0,0.0,0,20,4,2,2,0,3
2026-02-04 21:00:00,84,39.1,44.9,80.0,10.5,382.0,11.0,0.0,0,0,0.0,0,21,4,2,2,0,0
2026-02-04 22:00:00,83,43.7,49.6,85.0,7.7,349.0,11.8,0.0,0,0,0.0,0,22,4,2,2,0,0
2026-02-04 23:00:00,84,44.4,51.2,89.0,5.3,337.0,12.9,0.0,0,0,0.0,0,23,4,2,2,0,0
2026-02-05 00:00:00,84,41.4,52.2,89.0,5.2,375.0,13.7,0.0,0,0,0.0,0,0,5,3,2,0,0
2026-02-05 01:00:00,85,37.8,51.6,81.0,9.4,515.0,13.7,0.0,0,0,0.0,0,1,5,3,2,0,0
2026-02-05 02:00:00,86,36.0,50.5,70.0,15.1,705.0,13.8,0.0,0,0,0.0,0,2,5,3,2,0,0
2026-02-05 03:00:00,87,36.1,48.1,66.0,18.3,817.0,14.0,0.0,0,0,0.0,0,3,5,3,2,0,0
2026-02-05 04:00:00,87,36.6,45.3,76.0,16.5,779.0,14.5,0.0,0,0,0.0,0,4,5,3,2,0,0
2026-02-05 05:00:00,87,31.3,41.0,94.0,12.3,664.0,15.0,0.0,0,0,0.0,0,5,5,3,2,0,0
2026-02-05 06:00:00,86,24.6,33.4,110.0,8.6,564.0,15.3,0.0,0,0,0.0,0,6,5,3,2,0,1
2026-02-05 07:00:00,86,22.0,28.6,123.0,6.5,505.0,14.9,0.0,0,0,0.0,0,7,5,3,2,0,1
2026-02-05 08:00:00,86,21.6,26.6,134.0,5.1,460.0,14.3,0.0,0,0,0.0,0,8,5,3,2,0,1
2026-02-05 09:00:00,86,21.4,25.3,142.0,4.6,441.0,14.0,0.0,0,0,0.0,0,9,5,3,2,0,1
2026-02-05 10:00:00,87,21.9,25.6,148.0,2.1,390.0,13.9,0.0,0,0,0.0,0,10,5,3,2,0,2
2026-02-05 11:00:00,87,22.6,26.2,150.0,0.4,365.0,14.1,0.0,0,0,0.0,0,11,5,3,2,0,2
2026-02-05 12:00:00,87,21.7,24.6,140.0,9.1,554.0,17.9,0.0,0,0,0.0,0,12,5,3,2,0,2
2026-02-05 13:00:00,88,31.2,34.1,105.0,40.5,1223.0,22.9,0.0,0,0,0.0,0,13,5,3,2,0,2
2026-02-05 14:00:00,90,57.3,60.3,56.0,83.4,2106.0,29.9,0.0,0,0,0.0,0,14,5,3,2,0,2
2026-02-05 15:00:00,92,71.5,74.5,20.0,112.9,2589.0,35.5,0.0,0,0,0.0,0,15,5,3,2,0,2
2026-02-05 16:00:00,95,79.2,82.4,10.0,116.6,2290.0,39.4,0.0,0,0,0.0,0,16,5,3,2,0,2
2026-02-05 17:00:00,100,79.6,82.4,14.0,106.8,1592.0,41.9,0.0,0,0,0.0,0,17,5,3,2,0,3
2026-02-05 18:00:00,106,69.6,71.9,18.0,96.1,1020.0,41.1,0.0,0,0,0.0,0,18,5,3,2,0,3
2026-02-05 19:00:00,110,56.3,58.2,18.0,88.5,785.0,34.5,0.0,0,0,0.0,0,19,5,3,2,0,3
2026-02-05 20:00:00,113,44.1,46.4,18.0,80.0,678.0,24.7,0.0,0,0,0.0,0,20,5,3,2,0,3
2026-02-05 21:00:00,114,35.9,38.4,20.0,70.2,598.0,16.9,0.0,0,0,0.0,0,21,5,3,2,0,0
2026-02-05 22:00:00,114,30.3,32.9,27.0,56.9,484.0,13.3,0.0,0,0,0.0,0,22,5,3,2,0,0
2026-02-05 23:00:00,113,26.5,29.0,35.0,42.5,397.0,11.8,0.0,0,0,0.0,0,23,5,3,2,0,0
2026-02-06 00:00:00,111,25.6,28.0,32.0,39.9,420.0,11.5,0.0,0,0,0.0,0,0,6,4,2,0,0
2026-02-06 01:00:00,109,23.9,26.1,26.0,42.6,646.0,12.0,0.0,0,0,0.0,0,1,6,4,2,0,0
2026-02-06 02:00:00,108,25.6,27.4,18.0,45.9,981.0,13.0,0.0,0,0,0.0,0,2,6,4,2,0,0
2026-02-06 03:00:00,107,32.6,34.1,23.0,45.9,1226.0,15.6,0.0,0,0,0.0,0,3,6,4,2,0,0
2026-02-06 04:00:00,106,35.3,36.6,49.0,39.8,1309.0,21.7,0.0,0,0,0.0,0,4,6,4,2,0,0
2026-02-06 05:00:00,106,32.5,34.3,88.0,30.3,1301.0,29.5,0.0,0,0,0.0,0,5,6,4,2,0,0
2026-02-06 06:00:00,106,24.0,27.2,121.0,22.0,1223.0,34.8,0.0,0,0,0.0,0,6,6,4,2,0,1
2026-02-06 07:00:00,106,23.2,27.0,145.0,15.9,1036.0,35.5,0.0,0,0,0.0,0,7,6,4,2,0,1
2026-02-06 08:00:00,106,24.2,29.0,164.0,10.8,778.0,33.7,0.0,0,0,0.0,0,8,6,4,2,0,1
2026-02-06 09:00:00,107,26.5,32.4,176.0,7.9,582.0,32.0,0.0,0,0,0.0,0,9,6,4,2,0,1
2026-02-06 10:00:00,107,28.4,35.9,181.0,7.2,486.0,31.7,0.0,0,0,0.0,0,10,6,4,2,0,2
2026-02-06 11:00:00,108,29.3,37.3,180.0,8.6,453.0,31.6,0.0,0,0,0.0,0,11,6,4,2,0,2
2026-02-06 12:00:00,109,34.2,43.2,177.0,12.1,505.0,32.7,0.0,0,0,0.0,0,12,6,4,2,0,2
2026-02-06 13:00:00,129,38.2,43.9,147.0,22.6,721.0,29.4,0.0,0,0,0.0,0,13,6,4,2,0,2
2026-02-06 14:00:00,141,40.6,44.8,104.0,36.9,1022.0,24.8,0.0,0,0,0.0,0,14,6,4,2,0,2
2026-02-06 15:00:00,138,38.6,42.1,73.0,46.0,1197.0,20.8,0.0,0,0,0.0,0,15,6,4,2,0,2
2026-02-06 16:00:00,122,35.9,39.3,62.0,45.2,1129.0,18.2,0.0,0,0,0.0,0,16,6,4,2,0,2
2026-02-06 17:00:00,101,33.6,37.6,63.0,39.4,935.0,16.2,0.0,0,0,0.0,0,17,6,4,2,0,3
2026-02-06 18:00:00,97,33.1,37.5,64.0,33.7,753.0,14.5,0.0,0,0,0.0,0,18,6,4,2,0,3
2026-02-06 19:00:00,94,33.8,38.5,64.0,30.2,624.0,13.0,0.0,0,0,0.0,0,19,6,4,2,0,3
2026-02-06 20:00:00,92,34.3,39.3,66.0,27.0,507.0,11.9,0.0,0,0,0.0,0,20,6,4,2,0,3
2026-02-06 21:00:00,92,33.6,38.4,68.0,23.5,424.0,11.0,0.0,0,0,0.0,0,21,6,4,2,0,0
2026-02-06 22:00:00,91,32.0,36.4,74.0,17.6,333.0,10.1,0.0,0,0,0.0,0,22,6,4,2,0,0
2026-02-06 23:00:00,92,30.4,34.3,80.0,11.5,276.0,9.5,0.0,0,0,0.0,0,23,6,4,2,0,0
2026-02-07 00:00:00,92,30.6,34.8,73.0,12.8,400.0,10.1,0.0,0,0,0.0,0,0,7,5,2,1,0
2026-02-07 01:00:00,92,31.9,36.6,55.0,27.2,913.0,13.0,0.0,0,0,0.0,0,1,7,5,2,1,0
2026-02-07 02:00:00,93,38.3,43.8,31.0,46.5,1606.0,17.1,0.0,0,0,0.0,0,2,7,5,2,1,0
2026-02-07 03:00:00,94,53.3,60.1,23.0,57.1,2008.0,20.8,0.0,0,0,0.0,0,3,7,5,2,1,0
2026-02-07 04:00:00,96,55.6,61.5,44.0,50.8,1836.0,23.7,0.0,0,0,0.0,0,4,7,5,2,1,0
2026-02-07 05:00:00,97,39.5,54.7,80.0,35.7,1372.0,26.3,0.0,0,0,0.0,0,5,7,5,2,1,0
2026-02-07 06:00:00,98,35.6,58.1,111.0,22.7,986.0,28.1,0.0,0,0,0.0,0,6,7,5,2,1,1
2026-02-07 07:00:00,99,32.1,58.0,130.0,15.1,818.0,29.2,0.0,0,0,0.0,0,7,7,5,2,1,1
2026-02-07 08:00:00,99,29.1,55.8,143.0,9.5,728.0,29.5,0.0,0,0,0.0,0,8,7,5,2,1,1
2026-02-07 09:00:00,100,28.3,53.2,149.0,6.9,661.0,29.1,0.0,0,0,0.0,0,9,7,5,2,1,1
2026-02-07 10:00:00,100,28.6,51.9,148.0,7.6,589.0,27.7,0.0,0,0,0.0,0,10,7,5,2,1,2
2026-02-07 11:00:00,100,29.7,52.2,140.0,11.2,540.0,25.4,0.0,0,0,0.0,0,11,7,5,2,1,2
2026-02-07 12:00:00,100,32.8,50.2,140.0,16.1,544.0,27.2,0.0,0,0,0.0,0,12,7,5,2,1,2
2026-02-07 13:00:00,100,36.2,49.4,115.0,25.6,613.0,24.6,0.0,0,0,0.0,0,13,7,5,2,1,2
2026-02-07 14:00:00,100,39.3,50.3,80.0,38.9,734.0,20.9,0.0,0,0,0.0,0,14,7,5,2,1,2
2026-02-07 15:00:00,100,39.0,50.5,51.0,50.2,900.0,18.5,0.0,0,0,0.0,0,15,7,5,2,1,2
2026-02-07 16:00:00,100,38.9,51.2,36.0,57.3,1163.0,18.4,0.0,0,0,0.0,0,16,7,5,2,1,2
2026-02-07 17:00:00,100,41.6,53.9,27.0,62.2,1471.0,19.5,0.0,0,0,0.0,0,17,7,5,2,1,3
2026-02-07 18:00:00,101,48.2,60.1,20.0,65.7,1663.0,20.3,0.0,0,0,0.0,0,18,7,5,2,1,3
2026-02-07 19:00:00,102,56.1,66.8,13.0,67.9,1661.0,20.1,0.0,0,0,0.0,0,19,7,5,2,1,3
2026-02-07 20:00:00,104,60.3,69.8,8.0,68.6,1542.0,19.6,0.0,0,0,0.0,0,20,7,5,2,1,3
2026-02-07 21:00:00,107,61.5,71.2,5.0,67.4,1376.0,18.9,0.0,0,0,0.0,0,21,7,5,2,1,0
2026-02-07 22:00:00,110,61.9,72.2,4.0,63.1,1117.0,17.6,0.0,0,0,0.0,0,22,7,5,2,1,0
2026-02-07 23:00:00,113,61.2,71.5,5.0,56.9,810.0,16.2,0.0,0,0,0.0,0,23,7,5,2,1,0
2026-02-08 00:00:00,116,57.9,66.6,6.0,51.6,658.0,15.0,0.0,0,0,0.0,0,0,8,6,2,1,0
2026-02-08 01:00:00,119,56.5,64.3,3.0,49.2,818.0,15.1,0.0,0,0,0.0,0,1,8,6,2,1,0
2026-02-08 02:00:00,122,58.7,65.9,0.0,45.8,1132.0,15.6,0.0,0,0,0.0,0,2,8,6,2,1,0
2026-02-08 03:00:00,124,68.0,74.5,10.0,42.4,1331.0,18.4,0.0,0,0,0.0,0,3,8,6,2,1,0
2026-02-08 04:00:00,125,65.0,73.8,42.0,39.8,1279.0,25.7,0.0,0,0,0.0,0,4,8,6,2,1,0
2026-02-08 05:00:00,126,51.9,68.0,87.0,37.2,1111.0,35.2,0.0,0,0,0.0,0,5,8,6,2,1,0
2026-02-08 06:00:00,128,47.8,67.1,124.0,33.2,970.0,42.0,0.0,0,0,0.0,0,6,8,6,2,1,1
2026-02-08 07:00:00,129,45.8,65.9,148.0,25.7,916.0,44.1,0.0,0,0,0.0,0,7,8,6,2,1,1
2026-02-08 08:00:00,130,44.0,64.5,166.0,16.8,887.0,43.5,0.0,0,0,0.0,0,8,8,6,2,1,1
2026-02-08 09:00:00,132,40.2,60.8,174.0,10.9,842.0,41.6,0.0,0,0,0.0,0,9,8,6,2,1,1
2026-02-08 10:00:00,133,35.3,54.6,172.0,9.4,736.0,38.5,0.0,0,0,0.0,0,10,8,6,2,1,2
2026-02-08 11:00:00,134,36.0,53.6,161.0,10.9,614.0,34.1,0.0,0,0,0.0,0,11,8,6,2,1,2
2026-02-08 12:00:00,135,36.7,53.8,154.0,14.5,567.0,30.2,0.0,0,0,0.0,0,12,8,6,2,1,2
2026-02-08 13:00:00,135,38.8,52.6,125.0,25.4,676.0,27.8,0.0,0,0,0.0,0,13,8,6,2,1,2
2026-02-08 14:00:00,135,40.9,52.3,85.0,40.2,860.0,24.3,0.0,0,0,0.0,0,14,8,6,2,1,2
2026-02-08 15:00:00,135,39.9,51.6,55.0,49.9,964.0,21.2,0.0,0,0,0.0,0,15,8,6,2,1,2
2026-02-08 16:00:00,136,38.1,49.8,44.0,49.9,907.0,18.8,0.0,0,0,0.0,0,16,8,6,2,1,2
2026-02-08 17:00:00,135,35.7,47.8,43.0,44.9,770.0,16.7,0.0,0,0,0.0,0,17,8,6,2,1,3
2026-02-08 18:00:00,135,34.3,47.0,44.0,39.1,636.0,14.7,0.0,0,0,0.0,0,18,8,6,2,1,3
2026-02-08 19:00:00,133,33.5,46.9,45.0,33.6,526.0,12.5,0.0,0,0,0.0,0,19,8,6,2,1,3
2026-02-08 20:00:00,131,32.4,46.8,49.0,27.4,419.0,10.5,0.0,0,0,0.0,0,20,8,6,2,1,3
2026-02-08 21:00:00,128,32.1,48.5,51.0,22.2,336.0,8.9,0.0,0,0,0.0,0,21,8,6,2,1,0
2026-02-08 22:00:00,125,32.8,53.6,53.0,17.4,260.0,8.0,0.0,0,0,0.0,0,22,8,6,2,1,0
2026-02-08 23:00:00,122,32.5,55.3,54.0,13.6,209.0,7.5,0.0,0,0,0.0,0,23,8,6,2,1,0
2026-02-09 00:00:00,119,34.6,61.2,50.0,14.0,257.0,7.4,0.0,0,0,0.0,0,0,9,0,2,0,0
2026-02-09 01:00:00,117,34.8,60.5,40.0,21.5,522.0,7.8,0.0,0,0,0.0,0,1,9,0,2,0,0
2026-02-09 02:00:00,114,38.8,65.7,27.0,31.4,887.0,8.5,0.0,0,0,0.0,0,2,9,0,2,0,0
2026-02-09 03:00:00,112,47.6,75.0,24.0,35.9,1071.0,9.7,0.0,0,0,0.0,0,3,9,0,2,0,0
2026-02-09 04:00:00,110,46.6,77.1,41.0,30.0,891.0,12.2,0.0,0,0,0.0,0,4,9,0,2,0,0
2026-02-09 05:00:00,108,37.4,79.2,67.0,18.7,531.0,15.2,0.0,0,0,0.0,0,5,9,0,2,0,0
2026-02-09 06:00:00,107,34.1,74.7,89.0,9.7,260.0,17.1,0.0,0,0,0.0,0,6,9,0,2,0,1
2026-02-09 07:00:00,105,31.2,67.5,100.0,6.0,196.0,16.9,0.0,0,0,0.0,0,7,9,0,2,0,1
2026-02-09 08:00:00,104,28.4,64.3,106.0,4.5,221.0,15.7,0.0,0,0,0.0,0,8,9,0,2,0,1
2026-02-09 09:00:00,102,26.2,60.3,107.0,4.2,254.0,14.7,0.0,0,0,0.0,0,9,9,0,2,0,1
2026-02-09 10:00:00,101,24.7,58.2,104.0,4.0,263.0,14.6,0.0,0,0,0.0,0,10,9,0,2,0,2
2026-02-09 11:00:00,100,24.4,58.0,97.0,4.8,281.0,14.8,0.0,0,0,0.0,0,11,9,0,2,0,2
2026-02-09 12:00:00,99,23.9,57.6,87.0,8.1,317.0,13.5,0.0,0,0,0.0,0,12,9,0,2,0,2
2026-02-09 13:00:00,98,25.8,57.0,75.0,15.7,397.0,13.5,0.0,0,0,0.0,0,13,9,0,2,0,2
2026-02-09 14:00:00,97,28.9,53.9,59.0,26.1,495.0,13.5,0.0,0,0,0.0,0,14,9,0,2,0,2
2026-02-09 15:00:00,96,30.9,56.0,48.0,32.7,554.0,13.3,0.0,0,0,0.0,0,15,9,0,2,0,2
2026-02-09 16:00:00,95,31.4,56.2,48.0,32.2,537.0,12.7,0.0,0,0,0.0,0,16,9,0,2,0,2
2026-02-09 17:00:00,95,31.1,54.6,53.0,28.0,479.0,11.8,0.0,0,0,0.0,0,17,9,0,2,0,3
2026-02-09 18:00:00,94,30.4,51.7,58.0,23.6,429.0,10.8,0.0,0,0,0.0,0,18,9,0,2,0,3
2026-02-09 19:00:00,94,29.5,48.5,62.0,19.9,407.0,9.5,0.0,0,0,0.0,0,19,9,0,2,0,3
2026-02-09 20:00:00,94,28.2,44.8,65.0,16.1,392.0,8.2,0.0,0,0,0.0,0,20,9,0,2,0,3
2026-02-09 21:00:00,93,26.9,41.4,68.0,13.0,372.0,7.2,0.0,0,0,0.0,0,21,9,0,2,0,0
2026-02-09 22:00:00,93,25.9,38.6,70.0,10.2,300.0,6.8,0.0,0,0,0.0,0,22,9,0,2,0,0
2026-02-09 23:00:00,92,25.4,37.7,70.0,8.3,222.0,6.8,0.0,0,0,0.0,0,23,9,0,2,0,0
2026-02-10 00:00:00,92,24.4,36.0,70.0,8.3,261.0,6.9,0.0,0,0,0.0,0,0,10,1,2,0,0
2026-02-10 01:00:00,91,25.0,36.9,60.0,16.4,562.0,8.1,0.0,0,0,0.0,0,1,10,1,2,0,0
2026-02-10 02:00:00,90,27.5,39.6,47.0,27.2,980.0,9.8,0.0,0,0,0.0,0,2,10,1,2,0,0
2026-02-10 03:00:00,89,32.7,44.8,43.0,32.6,1203.0,11.6,0.0,0,0,0.0,0,3,10,1,2,0,0
2026-02-10 04:00:00,88,32.1,49.4,58.0,27.3,1036.0,13.7,0.0,0,0,0.0,0,4,10,1,2,0,0
2026-02-10 05:00:00,87,30.3,54.8,82.0,16.6,674.0,15.9,0.0,0,0,0.0,0,5,10,1,2,0,0
2026-02-10 06:00:00,86,30.3,73.6,102.0,8.2,392.0,17.2,0.0,0,0,0.0,0,6,10,1,2,0,1
2026-02-10 07:00:00,86,30.6,84.3,112.0,5.1,301.0,16.7,0.0,0,0,0.0,0,7,10,1,2,0,1
2026-02-10 08:00:00,86,31.2,93.6,119.0,4.4,289.0,15.4,0.0,0,0,0.0,0,8,10,1,2,0,1
2026-02-10 09:00:00,86,32.0,98.3,121.0,4.6,298.0,14.6,0.0,0,0,0.0,0,9,10,1,2,0,1
2026-02-10 10:00:00,87,32.5,99.7,121.0,4.9,311.0,15.4,0.0,0,0,0.0,0,10,10,1,2,0,2
2026-02-10 11:00:00,87,32.8,100.1,117.0,6.1,344.0,16.8,0.0,0,0,0.0,0,11,10,1,2,0,2
2026-02-10 12:00:00,88,39.2,114.1,114.0,10.2,386.0,20.6,0.0,0,0,0.0,0,12,10,1,2,0,2
2026-02-10 13:00:00,89,36.7,90.1,96.0,19.7,419.0,19.0,0.0,0,0,0.0,0,13,10,1,2,0,2
2026-02-10 14:00:00,90,38.2,80.8,70.0,33.1,460.0,17.0,0.0,0,0,0.0,0,14,10,1,2,0,2
2026-02-10 15:00:00,91,40.6,80.1,48.0,45.1,550.0,16.4,0.0,0,0,0.0,0,15,10,1,2,0,2
2026-02-10 16:00:00,92,44.6,82.0,34.0,54.4,759.0,18.6,0.0,0,0,0.0,0,16,10,1,2,0,2
2026-02-10 17:00:00,93,50.9,86.1,23.0,62.4,1016.0,22.3,0.0,0,0,0.0,0,17,10,1,2,0,3
2026-02-10 18:00:00,94,60.3,96.2,16.0,67.6,1158.0,24.9,0.0,0,0,0.0,0,18,10,1,2,0,3
2026-02-10 19:00:00,97,69.8,105.9,11.0,69.2,1081.0,25.5,0.0,0,0,0.0,0,19,10,1,2,0,3
2026-02-10 20:00:00,100,74.7,109.4,9.0,68.0,888.0,25.0,0.0,0,0,0.0,0,20,10,1,2,0,3
2026-02-10 21:00:00,104,74.5,99.0,11.0,65.0,719.0,24.1,0.0,0,0,0.0,0,21,10,1,2,0,0
2026-02-10 22:00:00,109,66.1,83.1,17.0,60.0,600.0,22.4,0.0,0,0,0.0,0,22,10,1,2,0,0
2026-02-10 23:00:00,114,57.7,70.8,26.0,53.2,504.0,20.3,0.0,0,0,0.0,0,23,10,1,2,0,0
2026-02-11 00:00:00,117,55.6,65.9,26.0,54.0,491.0,20.4,0.0,0,0,0.0,0,0,11,2,2,0,0
2026-02-11 01:00:00,120,50.8,58.6,37.0,47.5,642.0,20.1,0.0,0,0,0.0,0,1,11,2,2,0,0
2026-02-11 02:00:00,123,48.8,55.9,52.0,38.3,876.0,19.8,0.0,0,0,0.0,0,2,11,2,2,0,0
2026-02-11 03:00:00,125,49.9,56.9,70.0,29.5,1008.0,19.5,0.0,0,0,0.0,0,3,11,2,2,0,0
2026-02-11 04:00:00,127,51.1,56.8,91.0,21.6,933.0,19.6,0.0,0,0,0.0,0,4,11,2,2,0,0
2026-02-11 05:00:00,129,47.7,56.2,114.0,14.1,755.0,19.7,0.0,0,0,0.0,0,5,11,2,2,0,0
2026-02-11 06:00:00,131,44.1,57.0,131.0,8.4,603.0,19.2,0.0,0,0,0.0,0,6,11,2,2,0,1
2026-02-11 07:00:00,132,39.5,58.9,138.0,5.4,518.0,17.3,0.0,0,0,0.0,0,7,11,2,2,0,1
2026-02-11 08:00:00,133,34.7,55.2,138.0,4.2,459.0,14.7,0.0,0,0,0.0,0,8,11,2,2,0,1
2026-02-11 09:00:00,133,31.3,49.0,137.0,3.8,427.0,12.7,0.0,0,0,0.0,0,9,11,2,2,0,1
2026-02-11 10:00:00,133,28.6,44.2,137.0,3.4,422.0,11.7,0.0,0,0,0.0,0,10,11,2,2,0,2
2026-02-11 11:00:00,133,27.4,40.7,135.0,3.8,445.0,11.4,0.0,0,0,0.0,0,11,11,2,2,0,2
2026-02-11 12:00:00,132,32.5,47.4,127.0,6.8,501.0,11.1,0.0,0,0,0.0,0,12,11,2,2,0,2
2026-02-11 13:00:00,132,34.9,45.8,112.0,14.6,623.0,11.9,0.0,0,0,0.0,0,13,11,2,2,0,2
2026-02-11 14:00:00,131,38.6,47.0,91.0,25.2,778.0,12.9,0.0,0,0,0.0,0,14,11,2,2,0,2
2026-02-11 15:00:00,132,40.4,47.8,76.0,32.3,875.0,13.9,0.0,0,0,0.0,0,15,11,2,2,0,2
2026-02-11 16:00:00,132,41.4,48.3,70.0,33.0,868.0,14.8,0.0,0,0,0.0,0,16,11,2,2,0,2
2026-02-11 17:00:00,131,42.1,49.0,70.0,30.2,804.0,15.5,0.0,0,0,0.0,0,17,11,2,2,0,3
2026-02-11 18:00:00,130,42.8,49.9,72.0,26.4,728.0,15.9,0.0,0,0,0.0,0,18,11,2,2,0,3
2026-02-11 19:00:00,128,42.7,50.1,76.0,21.9,645.0,15.5,0.0,0,0,0.0,0,19,11,2,2,0,3
2026-02-11 20:00:00,126,41.3,48.7,83.0,16.4,551.0,14.7,0.0,0,0,0.0,0,20,11,2,2,0,3
2026-02-11 21:00:00,122,39.2,46.4,88.0,12.0,482.0,14.2,0.0,0,0,0.0,0,21,11,2,2,0,0
2026-02-11 22:00:00,118,37.4,44.2,92.0,8.7,435.0,14.1,0.0,0,0,0.0,0,22,11,2,2,0,0
2026-02-11 23:00:00,115,35.9,42.8,94.0,6.4,413.0,14.3,0.0,0,0,0.0,0,23,11,2,2,0,0
2026-02-12 00:00:00,113,36.0,43.0,90.0,7.2,458.0,15.0,0.0,0,0,0.0,0,0,12,3,2,0,0
2026-02-12 01:00:00,111,35.3,42.4,83.0,12.9,642.0,15.9,0.0,0,0,0.0,0,1,12,3,2,0,0
2026-02-12 02:00:00,110,36.3,43.4,75.0,20.6,893.0,17.1,0.0,0,0,0.0,0,2,12,3,2,0,0
2026-02-12 03:00:00,108,39.2,46.0,74.0,24.9,1038.0,18.2,0.0,0,0,0.0,0,3,12,3,2,0,0
2026-02-12 04:00:00,107,42.0,47.7,88.0,22.6,978.0,19.1,0.0,0,0,0.0,0,4,12,3,2,0,0
2026-02-12 05:00:00,106,38.0,46.1,110.0,16.9,812.0,19.9,0.0,0,0,0.0,0,5,12,3,2,0,0
2026-02-12 06:00:00,105,31.4,41.0,128.0,11.8,659.0,19.8,0.0,0,0,0.0,0,6,12,3,2,0,1
2026-02-12 07:00:00,104,26.2,44.8,137.0,8.5,553.0,18.2,0.0,0,0,0.0,0,7,12,3,2,0,1
2026-02-12 08:00:00,102,22.8,37.0,141.0,5.9,462.0,15.9,0.0,0,0,0.0,0,8,12,3,2,0,1
2026-02-12 09:00:00,101,21.2,32.2,143.0,4.6,406.0,14.3,0.0,0,0,0.0,0,9,12,3,2,0,1
2026-02-12 10:00:00,100,20.7,30.3,145.0,2.7,391.0,14.2,0.0,0,0,0.0,0,10,12,3,2,0,2
2026-02-12 11:00:00,100,20.6,29.6,143.0,2.2,412.0,14.9,0.0,0,0,0.0,0,11,12,3,2,0,2
2026-02-12 12:00:00,99,26.8,38.6,133.0,9.2,473.0,16.7,0.0,0,0,0.0,0,12,12,3,2,0,2
2026-02-12 13:00:00,99,38.2,48.2,100.0,34.7,606.0,18.0,0.0,0,0,0.0,0,13,12,3,2,0,2
2026-02-12 14:00:00,99,53.4,62.2,54.0,69.7,780.0,19.8,0.0,0,0,0.0,0,14,12,3,2,0,2
2026-02-12 15:00:00,100,56.2,65.0,21.0,94.0,902.0,22.4,0.0,0,0,0.0,0,15,12,3,2,0,2
2026-02-12 16:00:00,102,60.5,70.5,12.0,97.9,940.0,26.8,0.0,0,0,0.0,0,16,12,3,2,0,2
2026-02-12 17:00:00,104,67.8,78.5,14.0,91.3,927.0,31.8,0.0,0,0,0.0,0,17,12,3,2,0,3
2026-02-12 18:00:00,106,69.6,78.9,17.0,83.5,873.0,34.1,0.0,0,0,0.0,0,18,12,3,2,0,3
2026-02-12 19:00:00,109,68.0,75.2,16.0,76.8,756.0,31.3,0.0,0,0,0.0,0,19,12,3,2,0,3
2026-02-12 20:00:00,112,65.2,71.0,14.0,69.0,598.0,25.9,0.0,0,0,0.0,0,20,12,3,2,0,3
2026-02-12 21:00:00,114,60.3,65.4,13.0,62.9,481.0,21.3,0.0,0,0,0.0,0,21,12,3,2,0,0
2026-02-12 22:00:00,116,53.9,58.4,12.0,60.3,372.0,18.8,0.0,0,0,0.0,0,22,12,3,2,0,0
2026-02-12 23:00:00,118,47.5,51.9,11.0,59.4,304.0,17.2,0.0,0,0,0.0,0,23,12,3,2,0,0
2026-02-13 00:00:00,119,38.1,43.1,12.0,53.1,449.0,14.8,0.0,0,0,0.0,0,0,13,4,2,0,0
2026-02-13 01:00:00,120,39.3,44.8,7.0,50.0,1047.0,15.8,0.0,0,0,0.0,0,1,13,4,2,0,0
2026-02-13 02:00:00,120,44.6,50.6,1.0,45.7,1859.0,17.4,0.0,0,0,0.0,0,2,13,4,2,0,0
2026-02-13 03:00:00,121,58.6,64.3,8.0,41.9,2339.0,21.0,0.0,0,0,0.0,0,3,13,4,2,0,0
2026-02-13 04:00:00,123,73.8,77.5,37.0,39.9,2181.0,28.3,0.0,0,0,0.0,0,4,13,4,2,0,0
2026-02-13 05:00:00,126,46.0,57.2,78.0,38.4,1690.0,37.5,0.0,0,0,0.0,0,5,13,4,2,0,0
2026-02-13 06:00:00,127,43.4,65.0,116.0,35.0,1245.0,44.2,0.0,0,0,0.0,0,6,13,4,2,0,1
2026-02-13 07:00:00,128,44.1,72.4,149.0,27.3,961.0,46.9,0.0,0,0,0.0,0,7,13,4,2,0,1
2026-02-13 08:00:00,130,44.9,74.5,178.0,17.6,721.0,47.2,0.0,0,0,0.0,0,8,13,4,2,0,1
2026-02-13 09:00:00,132,46.7,74.0,193.0,11.2,552.0,45.2,0.0,0,0,0.0,0,9,13,4,2,0,1
2026-02-13 10:00:00,135,45.5,69.2,186.0,9.6,473.0,40.1,0.0,0,0,0.0,0,10,13,4,2,0,2
2026-02-13 11:00:00,138,42.1,63.3,165.0,11.1,464.0,32.8,0.0,0,0,0.0,0,11,13,4,2,0,2
2026-02-13 12:00:00,140,26.8,36.3,137.0,15.7,495.0,24.7,0.0,0,0,0.0,0,12,13,4,2,0,2
2026-02-13 13:00:00,140,26.2,35.5,109.0,25.6,576.0,21.9,0.0,0,0,0.0,0,13,13,4,2,0,2
2026-02-13 14:00:00,139,28.3,38.4,72.0,39.2,697.0,18.0,0.0,0,0,0.0,0,14,13,4,2,0,2
2026-02-13 15:00:00,136,30.0,41.9,44.0,48.0,796.0,14.9,0.0,0,0,0.0,0,15,13,4,2,0,2
2026-02-13 16:00:00,133,29.7,42.6,37.0,48.0,870.0,13.7,0.0,0,0,0.0,0,16,13,4,2,0,2
2026-02-13 17:00:00,130,29.2,42.1,40.0,43.3,921.0,13.4,0.0,0,0,0.0,0,17,13,4,2,0,3
2026-02-13 18:00:00,126,29.0,40.7,44.0,38.0,896.0,12.9,0.0,0,0,0.0,0,18,13,4,2,0,3
2026-02-13 19:00:00,122,28.3,38.4,47.0,32.9,726.0,11.8,0.0,0,0,0.0,0,19,13,4,2,0,3
2026-02-13 20:00:00,118,26.1,34.5,52.0,27.2,479.0,10.5,0.0,0,0,0.0,0,20,13,4,2,0,3
2026-02-13 21:00:00,114,23.3,30.0,55.0,22.3,304.0,9.6,0.0,0,0,0.0,0,21,13,4,2,0,0
2026-02-13 22:00:00,110,21.0,26.4,57.0,17.5,213.0,8.9,0.0,0,0,0.0,0,22,13,4,2,0,0
2026-02-13 23:00:00,106,19.3,23.8,58.0,13.5,193.0,8.5,0.0,0,0,0.0,0,23,13,4,2,0,0
2026-02-14 00:00:00,103,21.6,28.2,51.0,15.7,360.0,9.4,0.0,0,0,0.0,0,0,14,5,2,1,0
2026-02-14 01:00:00,102,23.7,30.4,37.0,25.1,923.0,12.1,0.0,0,0,0.0,0,1,14,5,2,1,0
2026-02-14 02:00:00,100,30.0,37.0,20.0,37.7,1671.0,15.9,0.0,0,0,0.0,0,2,14,5,2,1,0
2026-02-14 03:00:00,99,44.5,50.9,15.0,44.9,2089.0,19.5,0.0,0,0,0.0,0,3,14,5,2,1,0
2026-02-14 04:00:00,98,41.0,45.5,35.0,41.8,1867.0,22.4,0.0,0,0,0.0,0,4,14,5,2,1,0
2026-02-14 05:00:00,95,30.7,39.1,67.0,33.3,1314.0,25.0,0.0,0,0,0.0,0,5,14,5,2,1,0
2026-02-14 06:00:00,94,26.4,34.9,96.0,25.1,841.0,27.1,0.0,0,0,0.0,0,6,14,5,2,1,1
2026-02-14 07:00:00,93,22.7,29.3,117.0,18.6,589.0,28.6,0.0,0,0,0.0,0,7,14,5,2,1,1
2026-02-14 08:00:00,91,21.4,27.4,134.0,12.5,417.0,29.6,0.0,0,0,0.0,0,8,14,5,2,1,1
2026-02-14 09:00:00,89,20.8,26.7,142.0,8.8,312.0,29.5,0.0,0,0,0.0,0,9,14,5,2,1,1
2026-02-14 10:00:00,87,20.2,26.0,139.0,7.7,279.0,28.0,0.0,0,0,0.0,0,10,14,5,2,1,2
2026-02-14 11:00:00,85,19.0,24.6,127.0,9.1,314.0,25.4,0.0,0,0,0.0,0,11,14,5,2,1,2
2026-02-14 12:00:00,83,17.9,21.5,115.0,13.9,388.0,24.4,0.0,0,0,0.0,0,12,14,5,2,1,2
2026-02-14 13:00:00,83,19.8,25.4,91.0,25.2,524.0,22.4,0.0,0,0,0.0,0,13,14,5,2,1,2
2026-02-14 14:00:00,82,25.2,31.1,57.0,40.6,700.0,19.5,0.0,0,0,0.0,0,14,14,5,2,1,2
2026-02-14 15:00:00,82,27.6,34.7,32.0,51.4,820.0,17.2,0.0,0,0,0.0,0,15,14,5,2,1,2
2026-02-14 16:00:00,82,28.6,36.9,24.0,53.8,849.0,16.1,0.0,0,0,0.0,0,16,14,5,2,1,2
2026-02-14 17:00:00,82,29.5,39.0,24.0,51.7,822.0,15.6,0.0,0,0,0.0,0,17,14,5,2,1,3
2026-02-14 18:00:00,82,30.3,40.5,27.0,47.6,749.0,14.7,0.0,0,0,0.0,0,18,14,5,2,1,3
2026-02-14 19:00:00,82,30.5,41.9,30.0,41.6,602.0,13.0,0.0,0,0,0.0,0,19,14,5,2,1,3
2026-02-14 20:00:00,82,28.9,41.2,36.0,33.7,409.0,11.1,0.0,0,0,0.0,0,20,14,5,2,1,3
2026-02-14 21:00:00,82,27.9,40.5,40.0,26.6,268.0,9.4,0.0,0,0,0.0,0,21,14,5,2,1,0
2026-02-14 22:00:00,82,28.2,40.4,43.0,20.2,189.0,7.9,0.0,0,0,0.0,0,22,14,5,2,1,0
2026-02-14 23:00:00,83,30.0,42.3,44.0,14.6,163.0,6.6,0.0,0,0,0.0,0,23,14,5,2,1,0
2026-02-15 00:00:00,84,34.0,48.7,38.0,15.5,257.0,7.0,0.0,0,0,0.0,0,0,15,6,2,1,0
2026-02-15 01:00:00,85,38.2,54.2,27.0,24.1,602.0,9.2,0.0,0,0,0.0,0,1,15,6,2,1,0
2026-02-15 02:00:00,86,46.1,65.4,12.0,35.5,1067.0,12.3,0.0,0,0,0.0,0,2,15,6,2,1,0
2026-02-15 03:00:00,87,61.2,84.1,10.0,41.6,1329.0,15.8,0.0,0,0,0.0,0,3,15,6,2,1,0
2026-02-15 04:00:00,89,46.0,73.3,31.0,37.4,1194.0,20.0,0.0,0,0,0.0,0,4,15,6,2,1,0
2026-02-15 05:00:00,89,36.8,69.8,63.0,27.9,855.0,24.6,0.0,0,0,0.0,0,5,15,6,2,1,0
2026-02-15 06:00:00,89,33.6,65.4,92.0,19.5,572.0,27.8,0.0,0,0,0.0,0,6,15,6,2,1,1
2026-02-15 07:00:00,90,30.3,59.3,112.0,14.1,437.0,28.9,0.0,0,0,0.0,0,7,15,6,2,1,1
2026-02-15 08:00:00,91,27.8,54.0,128.0,9.9,358.0,28.7,0.0,0,0,0.0,0,8,15,6,2,1,1
2026-02-15 09:00:00,91,26.4,50.6,136.0,7.4,313.0,27.6,0.0,0,0,0.0,0,9,15,6,2,1,1
2026-02-15 10:00:00,92,25.4,49.0,132.0,6.4,306.0,25.3,0.0,0,0,0.0,0,10,15,6,2,1,2
2026-02-15 11:00:00,92,24.1,47.0,119.0,7.1,333.0,22.2,0.0,0,0,0.0,0,11,15,6,2,1,2
2026-02-15 12:00:00,92,23.6,45.1,106.0,11.4,367.0,20.6,0.0,0,0,0.0,0,12,15,6,2,1,2
2026-02-15 13:00:00,93,25.2,47.4,87.0,20.2,399.0,19.1,0.0,0,0,0.0,0,13,15,6,2,1,2
2026-02-15 14:00:00,93,30.2,50.2,61.0,32.4,437.0,17.0,0.0,0,0,0.0,0,14,15,6,2,1,2
2026-02-15 15:00:00,94,33.2,54.2,41.0,41.9,477.0,15.5,0.0,0,0,0.0,0,15,15,6,2,1,2
2026-02-15 16:00:00,94,35.2,56.3,32.0,46.5,528.0,15.3,0.0,0,0,0.0,0,16,15,6,2,1,2
2026-02-15 17:00:00,95,36.9,58.0,28.0,48.5,581.0,15.6,0.0,0,0,0.0,0,17,15,6,2,1,3
2026-02-15 18:00:00,95,38.5,59.4,27.0,48.5,609.0,15.4,0.0,0,0,0.0,0,18,15,6,2,1,3
2026-02-15 19:00:00,96,43.4,67.5,27.0,46.3,598.0,14.0,0.0,0,0,0.0,0,19,15,6,2,1,3
2026-02-15 20:00:00,97,46.2,70.8,30.0,42.1,562.0,12.0,0.0,0,0,0.0,0,20,15,6,2,1,3
2026-02-15 21:00:00,98,45.4,69.8,33.0,37.4,511.0,10.4,0.0,0,0,0.0,0,21,15,6,2,1,0
2026-02-15 22:00:00,100,43.4,66.8,37.0,31.2,410.0,9.3,0.0,0,0,0.0,0,22,15,6,2,1,0
2026-02-15 23:00:00,101,41.4,63.8,42.0,24.5,295.0,8.4,0.0,0,0,0.0,0,23,15,6,2,1,0
2026-02-16 00:00:00,102,40.0,63.6,45.0,20.4,283.0,8.4,0.0,0,0,0.0,0,0,16,0,2,0,0
2026-02-16 01:00:00,103,38.1,60.3,43.0,24.2,499.0,8.8,0.0,0,0,0.0,0,1,16,0,2,0,0
2026-02-16 02:00:00,103,37.4,58.2,40.0,29.2,817.0,9.5,0.0,0,0,0.0,0,2,16,0,2,0,0
2026-02-16 03:00:00,102,40.6,63.1,44.0,30.5,981.0,11.1,0.0,0,0,0.0,0,3,16,0,2,0,0
2026-02-16 04:00:00,100,35.9,60.5,60.0,24.8,827.0,14.7,0.0,0,0,0.0,0,4,16,0,2,0,0
2026-02-16 05:00:00,99,30.6,60.1,82.0,15.4,518.0,19.1,0.0,0,0,0.0,0,5,16,0,2,0,0
2026-02-16 06:00:00,98,29.2,59.6,100.0,8.1,283.0,21.9,0.0,0,0,0.0,0,6,16,0,2,0,1
2026-02-16 07:00:00,98,28.7,57.5,110.0,5.2,218.0,21.4,0.0,0,0,0.0,0,7,16,0,2,0,1
2026-02-16 08:00:00,98,27.6,54.2,116.0,4.3,226.0,19.2,0.0,0,0,0.0,0,8,16,0,2,0,1
2026-02-16 09:00:00,98,26.4,50.6,117.0,4.2,246.0,17.3,0.0,0,0,0.0,0,9,16,0,2,0,1
2026-02-16 10:00:00,98,24.8,47.0,113.0,4.2,256.0,16.3,0.0,0,0,0.0,0,10,16,0,2,0,2
2026-02-16 11:00:00,98,23.5,44.0,103.0,4.9,278.0,15.5,0.0,0,0,0.0,0,11,16,0,2,0,2
2026-02-16 12:00:00,98,20.6,36.7,96.0,7.8,311.0,15.7,0.0,0,0,0.0,0,12,16,0,2,0,2
2026-02-16 13:00:00,98,20.1,34.2,85.0,13.7,365.0,15.0,0.0,0,0,0.0,0,13,16,0,2,0,2
2026-02-16 14:00:00,97,21.7,31.7,69.0,21.9,431.0,14.1,0.0,0,0,0.0,0,14,16,0,2,0,2
2026-02-16 15:00:00,97,22.9,32.1,56.0,29.3,484.0,13.5,0.0,0,0,0.0,0,15,16,0,2,0,2
2026-02-16 16:00:00,96,24.0,32.4,47.0,35.5,517.0,13.7,0.0,0,0,0.0,0,16,16,0,2,0,2
2026-02-16 17:00:00,95,25.7,33.1,40.0,40.8,537.0,14.3,0.0,0,0,0.0,0,17,16,0,2,0,3
2026-02-16 18:00:00,94,27.5,34.6,36.0,42.9,544.0,14.3,0.0,0,0,0.0,0,18,16,0,2,0,3
2026-02-16 19:00:00,93,28.0,34.8,37.0,39.8,523.0,13.1,0.0,0,0,0.0,0,19,16,0,2,0,3
2026-02-16 20:00:00,92,25.9,32.5,42.0,33.6,489.0,11.3,0.0,0,0,0.0,0,20,16,0,2,0,3
2026-02-16 21:00:00,90,23.0,29.5,46.0,28.1,483.0,9.9,0.0,0,0,0.0,0,21,16,0,2,0,0
2026-02-16 22:00:00,89,21.5,28.1,48.0,23.9,512.0,9.0,0.0,0,0,0.0,0,22,16,0,2,0,0
2026-02-16 23:00:00,87,22.8,30.4,49.0,20.5,569.0,8.4,0.0,0,0,0.0,0,23,16,0,2,0,0
2026-02-17 00:00:00,85,19.8,29.9,52.0,14.8,678.0,7.8,0.0,0,0,0.0,0,0,17,1,2,0,0
2026-02-17 01:00:00,84,24.3,36.8,38.0,27.0,917.0,9.5,0.0,0,0,0.0,0,1,17,1,2,0,0
2026-02-17 02:00:00,83,34.5,48.5,20.0,43.4,1209.0,12.2,0.0,0,0,0.0,0,2,17,1,2,0,0
2026-02-17 03:00:00,83,51.1,64.0,15.0,51.6,1344.0,15.7,0.0,0,0,0.0,0,3,17,1,2,0,0
2026-02-17 04:00:00,83,49.8,61.7,35.0,44.0,1183.0,21.1,0.0,0,0,0.0,0,4,17,1,2,0,0
2026-02-17 05:00:00,84,30.4,51.7,69.0,28.3,865.0,27.3,0.0,0,0,0.0,0,5,17,1,2,0,0
2026-02-17 06:00:00,84,28.2,59.8,99.0,15.5,599.0,31.7,0.0,0,0,0.0,0,6,17,1,2,0,1
2026-02-17 07:00:00,84,29.7,68.9,120.0,9.9,455.0,32.7,0.0,0,0,0.0,0,7,17,1,2,0,1
2026-02-17 08:00:00,84,33.3,84.1,138.0,7.3,364.0,31.8,0.0,0,0,0.0,0,8,17,1,2,0,1
2026-02-17 09:00:00,85,32.8,80.3,148.0,6.0,327.0,30.6,0.0,0,0,0.0,0,9,17,1,2,0,1
2026-02-17 10:00:00,85,31.9,77.8,151.0,4.9,318.0,29.9,0.0,0,0,0.0,0,10,17,1,2,0,2
2026-02-17 11:00:00,86,30.4,72.9,146.0,5.2,362.0,28.9,0.0,0,0,0.0,0,11,17,1,2,0,2
2026-02-17 12:00:00,86,30.0,70.5,141.0,9.2,537.0,30.3,0.0,0,0,0.0,0,12,17,1,2,0,2
2026-02-17 13:00:00,87,31.2,70.5,117.0,18.2,990.0,28.3,0.0,0,0,0.0,0,13,17,1,2,0,2
2026-02-17 14:00:00,92,31.5,55.6,84.0,30.7,1574.0,25.4,0.0,0,0,0.0,0,14,17,1,2,0,2
2026-02-17 15:00:00,89,30.6,48.5,57.0,41.1,1923.0,23.2,0.0,0,0,0.0,0,15,17,1,2,0,2
2026-02-17 16:00:00,89,31.1,46.8,41.0,48.5,1840.0,22.3,0.0,0,0,0.0,0,16,17,1,2,0,2
2026-02-17 17:00:00,90,33.4,48.2,31.0,53.8,1522.0,22.0,0.0,0,0,0.0,0,17,17,1,2,0,3
2026-02-17 18:00:00,91,35.6,49.8,30.0,53.7,1190.0,21.4,0.0,0,0,0.0,0,18,17,1,2,0,3
2026-02-17 19:00:00,91,36.4,50.5,43.0,44.5,882.0,20.0,0.0,0,0,0.0,0,19,17,1,2,0,3
2026-02-17 20:00:00,92,35.3,49.4,64.0,30.0,561.0,18.4,0.0,0,0,0.0,0,20,17,1,2,0,3
2026-02-17 21:00:00,93,32.8,46.4,82.0,18.0,335.0,16.8,0.0,0,0,0.0,0,21,17,1,2,0,0
2026-02-17 22:00:00,93,29.5,43.8,91.0,11.1,246.0,15.2,0.0,0,0,0.0,0,22,17,1,2,0,0
2026-02-17 23:00:00,94,26.9,42.4,96.0,6.8,251.0,13.7,0.0,0,0,0.0,0,23,17,1,2,0,0
2026-02-18 00:00:00,94,25.9,43.5,97.0,5.6,332.0,13.0,0.0,0,0,0.0,0,0,18,2,2,0,0
2026-02-18 01:00:00,95,26.6,43.8,91.0,11.6,547.0,13.4,0.0,0,0,0.0,0,1,18,2,2,0,0
2026-02-18 02:00:00,95,28.8,45.1,82.0,19.6,838.0,14.1,0.0,0,0,0.0,0,2,18,2,2,0,0
2026-02-18 03:00:00,95,32.4,47.8,82.0,23.9,1013.0,15.5,0.0,0,0,0.0,0,3,18,2,2,0,0
2026-02-18 04:00:00,93,33.6,50.6,97.0,20.9,962.0,18.6,0.0,0,0,0.0,0,4,18,2,2,0,0
2026-02-18 05:00:00,92,34.9,56.7,119.0,14.1,795.0,22.4,0.0,0,0,0.0,0,5,18,2,2,0,0
2026-02-18 06:00:00,92,36.1,60.3,137.0,8.5,651.0,24.5,0.0,0,0,0.0,0,6,18,2,2,0,1
2026-02-18 07:00:00,93,32.0,57.7,145.0,5.9,577.0,23.2,0.0,0,0,0.0,0,7,18,2,2,0,1
2026-02-18 08:00:00,93,28.8,53.2,147.0,4.5,526.0,20.3,0.0,0,0,0.0,0,8,18,2,2,0,1
2026-02-18 09:00:00,93,27.9,51.3,148.0,4.1,493.0,18.2,0.0,0,0,0.0,0,9,18,2,2,0,1
2026-02-18 10:00:00,92,28.0,50.4,150.0,3.0,466.0,18.2,0.0,0,0,0.0,0,10,18,2,2,0,2
2026-02-18 11:00:00,92,28.3,49.7,151.0,3.0,456.0,19.1,0.0,0,0,0.0,0,11,18,2,2,0,2
2026-02-18 12:00:00,99,22.6,36.3,139.0,8.3,496.0,18.2,0.0,0,0,0.0,0,12,18,2,2,0,2
2026-02-18 13:00:00,108,24.9,38.4,111.0,26.7,628.0,18.5,0.0,0,0,0.0,0,13,18,2,2,0,2
2026-02-18 14:00:00,106,33.5,42.8,72.0,52.0,809.0,18.9,0.0,0,0,0.0,0,14,18,2,2,0,2
2026-02-18 15:00:00,93,38.3,46.2,42.0,70.7,942.0,19.6,0.0,0,0,0.0,0,15,18,2,2,0,2
2026-02-18 16:00:00,91,41.7,49.1,29.0,77.8,996.0,21.3,0.0,0,0,0.0,0,16,18,2,2,0,2
2026-02-18 17:00:00,92,44.9,52.5,25.0,78.3,1002.0,23.4,0.0,0,0,0.0,0,17,18,2,2,0,3
2026-02-18 18:00:00,93,46.3,53.8,27.0,74.1,952.0,23.9,0.0,0,0,0.0,0,18,18,2,2,0,3
2026-02-18 19:00:00,94,43.2,50.3,34.0,63.9,812.0,21.6,0.0,0,0,0.0,0,19,18,2,2,0,3
2026-02-18 20:00:00,95,37.3,44.9,47.0,49.0,616.0,17.8,0.0,0,0,0.0,0,20,18,2,2,0,3
2026-02-18 21:00:00,95,31.4,42.7,59.0,35.5,465.0,14.6,0.0,0,0,0.0,0,21,18,2,2,0,0
2026-02-18 22:00:00,95,27.5,44.5,70.0,24.3,386.0,12.6,0.0,0,0,0.0,0,22,18,2,2,0,0
2026-02-18 23:00:00,94,25.1,47.7,81.0,14.5,350.0,11.3,0.0,0,0,0.0,0,23,18,2,2,0,0
2026-02-19 00:00:00,94,24.2,48.0,95.0,6.7,375.0,11.1,0.0,0,0,0.0,0,0,19,3,2,0,0
2026-02-19 01:00:00,94,24.3,47.8,88.0,12.1,513.0,11.9,0.0,0,0,0.0,0,1,19,3,2,0,0
2026-02-19 02:00:00,94,25.6,48.5,80.0,19.3,711.0,13.1,0.0,0,0,0.0,0,2,19,3,2,0,0
2026-02-19 03:00:00,94,28.0,49.6,79.0,23.0,823.0,14.1,0.0,0,0,0.0,0,3,19,3,2,0,0
2026-02-19 04:00:00,93,28.8,49.1,93.0,19.7,765.0,15.1,0.0,0,0,0.0,0,4,19,3,2,0,0
2026-02-19 05:00:00,93,26.2,47.7,116.0,12.9,620.0,16.0,0.0,0,0,0.0,0,5,19,3,2,0,0
2026-02-19 06:00:00,92,25.8,42.1,133.0,7.3,493.0,15.8,0.0,0,0,0.0,0,6,19,3,2,0,1
2026-02-19 07:00:00,92,22.5,38.4,140.0,4.8,417.0,13.7,0.0,0,0,0.0,0,7,19,3,2,0,1
2026-02-19 08:00:00,91,19.3,28.4,142.0,3.6,359.0,10.5,0.0,0,0,0.0,0,8,19,3,2,0,1
2026-02-19 09:00:00,90,18.6,24.3,142.0,3.1,327.0,8.2,0.0,0,0,0.0,0,9,19,3,2,0,1
2026-02-19 10:00:00,89,19.2,23.3,143.0,2.9,315.0,7.5,0.0,0,0,0.0,0,10,19,3,2,0,2
2026-02-19 11:00:00,89,19.9,23.6,141.0,3.6,328.0,7.7,0.0,0,0,0.0,0,11,19,3,2,0,2
2026-02-19 12:00:00,90,21.0,22.5,138.0,5.9,395.0,8.0,0.0,0,0,0.0,0,12,19,3,2,0,2
2026-02-19 13:00:00,99,23.7,26.4,124.0,12.5,576.0,8.9,0.0,0,0,0.0,0,13,19,3,2,0,2
2026-02-19 14:00:00,101,27.6,30.6,104.0,21.5,810.0,10.1,0.0,0,0,0.0,0,14,19,3,2,0,2
2026-02-19 15:00:00,95,29.7,32.9,88.0,28.5,944.0,11.3,0.0,0,0,0.0,0,15,19,3,2,0,2
2026-02-19 16:00:00,87,31.1,34.6,77.0,32.1,887.0,12.6,0.0,0,0,0.0,0,16,19,3,2,0,2
2026-02-19 17:00:00,86,32.6,36.2,69.0,33.7,729.0,13.8,0.0,0,0,0.0,0,17,19,3,2,0,3
2026-02-19 18:00:00,85,33.6,37.6,66.0,32.4,586.0,14.3,0.0,0,0,0.0,0,18,19,3,2,0,3
2026-02-19 19:00:00,84,32.5,37.4,71.0,26.6,495.0,13.5,0.0,0,0,0.0,0,19,19,3,2,0,3
2026-02-19 20:00:00,83,28.9,35.3,82.0,18.0,420.0,12.0,0.0,0,0,0.0,0,20,19,3,2,0,3
2026-02-19 21:00:00,82,24.9,31.5,90.0,11.2,366.0,10.6,0.0,0,0,0.0,0,21,19,3,2,0,0
2026-02-19 22:00:00,82,21.9,27.2,94.0,7.5,325.0,9.6,0.0,0,0,0.0,0,22,19,3,2,0,0
2026-02-19 23:00:00,81,20.3,23.9,95.0,5.6,305.0,8.7,0.0,0,0,0.0,0,23,19,3,2,0,0
2026-02-20 00:00:00,81,19.8,22.7,93.0,5.9,334.0,8.4,0.0,0,0,0.0,0,0,20,4,2,0,0
2026-02-20 01:00:00,81,19.4,21.2,87.0,10.4,467.0,8.8,0.0,0,0,0.0,0,1,20,4,2,0,0
2026-02-20 02:00:00,80,20.4,21.8,80.0,16.3,650.0,9.5,0.0,0,0,0.0,0,2,20,4,2,0,0
2026-02-20 03:00:00,80,23.1,24.2,80.0,19.5,747.0,10.3,0.0,0,0,0.0,0,3,20,4,2,0,0
2026-02-20 04:00:00,79,25.2,26.5,94.0,17.2,676.0,11.5,0.0,0,0,0.0,0,4,20,4,2,0,0
2026-02-20 05:00:00,79,26.3,31.2,115.0,12.2,519.0,12.9,0.0,0,0,0.0,0,5,20,4,2,0,0
2026-02-20 06:00:00,79,28.9,43.8,132.0,7.9,395.0,13.5,0.0,0,0,0.0,0,6,20,4,2,0,1
2026-02-20 07:00:00,79,30.0,93.6,142.0,5.6,347.0,12.5,0.0,0,0,0.0,0,7,20,4,2,0,1
2026-02-20 08:00:00,80,30.0,96.9,148.0,4.1,331.0,10.6,0.0,0,0,0.0,0,8,20,4,2,0,1
2026-02-20 09:00:00,81,27.7,83.4,151.0,3.4,330.0,9.2,0.0,0,0,0.0,0,9,20,4,2,0,1
2026-02-20 10:00:00,82,25.6,68.5,153.0,3.2,334.0,8.8,0.0,0,0,0.0,0,10,20,4,2,0,2
2026-02-20 11:00:00,82,25.8,57.9,152.0,3.8,353.0,8.8,0.0,0,0,0.0,0,11,20,4,2,0,2
2026-02-20 12:00:00,98,21.5,37.4,152.0,6.6,404.0,9.2,0.0,0,0,0.0,0,12,20,4,2,0,2
2026-02-20 13:00:00,110,22.2,30.4,137.0,12.6,525.0,9.6,0.0,0,0,0.0,0,13,20,4,2,0,2
2026-02-20 14:00:00,115,25.6,30.5,116.0,20.9,679.0,10.1,0.0,0,0,0.0,0,14,20,4,2,0,2
2026-02-20 15:00:00,111,27.1,31.3,98.0,27.5,765.0,10.7,0.0,0,0,0.0,0,15,20,4,2,0,2
2026-02-20 16:00:00,102,28.3,32.6,84.0,31.3,727.0,11.4,0.0,0,0,0.0,0,16,20,4,2,0,2
2026-02-20 17:00:00,88,30.0,34.6,72.0,33.4,621.0,12.2,0.0,0,0,0.0,0,17,20,4,2,0,3
2026-02-20 18:00:00,82,32.1,36.2,67.0,33.0,522.0,12.5,0.0,0,0,0.0,0,18,20,4,2,0,3
2026-02-20 19:00:00,82,32.1,35.5,71.0,28.7,449.0,12.0,0.0,0,0,0.0,0,19,20,4,2,0,3
2026-02-20 20:00:00,82,29.7,32.7,81.0,21.9,382.0,11.2,0.0,0,0,0.0,0,20,20,4,2,0,3
2026-02-20 21:00:00,82,27.2,29.9,90.0,15.9,334.0,10.6,0.0,0,0,0.0,0,21,20,4,2,0,0
2026-02-20 22:00:00,82,25.3,28.0,98.0,11.1,293.0,10.5,0.0,0,0,0.0,0,22,20,4,2,0,0
2026-02-20 23:00:00,82,24.1,27.0,105.0,7.2,271.0,10.8,0.0,0,0,0.0,0,23,20,4,2,0,0
2026-02-21 00:00:00,82,23.6,23.7,109.0,6.0,311.0,11.2,0.0,0,0,0.0,0,0,21,5,2,1,0
2026-02-21 01:00:00,83,24.0,25.8,100.0,11.8,478.0,11.9,0.0,0,0,0.0,0,1,21,5,2,1,0
2026-02-21 02:00:00,83,25.6,27.8,89.0,19.7,708.0,13.0,0.0,0,0,0.0,0,2,21,5,2,1,0
2026-02-21 03:00:00,83,28.8,31.0,87.0,24.0,847.0,14.2,0.0,0,0,0.0,0,3,21,5,2,1,0
2026-02-21 04:00:00,84,31.1,33.4,101.0,21.4,809.0,15.6,0.0,0,0,0.0,0,4,21,5,2,1,0
2026-02-21 05:00:00,84,29.5,37.6,125.0,15.4,680.0,17.2,0.0,0,0,0.0,0,5,21,5,2,1,0
2026-02-21 06:00:00,85,33.5,107.1,146.0,10.2,571.0,18.3,0.0,0,0,0.0,0,6,21,5,2,1,1
2026-02-21 07:00:00,85,41.6,179.3,162.0,7.4,524.0,18.5,0.0,0,0,0.0,0,7,21,5,2,1,1
2026-02-21 08:00:00,86,42.1,175.1,176.0,5.5,496.0,18.3,0.0,0,0,0.0,0,8,21,5,2,1,1
2026-02-21 09:00:00,87,43.2,164.8,186.0,4.8,469.0,18.5,0.0,0,0,0.0,0,9,21,5,2,1,1
2026-02-21 10:00:00,95,43.9,156.0,193.0,5.1,415.0,19.9,0.0,0,0,0.0,0,10,21,5,2,1,2
2026-02-21 11:00:00,117,43.5,148.5,195.0,6.7,362.0,21.8,0.0,0,0,0.0,0,11,21,5,2,1,2
2026-02-21 12:00:00,140,39.5,124.8,197.0,10.2,377.0,25.2,0.0,0,0,0.0,0,12,21,5,2,1,2
2026-02-21 13:00:00,158,39.6,92.2,173.0,17.8,533.0,23.8,0.0,0,0,0.0,0,13,21,5,2,1,2
2026-02-21 14:00:00,165,39.5,77.5,139.0,28.3,756.0,21.9,0.0,0,0,0.0,0,14,21,5,2,1,2
2026-02-21 15:00:00,164,39.1,87.5,112.0,36.0,897.0,20.3,0.0,0,0,0.0,0,15,21,5,2,1,2
2026-02-21 16:00:00,156,40.3,98.0,98.0,38.4,882.0,19.4,0.0,0,0,0.0,0,16,21,5,2,1,2
2026-02-21 17:00:00,142,41.2,100.4,91.0,38.0,784.0,18.9,0.0,0,0,0.0,0,17,21,5,2,1,3
2026-02-21 18:00:00,121,41.7,99.0,86.0,36.4,672.0,18.0,0.0,0,0,0.0,0,18,21,5,2,1,3
2026-02-21 19:00:00,99,41.6,95.2,83.0,33.8,553.0,16.5,0.0,0,0,0.0,0,19,21,5,2,1,3
2026-02-21 20:00:00,99,40.9,89.4,83.0,30.0,420.0,14.6,0.0,0,0,0.0,0,20,21,5,2,1,3
2026-02-21 21:00:00,100,38.4,81.3,84.0,25.7,326.0,13.1,0.0,0,0,0.0,0,21,21,5,2,1,0
2026-02-21 22:00:00,101,34.7,71.9,90.0,19.3,277.0,11.9,0.0,0,0,0.0,0,22,21,5,2,1,0
2026-02-21 23:00:00,102,31.2,61.5,97.0,12.4,268.0,10.9,0.0,0,0,0.0,0,23,21,5,2,1,0
2026-02-22 00:00:00,103,29.2,52.5,98.0,10.9,332.0,11.0,0.0,0,0,0.0,0,0,22,6,2,1,0
2026-02-22 01:00:00,103,29.6,49.6,82.0,24.7,556.0,13.0,0.0,0,0,0.0,0,1,22,6,2,1,0
2026-02-22 02:00:00,104,33.9,52.7,61.0,43.0,854.0,15.9,0.0,0,0,0.0,0,2,22,6,2,1,0
2026-02-22 03:00:00,105,43.7,58.9,55.0,52.1,1005.0,18.3,0.0,0,0,0.0,0,3,22,6,2,1,0
2026-02-22 04:00:00,106,36.0,44.9,78.0,42.8,863.0,20.1,0.0,0,0,0.0,0,4,22,6,2,1,0
2026-02-22 05:00:00,107,29.1,38.0,116.0,24.3,574.0,21.6,0.0,0,0,0.0,0,5,22,6,2,1,0
2026-02-22 06:00:00,107,26.1,38.8,146.0,9.8,354.0,22.1,0.0,0,0,0.0,0,6,22,6,2,1,1
2026-02-22 07:00:00,106,25.0,38.9,157.0,4.9,295.0,21.1,0.0,0,0,0.0,0,7,22,6,2,1,1
2026-02-22 08:00:00,104,23.7,37.5,160.0,4.1,306.0,19.1,0.0,0,0,0.0,0,8,22,6,2,1,1
2026-02-22 09:00:00,102,23.1,36.4,159.0,4.4,328.0,17.7,0.0,0,0,0.0,0,9,22,6,2,1,1
2026-02-22 10:00:00,100,22.9,36.2,156.0,4.2,332.0,17.4,0.0,0,0,0.0,0,10,22,6,2,1,2
2026-02-22 11:00:00,99,23.0,36.9,149.0,5.1,348.0,17.7,0.0,0,0,0.0,0,11,22,6,2,1,2
2026-02-22 12:00:00,105,21.4,36.1,141.0,9.7,405.0,18.7,0.0,0,0,0.0,0,12,22,6,2,1,2
2026-02-22 13:00:00,118,24.7,38.2,120.0,19.6,546.0,18.1,0.0,0,0,0.0,0,13,22,6,2,1,2
2026-02-22 14:00:00,119,29.9,38.8,92.0,33.2,729.0,17.4,0.0,0,0,0.0,0,14,22,6,2,1,2
2026-02-22 15:00:00,108,32.6,40.3,70.0,43.0,859.0,16.7,0.0,0,0,0.0,0,15,22,6,2,1,2
2026-02-22 16:00:00,93,33.8,41.2,61.0,45.8,902.0,16.4,0.0,0,0,0.0,0,16,22,6,2,1,2
2026-02-22 17:00:00,93,34.0,41.8,59.0,44.9,893.0,16.3,0.0,0,0,0.0,0,17,22,6,2,1,3
2026-02-22 18:00:00,92,34.7,42.7,60.0,42.3,840.0,15.8,0.0,0,0,0.0,0,18,22,6,2,1,3
2026-02-22 19:00:00,91,34.8,42.6,62.0,38.0,720.0,14.6,0.0,0,0,0.0,0,19,22,6,2,1,3
2026-02-22 20:00:00,91,34.6,42.5,67.0,32.1,556.0,13.1,0.0,0,0,0.0,0,20,22,6,2,1,3
2026-02-22 21:00:00,90,33.1,42.1,72.0,26.4,426.0,11.7,0.0,0,0,0.0,0,21,22,6,2,1,0
2026-02-22 22:00:00,90,29.6,38.4,77.0,19.9,322.0,10.4,0.0,0,0,0.0,0,22,22,6,2,1,0
2026-02-22 23:00:00,90,27.1,36.3,82.0,13.7,253.0,9.2,0.0,0,0,0.0,0,23,22,6,2,1,0
2026-02-23 00:00:00,89,28.0,37.7,82.0,12.8,321.0,8.7,0.0,0,0,0.0,0,0,23,0,2,0,0
2026-02-23 01:00:00,89,30.7,42.0,66.0,23.7,687.0,9.6,0.0,0,0,0.0,0,1,23,0,2,0,0
2026-02-23 02:00:00,89,38.6,51.1,46.0,38.3,1190.0,10.9,0.0,0,0,0.0,0,2,23,0,2,0,0
2026-02-23 03:00:00,90,50.9,60.5,40.0,45.6,1449.0,12.8,0.0,0,0,0.0,0,3,23,0,2,0,0
2026-02-23 04:00:00,90,47.6,57.3,64.0,38.6,1219.0,16.0,0.0,0,0,0.0,0,4,23,0,2,0,0
2026-02-23 05:00:00,91,32.5,49.6,103.0,24.4,745.0,19.7,0.0,0,0,0.0,0,5,23,0,2,0,0
2026-02-23 06:00:00,91,30.2,67.8,133.0,12.9,383.0,22.2,0.0,0,0,0.0,0,6,23,0,2,0,1
2026-02-23 07:00:00,92,32.2,86.8,146.0,7.9,282.0,22.2,0.0,0,0,0.0,0,7,23,0,2,0,1
2026-02-23 08:00:00,92,32.6,92.4,150.0,5.6,292.0,21.0,0.0,0,0,0.0,0,8,23,0,2,0,1
2026-02-23 09:00:00,93,31.8,92.0,150.0,4.8,320.0,19.9,0.0,0,0,0.0,0,9,23,0,2,0,1
2026-02-23 10:00:00,94,31.1,89.6,146.0,4.7,326.0,19.7,0.0,0,0,0.0,0,10,23,0,2,0,2
2026-02-23 11:00:00,94,30.5,86.8,138.0,6.1,349.0,19.7,0.0,0,0,0.0,0,11,23,0,2,0,2
2026-02-23 12:00:00,95,31.1,82.2,130.0,11.4,419.0,22.0,0.0,0,0,0.0,0,12,23,0,2,0,2
2026-02-23 13:00:00,100,32.2,80.3,109.0,22.2,580.0,21.6,0.0,0,0,0.0,0,13,23,0,2,0,2
2026-02-23 14:00:00,101,34.6,65.9,79.0,36.9,787.0,21.0,0.0,0,0,0.0,0,14,23,0,2,0,2
2026-02-23 15:00:00,97,35.5,62.4,56.0,47.7,935.0,20.2,0.0,0,0,0.0,0,15,23,0,2,0,2
2026-02-23 16:00:00,97,35.3,61.0,47.0,50.7,969.0,19.0,0.0,0,0,0.0,0,16,23,0,2,0,2
2026-02-23 17:00:00,97,35.0,59.5,44.0,49.6,944.0,17.7,0.0,0,0,0.0,0,17,23,0,2,0,3
2026-02-23 18:00:00,97,35.7,58.6,42.0,47.7,915.0,16.4,0.0,0,0,0.0,0,18,23,0,2,0,3
2026-02-23 19:00:00,97,37.0,58.6,39.0,46.5,916.0,15.5,0.0,0,0,0.0,0,19,23,0,2,0,3
2026-02-23 20:00:00,97,36.9,61.0,36.0,44.4,913.0,14.7,0.0,0,0,0.0,0,20,23,0,2,0,3
2026-02-23 21:00:00,97,36.2,64.0,36.0,40.6,858.0,13.7,0.0,0,0,0.0,0,21,23,0,2,0,0
2026-02-23 22:00:00,98,36.6,68.7,41.0,32.8,674.0,12.1,0.0,0,0,0.0,0,22,23,0,2,0,0
2026-02-23 23:00:00,98,35.9,70.8,49.0,23.3,438.0,10.3,0.0,0,0,0.0,0,23,23,0,2,0,0
2026-02-24 00:00:00,99,40.7,77.5,51.0,18.3,330.0,8.2,0.0,0,0,0.0,0,0,24,1,2,0,0
2026-02-24 01:00:00,100,41.0,78.9,45.0,22.5,472.0,8.2,0.0,0,0,0.0,0,1,24,1,2,0,0
2026-02-24 02:00:00,101,43.5,82.4,37.0,28.0,743.0,8.4,0.0,0,0,0.0,0,2,24,1,2,0,0
2026-02-24 03:00:00,102,45.9,84.3,39.0,31.0,955.0,9.8,0.0,0,0,0.0,0,3,24,1,2,0,0
2026-02-24 04:00:00,101,41.9,85.2,59.0,29.3,1040.0,14.0,0.0,0,0,0.0,0,4,24,1,2,0,0
2026-02-24 05:00:00,100,40.2,104.1,89.0,25.0,1067.0,19.5,0.0,0,0,0.0,0,5,24,1,2,0,0
2026-02-24 06:00:00,101,37.1,94.8,114.0,20.1,1053.0,22.5,0.0,0,0,0.0,0,6,24,1,2,0,1
2026-02-24 07:00:00,102,22.2,51.5,127.0,14.3,989.0,20.7,0.0,0,0,0.0,0,7,24,1,2,0,1
2026-02-24 08:00:00,101,18.0,31.9,135.0,7.9,883.0,16.4,0.0,0,0,0.0,0,8,24,1,2,0,1
2026-02-24 09:00:00,100,18.0,31.5,139.0,4.4,783.0,13.6,0.0,0,0,0.0,0,9,24,1,2,0,1
2026-02-24 10:00:00,98,18.4,33.8,139.0,5.3,686.0,14.0,0.0,0,0,0.0,0,10,24,1,2,0,2
2026-02-24 11:00:00,97,21.3,42.6,135.0,9.0,594.0,15.8,0.0,0,0,0.0,0,11,24,1,2,0,2
2026-02-24 12:00:00,97,29.2,63.1,121.0,15.8,556.0,17.5,0.0,0,0,0.0,0,12,24,1,2,0,2
2026-02-24 13:00:00,97,31.0,63.6,104.0,21.8,596.0,16.6,0.0,0,0,0.0,0,13,24,1,2,0,2
2026-02-24 14:00:00,96,32.5,62.9,81.0,30.1,689.0,15.3,0.0,0,0,0.0,0,14,24,1,2,0,2
2026-02-24 15:00:00,96,30.7,56.6,62.0,36.3,814.0,14.5,0.0,0,0,0.0,0,15,24,1,2,0,2
2026-02-24 16:00:00,96,29.7,50.9,53.0,38.6,1019.0,14.7,0.0,0,0,0.0,0,16,24,1,2,0,2
2026-02-24 17:00:00,95,29.1,47.5,49.0,38.9,1254.0,15.4,0.0,0,0,0.0,0,17,24,1,2,0,3
2026-02-24 18:00:00,95,28.9,44.6,46.0,38.2,1350.0,15.6,0.0,0,0,0.0,0,18,24,1,2,0,3
2026-02-24 19:00:00,94,28.5,41.9,43.0,36.4,1187.0,14.8,0.0,0,0,0.0,0,19,24,1,2,0,3
2026-02-24 20:00:00,94,27.3,38.8,42.0,33.7,886.0,13.5,0.0,0,0,0.0,0,20,24,1,2,0,3
2026-02-24 21:00:00,93,25.9,35.5,40.0,31.3,631.0,12.6,0.0,0,0,0.0,0,21,24,1,2,0,0
2026-02-24 22:00:00,92,25.3,33.6,38.0,28.9,451.0,12.2,0.0,0,0,0.0,0,22,24,1,2,0,0
2026-02-24 23:00:00,91,25.4,33.1,36.0,26.8,318.0,12.1,0.0,0,0,0.0,0,23,24,1,2,0,0
2026-02-25 00:00:00,91,31.7,43.9,29.0,32.6,339.0,13.9,0.0,0,0,0.0,0,0,25,2,2,0,0
2026-02-25 01:00:00,90,33.3,45.5,19.0,37.8,659.0,16.3,0.0,0,0,0.0,0,1,25,2,2,0,0
2026-02-25 02:00:00,89,38.6,51.0,7.0,44.7,1133.0,19.7,0.0,0,0,0.0,0,2,25,2,2,0,0
2026-02-25 03:00:00,89,52.4,62.9,10.0,47.5,1430.0,23.3,0.0,0,0,0.0,0,3,25,2,2,0,0
2026-02-25 04:00:00,89,42.5,53.2,40.0,42.8,1382.0,27.7,0.0,0,0,0.0,0,4,25,2,2,0,0
2026-02-25 05:00:00,89,30.0,42.3,84.0,34.1,1157.0,32.2,0.0,0,0,0.0,0,5,25,2,2,0,0
2026-02-25 06:00:00,89,26.0,36.9,120.0,25.5,929.0,33.9,0.0,0,0,0.0,0,6,25,2,2,0,1
2026-02-25 07:00:00,88,25.4,37.5,139.0,17.5,737.0,30.2,0.0,0,0,0.0,0,7,25,2,2,0,1
2026-02-25 08:00:00,88,20.9,29.6,149.0,9.7,543.0,23.5,0.0,0,0,0.0,0,8,25,2,2,0,1
2026-02-25 09:00:00,88,19.5,26.7,153.0,5.1,406.0,18.5,0.0,0,0,0.0,0,9,25,2,2,0,1
2026-02-25 10:00:00,88,19.3,26.3,149.0,5.5,357.0,17.2,0.0,0,0,0.0,0,10,25,2,2,0,2
2026-02-25 11:00:00,88,20.7,29.6,138.0,9.2,365.0,17.5,0.0,0,0,0.0,0,11,25,2,2,0,2
2026-02-25 12:00:00,88,25.4,35.5,138.0,14.1,403.0,20.9,0.0,0,0,0.0,0,12,25,2,2,0,2
2026-02-25 13:00:00,94,25.0,34.1,115.0,21.4,486.0,19.4,0.0,0,0,0.0,0,13,25,2,2,0,2
2026-02-25 14:00:00,101,25.4,33.4,83.0,31.3,598.0,17.2,0.0,0,0,0.0,0,14,25,2,2,0,2
2026-02-25 15:00:00,93,24.9,32.9,59.0,38.4,663.0,15.4,0.0,0,0,0.0,0,15,25,2,2,0,2
2026-02-25 16:00:00,87,25.0,33.1,50.0,40.0,643.0,14.4,0.0,0,0,0.0,0,16,25,2,2,0,2
2026-02-25 17:00:00,86,25.4,33.5,49.0,38.7,576.0,13.8,0.0,0,0,0.0,0,17,25,2,2,0,3
2026-02-25 18:00:00,86,26.0,34.5,49.0,36.4,504.0,13.1,0.0,0,0,0.0,0,18,25,2,2,0,3
2026-02-25 19:00:00,86,26.0,34.6,49.0,33.2,432.0,11.9,0.0,0,0,0.0,0,19,25,2,2,0,3
2026-02-25 20:00:00,85,25.1,34.0,50.0,29.0,355.0,10.5,0.0,0,0,0.0,0,20,25,2,2,0,3
2026-02-25 21:00:00,85,23.9,32.8,52.0,25.0,298.0,9.5,0.0,0,0,0.0,0,21,25,2,2,0,0
2026-02-25 22:00:00,85,22.6,31.3,54.0,20.6,233.0,9.0,0.0,0,0,0.0,0,22,25,2,2,0,0
2026-02-25 23:00:00,85,21.4,29.4,57.0,16.3,187.0,9.0,0.0,0,0,0.0,0,23,25,2,2,0,0
2026-02-26 00:00:00,85,19.8,28.2,62.0,13.6,268.0,8.6,0.0,0,0,0.0,0,0,26,3,2,0,0
2026-02-26 01:00:00,84,19.2,27.1,53.0,20.7,616.0,9.6,0.0,0,0,0.0,0,1,26,3,2,0,0
2026-02-26 02:00:00,83,21.1,28.1,41.0,30.1,1091.0,11.1,0.0,0,0,0.0,0,2,26,3,2,0,0
2026-02-26 03:00:00,81,26.3,32.0,39.0,35.1,1373.0,13.2,0.0,0,0,0.0,0,3,26,3,2,0,0
2026-02-26 04:00:00,79,27.2,33.1,54.0,31.6,1285.0,16.8,0.0,0,0,0.0,0,4,26,3,2,0,0
2026-02-26 05:00:00,78,24.3,31.9,79.0,23.6,1004.0,21.1,0.0,0,0,0.0,0,5,26,3,2,0,0
2026-02-26 06:00:00,78,22.5,29.6,102.0,16.4,745.0,23.5,0.0,0,0,0.0,0,6,26,3,2,0,1
2026-02-26 07:00:00,77,21.6,28.2,120.0,11.1,568.0,22.4,0.0,0,0,0.0,0,7,26,3,2,0,1
2026-02-26 08:00:00,77,21.5,27.8,136.0,6.5,413.0,19.5,0.0,0,0,0.0,0,8,26,3,2,0,1
2026-02-26 09:00:00,77,20.5,26.5,143.0,4.3,311.0,17.0,0.0,0,0,0.0,0,9,26,3,2,0,1
2026-02-26 10:00:00,77,20.1,26.3,137.0,5.3,284.0,16.1,0.0,0,0,0.0,0,10,26,3,2,0,2
2026-02-26 11:00:00,77,20.7,27.7,122.0,8.7,311.0,15.6,0.0,0,0,0.0,0,11,26,3,2,0,2
2026-02-26 12:00:00,77,22.4,28.3,112.0,13.1,355.0,17.0,0.0,0,0,0.0,0,12,26,3,2,0,2
2026-02-26 13:00:00,77,22.4,27.6,94.0,18.9,424.0,15.0,0.0,0,0,0.0,0,13,26,3,2,0,2
2026-02-26 14:00:00,77,22.1,27.0,70.0,26.6,511.0,12.3,0.0,0,0,0.0,0,14,26,3,2,0,2
2026-02-26 15:00:00,76,21.7,27.8,53.0,31.2,560.0,10.1,0.0,0,0,0.0,0,15,26,3,2,0,2
2026-02-26 16:00:00,76,21.9,30.3,52.0,29.7,545.0,9.2,0.0,0,0,0.0,0,16,26,3,2,0,2
2026-02-26 17:00:00,76,22.3,32.9,60.0,25.0,492.0,8.8,0.0,0,0,0.0,0,17,26,3,2,0,3
2026-02-26 18:00:00,76,23.1,35.7,66.0,20.7,430.0,8.4,0.0,0,0,0.0,0,18,26,3,2,0,3
2026-02-26 19:00:00,75,23.8,38.2,68.0,17.9,356.0,7.7,0.0,0,0,0.0,0,19,26,3,2,0,3
2026-02-26 20:00:00,75,24.0,39.8,68.0,15.4,273.0,7.1,0.0,0,0,0.0,0,20,26,3,2,0,3
2026-02-26 21:00:00,75,23.5,39.9,69.0,13.1,213.0,6.6,0.0,0,0,0.0,0,21,26,3,2,0,0
2026-02-26 22:00:00,75,22.4,38.9,71.0,10.2,178.0,6.3,0.0,0,0,0.0,0,22,26,3,2,0,0
2026-02-26 23:00:00,75,21.2,37.1,74.0,7.6,166.0,6.2,0.0,0,0,0.0,0,23,26,3,2,0,0
2026-02-27 00:00:00,75,20.4,35.7,71.0,8.3,209.0,6.8,0.0,0,0,0.0,0,0,27,4,2,0,0
2026-02-27 01:00:00,75,20.3,35.3,63.0,14.9,369.0,7.7,0.0,0,0,0.0,0,1,27,4,2,0,0
2026-02-27 02:00:00,75,21.9,36.7,52.0,23.7,584.0,9.1,0.0,0,0,0.0,0,2,27,4,2,0,0
2026-02-27 03:00:00,75,25.7,39.9,51.0,28.3,700.0,11.0,0.0,0,0,0.0,0,3,27,4,2,0,0
2026-02-27 04:00:00,75,25.9,44.9,68.0,24.7,619.0,13.9,0.0,0,0,0.0,0,4,27,4,2,0,0
2026-02-27 05:00:00,75,25.5,49.2,94.0,16.9,438.0,17.3,0.0,0,0,0.0,0,5,27,4,2,0,0
2026-02-27 06:00:00,75,24.6,48.0,115.0,10.4,299.0,19.6,0.0,0,0,0.0,0,6,27,4,2,0,1
2026-02-27 07:00:00,75,22.7,42.1,128.0,7.3,257.0,20.0,0.0,0,0,0.0,0,7,27,4,2,0,1
2026-02-27 08:00:00,76,22.2,39.7,135.0,5.5,256.0,19.3,0.0,0,0,0.0,0,8,27,4,2,0,1
2026-02-27 09:00:00,76,22.2,39.0,138.0,4.8,266.0,18.3,0.0,0,0,0.0,0,9,27,4,2,0,1
2026-02-27 10:00:00,76,22.0,38.6,134.0,4.8,273.0,17.2,0.0,0,0,0.0,0,10,27,4,2,0,2
2026-02-27 11:00:00,76,21.7,38.8,124.0,5.9,292.0,15.9,0.0,0,0,0.0,0,11,27,4,2,0,2
2026-02-27 12:00:00,76,22.6,40.5,111.0,9.1,330.0,15.1,0.0,0,0,0.0,0,12,27,4,2,0,2
2026-02-27 13:00:00,76,23.8,42.6,99.0,15.0,409.0,14.7,0.0,0,0,0.0,0,13,27,4,2,0,2
2026-02-27 14:00:00,76,25.4,39.7,82.0,23.2,507.0,14.1,0.0,0,0,0.0,0,14,27,4,2,0,2
2026-02-27 15:00:00,76,26.8,41.1,68.0,29.6,574.0,13.6,0.0,0,0,0.0,0,15,27,4,2,0,2
2026-02-27 16:00:00,77,28.1,42.0,61.0,33.1,590.0,13.6,0.0,0,0,0.0,0,16,27,4,2,0,2
2026-02-27 17:00:00,77,29.1,42.8,58.0,34.8,574.0,13.7,0.0,0,0,0.0,0,17,27,4,2,0,3
2026-02-27 18:00:00,78,29.8,43.5,57.0,34.4,532.0,13.4,0.0,0,0,0.0,0,18,27,4,2,0,3
2026-02-27 19:00:00,78,29.3,44.0,60.0,30.6,449.0,12.2,0.0,0,0,0.0,0,19,27,4,2,0,3
2026-02-27 20:00:00,79,27.6,43.4,66.0,24.7,340.0,10.6,0.0,0,0,0.0,0,20,27,4,2,0,3
2026-02-27 21:00:00,79,26.0,43.9,71.0,19.5,258.0,9.3,0.0,0,0,0.0,0,21,27,4,2,0,0
2026-02-27 22:00:00,79,24.2,43.1,73.0,15.4,211.0,8.6,0.0,0,0,0.0,0,22,27,4,2,0,0
2026-02-27 23:00:00,79,22.2,40.9,75.0,12.1,192.0,8.1,0.0,0,0,0.0,0,23,27,4,2,0,0
2026-02-28 00:00:00,79,20.4,40.5,76.0,10.3,231.0,7.7,0.0,0,0,0.0,0,0,28,5,2,1,0
2026-02-28 01:00:00,79,19.8,38.8,70.0,15.9,393.0,8.3,0.0,0,0,0.0,0,1,28,5,2,1,0
2026-02-28 02:00:00,79,21.4,40.9,62.0,23.2,614.0,9.3,0.0,0,0,0.0,0,2,28,5,2,1,0
2026-02-28 03:00:00,79,24.8,45.3,64.0,26.8,730.0,10.8,0.0,0,0,0.0,0,3,28,5,2,1,0
2026-02-28 04:00:00,79,26.0,52.0,84.0,22.9,635.0,13.2,0.0,0,0,0.0,0,4,28,5,2,1,0
2026-02-28 05:00:00,79,26.7,75.0,113.0,15.2,435.0,16.2,0.0,0,0,0.0,0,5,28,5,2,1,0
2026-02-28 06:00:00,79,30.0,99.0,135.0,8.9,283.0,18.1,0.0,0,0,0.0,0,6,28,5,2,1,1
2026-02-28 07:00:00,80,31.2,106.9,144.0,6.0,240.0,18.3,0.0,0,0,0.0,0,7,28,5,2,1,1
2026-02-28 08:00:00,80,30.5,102.7,147.0,4.5,245.0,17.4,0.0,0,0,0.0,0,8,28,5,2,1,1
2026-02-28 09:00:00,81,29.8,98.7,145.0,4.2,263.0,16.7,0.0,0,0,0.0,0,9,28,5,2,1,1
2026-02-28 10:00:00,82,29.4,96.2,140.0,4.7,281.0,16.4,0.0,0,0,0.0,0,10,28,5,2,1,2
2026-02-28 11:00:00,82,28.8,92.7,130.0,6.4,312.0,16.2,0.0,0,0,0.0,0,11,28,5,2,1,2
2026-02-28 12:00:00,87,25.9,76.6,118.0,10.4,359.0,16.5,0.0,0,0,0.0,0,12,28,5,2,1,2
2026-02-28 13:00:00,95,25.8,70.5,101.0,17.8,441.0,15.7,0.0,0,0,0.0,0,13,28,5,2,1,2
2026-02-28 14:00:00,92,26.8,56.8,79.0,27.9,538.0,14.5,0.0,0,0,0.0,0,14,28,5,2,1,2
2026-02-28 15:00:00,83,26.8,53.9,61.0,35.0,596.0,13.6,0.0,0,0,0.0,0,15,28,5,2,1,2
2026-02-28 16:00:00,83,26.5,51.3,54.0,36.3,581.0,13.1,0.0,0,0,0.0,0,16,28,5,2,1,2
2026-02-28 17:00:00,83,26.4,49.1,53.0,34.6,527.0,12.9,0.0,0,0,0.0,0,17,28,5,2,1,3
2026-02-28 18:00:00,83,26.1,48.1,52.0,32.2,477.0,12.4,0.0,0,0,0.0,0,18,28,5,2,1,3
2026-02-28 19:00:00,83,26.0,47.6,51.0,29.7,447.0,11.5,0.0,0,0,0.0,0,19,28,5,2,1,3
2026-02-28 20:00:00,82,26.0,48.3,52.0,26.5,421.0,10.3,0.0,0,0,0.0,0,20,28,5,2,1,3
2026-02-28 21:00:00,82,26.0,49.0,52.0,23.3,393.0,9.3,0.0,0,0,0.0,0,21,28,5,2,1,0
2026-02-28 22:00:00,82,26.3,50.3,53.0,19.1,337.0,8.5,0.0,0,0,0.0,0,22,28,5,2,1,0
2026-02-28 23:00:00,83,26.5,51.1,55.0,14.8,279.0,7.8,0.0,0,0,0.0,0,23,28,5,2,1,0
2026-03-01 00:00:00,83,26.5,49.2,56.0,11.9,285.0,7.1,0.0,0,0,0.0,0,0,1,6,3,1,0
2026-03-01 01:00:00,83,28.5,50.6,49.0,18.0,432.0,7.5,0.0,0,0,0.0,0,1,1,6,3,1,0
2026-03-01 02:00:00,84,33.4,56.5,40.0,26.1,644.0,8.2,0.0,0,0,0.0,0,2,1,6,3,1,0
2026-03-01 03:00:00,85,38.8,61.5,42.0,30.1,760.0,10.3,0.0,0,0,0.0,0,3,1,6,3,1,0
2026-03-01 04:00:00,86,34.6,59.5,64.0,26.2,684.0,15.0,0.0,0,0,0.0,0,4,1,6,3,1,0
2026-03-01 05:00:00,87,29.3,56.6,97.0,18.3,512.0,21.0,0.0,0,0,0.0,0,5,1,6,3,1,0
2026-03-01 06:00:00,87,27.2,51.0,125.0,11.8,373.0,25.6,0.0,0,0,0.0,0,6,1,6,3,1,1
2026-03-01 07:00:00,87,25.3,45.1,145.0,8.5,313.0,27.9,0.0,0,0,0.0,0,7,1,6,3,1,1
2026-03-01 08:00:00,86,23.6,40.7,160.0,6.5,285.0,28.7,0.0,0,0,0.0,0,8,1,6,3,1,1
2026-03-01 09:00:00,86,23.6,39.7,166.0,5.8,276.0,28.4,0.0,0,0,0.0,0,9,1,6,3,1,1
2026-03-01 10:00:00,85,22.8,38.4,161.0,5.8,277.0,26.5,0.0,0,0,0.0,0,10,1,6,3,1,2
2026-03-01 11:00:00,85,22.2,38.5,147.0,7.2,296.0,23.4,0.0,0,0,0.0,0,11,1,6,3,1,2
2026-03-01 12:00:00,93,18.3,30.5,128.0,10.8,346.0,20.8,0.0,0,0,0.0,0,12,1,6,3,1,2
2026-03-01 13:00:00,107,17.9,29.3,109.0,18.6,450.0,19.2,0.0,0,0,0.0,0,13,1,6,3,1,2
2026-03-01 14:00:00,109,20.9,30.3,82.0,29.6,586.0,16.9,0.0,0,0,0.0,0,14,1,6,3,1,2
2026-03-01 15:00:00,100,23.5,33.5,60.0,38.8,698.0,15.4,0.0,0,0,0.0,0,15,1,6,3,1,2
2026-03-01 16:00:00,82,25.4,35.7,48.0,44.9,768.0,15.4,0.0,0,0,0.0,0,16,1,6,3,1,2
2026-03-01 17:00:00,82,27.8,38.0,41.0,49.2,815.0,16.1,0.0,0,0,0.0,0,17,1,6,3,1,3
2026-03-01 18:00:00,82,30.5,40.4,37.0,51.0,835.0,16.4,0.0,0,0,0.0,0,18,1,6,3,1,3
2026-03-01 19:00:00,83,31.9,41.6,36.0,49.6,828.0,15.7,0.0,0,0,0.0,0,19,1,6,3,1,3
2026-03-01 20:00:00,83,31.8,41.9,39.0,45.6,795.0,14.5,0.0,0,0,0.0,0,20,1,6,3,1,3
2026-03-01 21:00:00,84,31.2,42.7,43.0,40.3,733.0,13.2,0.0,0,0,0.0,0,21,1,6,3,1,0
2026-03-01 22:00:00,84,29.8,41.4,49.0,32.3,609.0,11.6,0.0,0,0,0.0,0,22,1,6,3,1,0
2026-03-01 23:00:00,84,28.7,39.6,57.0,22.9,456.0,9.9,0.0,0,0,0.0,0,23,1,6,3,1,0
2026-03-02 00:00:00,84,25.8,35.6,64.0,15.1,374.0,8.0,0.0,0,0,0.0,0,0,2,0,3,0,0
2026-03-02 01:00:00,84,26.6,36.1,54.0,21.4,441.0,8.3,0.0,0,0,0.0,0,1,2,0,3,0,0
2026-03-02 02:00:00,84,29.9,39.0,42.0,29.9,578.0,8.9,0.0,0,0,0.0,0,2,2,0,3,0,0
2026-03-02 03:00:00,84,37.5,42.8,41.0,34.1,654.0,10.7,0.0,0,0,0.0,0,3,2,0,3,0,0
2026-03-02 04:00:00,84,32.5,39.7,62.0,30.3,596.0,14.8,0.0,0,0,0.0,0,4,2,0,3,0,0
2026-03-02 05:00:00,84,26.0,43.0,96.0,22.3,476.0,20.1,0.0,0,0,0.0,0,5,2,0,3,0,0
2026-03-02 06:00:00,83,25.7,52.3,125.0,15.4,380.0,24.5,0.0,0,0,0.0,0,6,2,0,3,0,1
2026-03-02 07:00:00,83,26.6,57.6,148.0,11.3,340.0,27.4,0.0,0,0,0.0,0,7,2,0,3,0,1
2026-03-02 08:00:00,83,26.5,58.6,166.0,8.3,325.0,29.4,0.0,0,0,0.0,0,8,2,0,3,0,1
2026-03-02 09:00:00,84,26.1,55.5,175.0,7.1,323.0,29.8,0.0,0,0,0.0,0,9,2,0,3,0,1
2026-03-02 10:00:00,84,25.6,53.1,169.0,7.7,334.0,27.7,0.0,0,0,0.0,0,10,2,0,3,0,2
2026-03-02 11:00:00,84,24.5,51.9,153.0,10.0,358.0,23.9,0.0,0,0,0.0,0,11,2,0,3,0,2
2026-03-02 12:00:00,99,24.9,50.9,139.0,14.1,391.0,23.7,0.0,0,0,0.0,0,12,2,0,3,0,2
2026-03-02 13:00:00,116,24.4,48.4,117.0,20.5,435.0,20.5,0.0,0,0,0.0,0,13,2,0,3,0,2
2026-03-02 14:00:00,120,25.9,47.1,86.0,29.4,487.0,16.1,0.0,0,0,0.0,0,14,2,0,3,0,2
2026-03-02 15:00:00,112,26.3,50.2,61.0,37.1,532.0,13.0,0.0,0,0,0.0,0,15,2,0,3,0,2
2026-03-02 16:00:00,93,27.5,50.9,48.0,42.8,570.0,12.7,0.0,0,0,0.0,0,16,2,0,3,0,2
2026-03-02 17:00:00,86,29.6,52.5,41.0,47.3,601.0,13.7,0.0,0,0,0.0,0,17,2,0,3,0,3
2026-03-02 18:00:00,86,33.2,56.7,37.0,49.2,611.0,14.4,0.0,0,0,0.0,0,18,2,0,3,0,3
2026-03-02 19:00:00,86,35.6,57.6,36.0,47.5,596.0,14.2,0.0,0,0,0.0,0,19,2,0,3,0,3
2026-03-02 20:00:00,87,33.5,54.5,38.0,43.1,561.0,13.6,0.0,0,0,0.0,0,20,2,0,3,0,3
2026-03-02 21:00:00,87,31.3,54.5,41.0,37.6,505.0,12.9,0.0,0,0,0.0,0,21,2,0,3,0,0
2026-03-02 22:00:00,87,28.9,52.0,47.0,29.5,384.0,11.8,0.0,0,0,0.0,0,22,2,0,3,0,0
2026-03-02 23:00:00,87,26.4,48.8,55.0,20.3,243.0,10.5,0.0,0,0,0.0,0,23,2,0,3,0,0
2026-03-03 00:00:00,87,27.9,49.2,46.0,20.4,210.0,11.3,0.0,0,0,0.0,0,0,3,1,3,0,0
2026-03-03 01:00:00,87,27.0,47.4,38.0,25.2,396.0,11.2,0.0,0,0,0.0,0,1,3,1,3,0,0
2026-03-03 02:00:00,87,28.8,49.8,29.0,31.5,691.0,11.4,0.0,0,0,0.0,0,2,3,1,3,0,0
2026-03-03 03:00:00,87,32.6,51.0,32.0,34.4,892.0,13.9,0.0,0,0,0.0,0,3,3,1,3,0,0
2026-03-03 04:00:00,86,32.7,54.6,59.0,30.9,909.0,21.2,0.0,0,0,0.0,0,4,3,1,3,0,0
2026-03-03 05:00:00,86,31.1,60.1,98.0,24.0,832.0,30.7,0.0,0,0,0.0,0,5,3,1,3,0,0
2026-03-03 06:00:00,87,26.7,52.3,131.0,17.6,732.0,36.8,0.0,0,0,0.0,0,6,3,1,3,0,1
2026-03-03 07:00:00,87,24.3,43.9,152.0,12.6,607.0,36.3,0.0,0,0,0.0,0,7,3,1,3,0,1
2026-03-03 08:00:00,87,24.4,41.4,167.0,8.0,458.0,32.3,0.0,0,0,0.0,0,8,3,1,3,0,1
2026-03-03 09:00:00,86,25.0,40.7,173.0,5.4,357.0,28.4,0.0,0,0,0.0,0,9,3,1,3,0,1
2026-03-03 10:00:00,86,24.7,39.3,168.0,4.5,333.0,25.9,0.0,0,0,0.0,0,10,3,1,3,0,2
2026-03-03 11:00:00,86,23.2,37.1,155.0,5.5,358.0,23.6,0.0,0,0,0.0,0,11,3,1,3,0,2
2026-03-03 12:00:00,101,19.4,31.7,132.0,10.8,420.0,21.3,0.0,0,0,0.0,0,12,3,1,3,0,2
2026-03-03 13:00:00,117,20.5,35.0,106.0,22.5,549.0,19.5,0.0,0,0,0.0,0,13,3,1,3,0,2
2026-03-03 14:00:00,118,25.5,39.8,70.0,38.7,715.0,17.1,0.0,0,0,0.0,0,14,3,1,3,0,2
2026-03-03 15:00:00,105,28.5,44.2,42.0,50.8,816.0,15.4,0.0,0,0,0.0,0,15,3,1,3,0,2
2026-03-03 16:00:00,86,31.4,47.7,31.0,55.7,800.0,15.3,0.0,0,0,0.0,0,16,3,1,3,0,2
2026-03-03 17:00:00,86,32.9,50.1,28.0,56.5,718.0,15.8,0.0,0,0,0.0,0,17,3,1,3,0,3
2026-03-03 18:00:00,86,33.3,51.5,28.0,54.3,621.0,15.8,0.0,0,0,0.0,0,18,3,1,3,0,3
2026-03-03 19:00:00,86,32.4,51.1,31.0,48.1,512.0,14.5,0.0,0,0,0.0,0,19,3,1,3,0,3
2026-03-03 20:00:00,86,30.5,50.3,38.0,38.9,389.0,12.6,0.0,0,0,0.0,0,20,3,1,3,0,3
2026-03-03 21:00:00,86,28.3,49.1,44.0,30.6,293.0,10.9,0.0,0,0,0.0,0,21,3,1,3,0,0
2026-03-03 22:00:00,85,26.5,47.8,48.0,23.7,233.0,9.6,0.0,0,0,0.0,0,22,3,1,3,0,0
2026-03-03 23:00:00,85,25.7,48.2,51.0,17.7,201.0,8.6,0.0,0,0,0.0,0,23,3,1,3,0,0
2026-03-04 00:00:00,85,29.1,54.9,47.0,16.8,216.0,7.9,0.0,0,0,0.0,0,0,4,2,3,0,0
2026-03-04 01:00:00,85,30.9,57.7,43.0,21.1,321.0,8.0,0.0,0,0,0.0,0,1,4,2,3,0,0
2026-03-04 02:00:00,86,34.7,63.8,38.0,26.7,472.0,8.2,0.0,0,0,0.0,0,2,4,2,3,0,0
2026-03-04 03:00:00,86,37.6,68.5,41.0,28.9,561.0,9.7,0.0,0,0,0.0,0,3,4,2,3,0,0
2026-03-04 04:00:00,86,32.7,68.2,59.0,24.4,524.0,13.6,0.0,0,0,0.0,0,4,4,2,3,0,0
2026-03-04 05:00:00,86,29.7,63.6,85.0,16.4,425.0,18.6,0.0,0,0,0.0,0,5,4,2,3,0,0
2026-03-04 06:00:00,86,27.4,54.9,108.0,10.0,341.0,22.3,0.0,0,0,0.0,0,6,4,2,3,0,1
2026-03-04 07:00:00,86,25.4,47.6,124.0,7.0,299.0,23.3,0.0,0,0,0.0,0,7,4,2,3,0,1
2026-03-04 08:00:00,86,23.3,41.1,136.0,5.5,273.0,22.8,0.0,0,0,0.0,0,8,4,2,3,0,1
2026-03-04 09:00:00,86,21.3,35.6,141.0,5.2,263.0,22.1,0.0,0,0,0.0,0,9,4,2,3,0,1
2026-03-04 10:00:00,86,19.6,31.4,138.0,5.5,271.0,21.5,0.0,0,0,0.0,0,10,4,2,3,0,2
2026-03-04 11:00:00,86,18.6,28.5,129.0,6.9,295.0,20.7,0.0,0,0,0.0,0,11,4,2,3,0,2
2026-03-04 12:00:00,85,16.5,25.2,111.0,10.5,334.0,18.0,0.0,0,0,0.0,0,12,4,2,3,0,2
2026-03-04 13:00:00,85,16.9,24.6,94.0,18.7,403.0,17.5,0.0,0,0,0.0,0,13,4,2,3,0,2
2026-03-04 14:00:00,85,20.7,26.6,70.0,29.9,487.0,16.7,0.0,0,0,0.0,0,14,4,2,3,0,2
2026-03-04 15:00:00,84,21.9,27.8,53.0,37.1,540.0,15.8,0.0,0,0,0.0,0,15,4,2,3,0,2
2026-03-04 16:00:00,84,21.4,27.0,49.0,36.9,544.0,14.7,0.0,0,0,0.0,0,16,4,2,3,0,2
2026-03-04 17:00:00,83,20.5,25.1,51.0,32.8,516.0,13.4,0.0,0,0,0.0,0,17,4,2,3,0,3
2026-03-04 18:00:00,82,19.4,23.1,55.0,28.1,469.0,12.0,0.0,0,0,0.0,0,18,4,2,3,0,3
2026-03-04 19:00:00,81,17.9,21.0,59.0,23.6,390.0,10.4,0.0,0,0,0.0,0,19,4,2,3,0,3
2026-03-04 20:00:00,80,15.8,18.4,64.0,18.5,290.0,8.8,0.0,0,0,0.0,0,20,4,2,3,0,3
2026-03-04 21:00:00,79,13.6,15.9,68.0,14.3,215.0,7.6,0.0,0,0,0.0,0,21,4,2,3,0,0
2026-03-04 22:00:00,78,12.0,14.2,70.0,10.9,168.0,6.9,0.0,0,0,0.0,0,22,4,2,3,0,0
2026-03-04 23:00:00,76,10.8,12.9,71.0,8.3,145.0,6.5,0.0,0,0,0.0,0,23,4,2,3,0,0
2026-03-05 00:00:00,75,10.0,12.7,70.0,8.5,181.0,6.7,0.0,0,0,0.0,0,0,5,3,3,0,0
2026-03-05 01:00:00,74,10.3,12.7,63.0,14.7,342.0,7.6,0.0,0,0,0.0,0,1,5,3,3,0,0
2026-03-05 02:00:00,72,12.5,14.8,53.0,22.8,561.0,8.8,0.0,0,0,0.0,0,2,5,3,3,0,0
2026-03-05 03:00:00,70,16.6,19.0,52.0,26.9,675.0,10.2,0.0,0,0,0.0,0,3,5,3,3,0,0
2026-03-05 04:00:00,69,16.2,19.8,67.0,22.8,579.0,11.8,0.0,0,0,0.0,0,4,5,3,3,0,0
2026-03-05 05:00:00,67,14.7,19.6,91.0,14.6,377.0,13.6,0.0,0,0,0.0,0,5,5,3,3,0,0
2026-03-05 06:00:00,66,13.4,19.2,109.0,8.0,225.0,14.6,0.0,0,0,0.0,0,6,5,3,3,0,1
2026-03-05 07:00:00,65,12.5,18.7,116.0,5.2,187.0,14.3,0.0,0,0,0.0,0,7,5,3,3,0,1
2026-03-05 08:00:00,64,12.0,19.0,116.0,4.1,198.0,13.4,0.0,0,0,0.0,0,8,5,3,3,0,1
2026-03-05 09:00:00,63,12.0,20.5,114.0,4.0,217.0,12.7,0.0,0,0,0.0,0,9,5,3,3,0,1
2026-03-05 10:00:00,63,12.8,23.1,109.0,4.4,229.0,12.7,0.0,0,0,0.0,0,10,5,3,3,0,2
2026-03-05 11:00:00,62,13.9,25.8,101.0,5.8,250.0,13.0,0.0,0,0,0.0,0,11,5,3,3,0,2
2026-03-05 12:00:00,62,15.6,27.5,92.0,8.5,280.0,13.1,0.0,0,0,0.0,0,12,5,3,3,0,2
2026-03-05 13:00:00,62,17.1,29.9,80.0,13.8,330.0,12.7,0.0,0,0,0.0,0,13,5,3,3,0,2
2026-03-05 14:00:00,62,19.6,31.3,65.0,21.1,389.0,12.1,0.0,0,0,0.0,0,14,5,3,3,0,2
2026-03-05 15:00:00,62,21.0,33.8,53.0,25.8,431.0,11.5,0.0,0,0,0.0,0,15,5,3,3,0,2
2026-03-05 16:00:00,61,21.7,35.4,50.0,26.0,451.0,11.1,0.0,0,0,0.0,0,16,5,3,3,0,2
2026-03-05 17:00:00,61,21.9,36.0,51.0,23.7,453.0,10.8,0.0,0,0,0.0,0,17,5,3,3,0,3
2026-03-05 18:00:00,62,22.0,36.1,53.0,20.7,427.0,10.3,0.0,0,0,0.0,0,18,5,3,3,0,3
2026-03-05 19:00:00,62,21.3,35.3,56.0,17.1,348.0,9.3,0.0,0,0,0.0,0,19,5,3,3,0,3
2026-03-05 20:00:00,62,19.9,33.6,60.0,12.8,240.0,8.1,0.0,0,0,0.0,0,20,5,3,3,0,3
2026-03-05 21:00:00,62,18.7,32.0,63.0,9.3,161.0,7.0,0.0,0,0,0.0,0,21,5,3,3,0,0
2026-03-05 22:00:00,63,17.9,31.3,65.0,6.8,133.0,6.2,0.0,0,0,0.0,0,22,5,3,3,0,0
2026-03-05 23:00:00,63,17.3,30.2,67.0,5.1,134.0,5.5,0.0,0,0,0.0,0,23,5,3,3,0,0
2026-03-06 00:00:00,64,17.4,29.9,65.0,5.6,158.0,5.5,0.0,0,0,0.0,0,0,6,4,3,0,0
2026-03-06 01:00:00,64,18.1,30.3,60.0,9.6,224.0,6.0,0.0,0,0,0.0,0,1,6,4,3,0,0
2026-03-06 02:00:00,65,19.7,31.7,54.0,14.9,314.0,6.9,0.0,0,0,0.0,0,2,6,4,3,0,0
2026-03-06 03:00:00,66,22.2,37.1,53.0,17.7,366.0,8.2,0.0,0,0,0.0,0,3,6,4,3,0,0
2026-03-06 04:00:00,66,21.7,46.8,63.0,15.5,343.0,10.5,0.0,0,0,0.0,0,4,6,4,3,0,0
2026-03-06 05:00:00,66,22.6,57.5,80.0,10.9,282.0,13.2,0.0,0,0,0.0,0,5,6,4,3,0,0
2026-03-06 06:00:00,67,24.3,66.8,93.0,7.1,235.0,15.1,0.0,0,0,0.0,0,6,6,4,3,0,1
2026-03-06 07:00:00,68,25.5,73.6,101.0,5.4,221.0,15.3,0.0,0,0,0.0,0,7,6,4,3,0,1
2026-03-06 08:00:00,69,26.3,76.1,106.0,4.6,222.0,14.7,0.0,0,0,0.0,0,8,6,4,3,0,1
2026-03-06 09:00:00,70,26.5,75.2,107.0,4.7,232.0,14.1,0.0,0,0,0.0,0,9,6,4,3,0,1
2026-03-06 10:00:00,71,27.0,73.1,103.0,5.4,250.0,13.9,0.0,0,0,0.0,0,10,6,4,3,0,2
2026-03-06 11:00:00,72,27.0,69.4,95.0,7.0,277.0,13.8,0.0,0,0,0.0,0,11,6,4,3,0,2
2026-03-06 12:00:00,73,24.5,61.2,87.0,10.1,317.0,14.3,0.0,0,0,0.0,0,12,6,4,3,0,2
2026-03-06 13:00:00,74,24.4,53.9,74.0,16.9,381.0,13.7,0.0,0,0,0.0,0,13,6,4,3,0,2
2026-03-06 14:00:00,75,25.7,46.8,57.0,26.2,457.0,12.8,0.0,0,0,0.0,0,14,6,4,3,0,2
2026-03-06 15:00:00,75,26.1,47.6,45.0,32.3,509.0,12.1,0.0,0,0,0.0,0,15,6,4,3,0,2
2026-03-06 16:00:00,75,26.5,50.9,43.0,32.6,528.0,11.7,0.0,0,0,0.0,0,16,6,4,3,0,2
2026-03-06 17:00:00,76,27.0,54.6,46.0,29.8,524.0,11.4,0.0,0,0,0.0,0,17,6,4,3,0,3
2026-03-06 18:00:00,76,27.4,56.3,49.0,26.4,490.0,10.9,0.0,0,0,0.0,0,18,6,4,3,0,3
2026-03-06 19:00:00,77,27.0,55.9,51.0,23.0,406.0,9.9,0.0,0,0,0.0,0,19,6,4,3,0,3
2026-03-06 20:00:00,77,26.1,56.1,54.0,19.1,293.0,8.8,0.0,0,0,0.0,0,20,6,4,3,0,3
2026-03-06 21:00:00,78,24.6,54.5,56.0,15.6,209.0,7.8,0.0,0,0,0.0,0,21,6,4,3,0,0
2026-03-06 22:00:00,78,23.4,56.3,59.0,12.4,151.0,7.1,0.0,0,0,0.0,0,22,6,4,3,0,0
2026-03-06 23:00:00,78,22.6,59.6,62.0,9.6,123.0,6.6,0.0,0,0,0.0,0,23,6,4,3,0,0
2026-03-07 00:00:00,79,23.5,64.3,61.0,9.6,196.0,6.5,0.0,0,0,0.0,0,0,7,5,3,1,0
2026-03-07 01:00:00,79,24.9,66.4,54.0,15.7,480.0,7.0,0.0,0,0,0.0,0,1,7,5,3,1,0
2026-03-07 02:00:00,80,28.1,71.0,45.0,23.8,866.0,7.8,0.0,0,0,0.0,0,2,7,5,3,1,0
2026-03-07 03:00:00,81,33.6,81.3,45.0,28.3,1094.0,9.7,0.0,0,0,0.0,0,3,7,5,3,1,0
2026-03-07 04:00:00,81,32.7,89.4,61.0,25.9,1014.0,13.9,0.0,0,0,0.0,0,4,7,5,3,1,0
2026-03-07 05:00:00,82,34.0,101.7,85.0,19.9,777.0,19.2,0.0,0,0,0.0,0,5,7,5,3,1,0
2026-03-07 06:00:00,83,38.0,122.5,107.0,14.5,571.0,22.9,0.0,0,0,0.0,0,6,7,5,3,1,1
2026-03-07 07:00:00,84,42.5,143.9,125.0,10.9,460.0,23.7,0.0,0,0,0.0,0,7,7,5,3,1,1
2026-03-07 08:00:00,86,44.7,152.7,141.0,8.0,380.0,23.0,0.0,0,0,0.0,0,8,7,5,3,1,1
2026-03-07 09:00:00,87,44.7,149.0,148.0,6.7,335.0,21.8,0.0,0,0,0.0,0,9,7,5,3,1,1
2026-03-07 10:00:00,89,43.9,142.5,142.0,7.1,333.0,20.3,0.0,0,0,0.0,0,10,7,5,3,1,2
2026-03-07 11:00:00,90,42.7,134.6,128.0,9.0,366.0,18.3,0.0,0,0,0.0,0,11,7,5,3,1,2
2026-03-07 12:00:00,91,39.9,117.8,115.0,13.2,409.0,17.6,0.0,0,0,0.0,0,12,7,5,3,1,2
2026-03-07 13:00:00,92,38.0,102.2,99.0,20.9,458.0,16.2,0.0,0,0,0.0,0,13,7,5,3,1,2
2026-03-07 14:00:00,93,35.7,74.3,77.0,31.5,518.0,14.4,0.0,0,0,0.0,0,14,7,5,3,1,2
2026-03-07 15:00:00,94,33.4,64.0,60.0,39.3,581.0,13.1,0.0,0,0,0.0,0,15,7,5,3,1,2
2026-03-07 16:00:00,95,32.4,56.6,54.0,41.6,661.0,13.0,0.0,0,0,0.0,0,16,7,5,3,1,2
2026-03-07 17:00:00,95,31.8,51.8,53.0,41.1,745.0,13.4,0.0,0,0,0.0,0,17,7,5,3,1,3
2026-03-07 18:00:00,96,32.0,49.5,54.0,39.8,785.0,13.7,0.0,0,0,0.0,0,18,7,5,3,1,3
2026-03-07 19:00:00,96,34.0,51.9,55.0,38.4,756.0,13.6,0.0,0,0,0.0,0,19,7,5,3,1,3
2026-03-07 20:00:00,96,35.9,55.3,57.0,36.1,683.0,13.4,0.0,0,0,0.0,0,20,7,5,3,1,3
2026-03-07 21:00:00,97,37.7,58.4,59.0,32.8,596.0,12.8,0.0,0,0,0.0,0,21,7,5,3,1,0
2026-03-07 22:00:00,98,39.2,60.8,62.0,26.2,474.0,11.3,0.0,0,0,0.0,0,22,7,5,3,1,0
2026-03-07 23:00:00,100,39.2,60.1,64.0,18.6,337.0,9.4,0.0,0,0,0.0,0,23,7,5,3,1,0
2026-03-08 00:00:00,101,38.8,57.4,65.0,15.4,273.0,8.2,0.0,0,0,0.0,0,0,8,6,3,1,0
2026-03-08 01:00:00,103,42.0,60.5,50.0,26.8,348.0,9.4,0.0,0,0,0.0,0,1,8,6,3,1,0
2026-03-08 02:00:00,104,48.3,67.1,30.0,41.9,496.0,11.2,0.0,0,0,0.0,0,2,8,6,3,1,0
2026-03-08 03:00:00,107,54.2,68.9,28.0,49.5,604.0,13.9,0.0,0,0,0.0,0,3,8,6,3,1,0
2026-03-08 04:00:00,109,39.6,57.6,59.0,42.3,627.0,18.4,0.0,0,0,0.0,0,4,8,6,3,1,0
2026-03-08 05:00:00,109,32.5,58.8,106.0,27.6,611.0,23.8,0.0,0,0,0.0,0,5,8,6,3,1,0
2026-03-08 06:00:00,109,33.8,65.4,144.0,15.6,573.0,27.2,0.0,0,0,0.0,0,6,8,6,3,1,1
2026-03-08 07:00:00,109,34.6,72.2,163.0,10.3,503.0,27.1,0.0,0,0,0.0,0,7,8,6,3,1,1
2026-03-08 08:00:00,108,33.5,71.2,172.0,7.7,412.0,25.0,0.0,0,0,0.0,0,8,8,6,3,1,1
2026-03-08 09:00:00,107,30.9,66.1,174.0,6.9,353.0,22.9,0.0,0,0,0.0,0,9,8,6,3,1,1
2026-03-08 10:00:00,105,28.8,63.6,167.0,7.0,355.0,21.3,0.0,0,0,0.0,0,10,8,6,3,1,2
2026-03-08 11:00:00,104,27.8,63.1,152.0,8.9,390.0,19.7,0.0,0,0,0.0,0,11,8,6,3,1,2
2026-03-08 12:00:00,108,26.1,58.4,135.0,14.3,427.0,18.9,0.0,0,0,0.0,0,12,8,6,3,1,2
2026-03-08 13:00:00,125,26.5,56.9,112.0,25.1,449.0,18.0,0.0,0,0,0.0,0,13,8,6,3,1,2
2026-03-08 14:00:00,126,29.5,51.1,80.0,40.1,472.0,16.7,0.0,0,0,0.0,0,14,8,6,3,1,2
2026-03-08 15:00:00,112,31.7,52.0,55.0,52.1,515.0,16.0,0.0,0,0,0.0,0,15,8,6,3,1,2
2026-03-08 16:00:00,99,33.3,53.0,42.0,58.5,609.0,16.5,0.0,0,0,0.0,0,16,8,6,3,1,2
2026-03-08 17:00:00,99,34.9,54.5,35.0,62.0,724.0,17.5,0.0,0,0,0.0,0,17,8,6,3,1,3
2026-03-08 18:00:00,99,38.5,59.3,31.0,62.9,780.0,18.0,0.0,0,0,0.0,0,18,8,6,3,1,3
2026-03-08 19:00:00,100,42.6,66.4,30.0,61.2,735.0,17.6,0.0,0,0,0.0,0,19,8,6,3,1,3
2026-03-08 20:00:00,101,43.7,69.8,31.0,56.9,631.0,16.8,0.0,0,0,0.0,0,20,8,6,3,1,3
2026-03-08 21:00:00,102,41.7,69.8,34.0,50.8,525.0,15.6,0.0,0,0,0.0,0,21,8,6,3,1,0
2026-03-08 22:00:00,102,40.4,70.5,39.0,40.6,396.0,13.7,0.0,0,0,0.0,0,22,8,6,3,1,0
2026-03-08 23:00:00,102,38.5,69.2,45.0,28.4,265.0,11.6,0.0,0,0,0.0,0,23,8,6,3,1,0
2026-03-09 00:00:00,102,39.6,73.3,45.0,26.1,242.0,11.8,0.0,0,0,0.0,0,0,9,0,3,0,0
2026-03-09 01:00:00,102,41.4,75.9,34.0,32.9,444.0,13.2,0.0,0,0,0.0,0,1,9,0,3,0,0
2026-03-09 02:00:00,102,46.9,83.6,20.0,41.8,755.0,15.3,0.0,0,0,0.0,0,2,9,0,3,0,0
2026-03-09 03:00:00,102,54.7,84.8,20.0,45.5,942.0,17.9,0.0,0,0,0.0,0,3,9,0,3,0,0
2026-03-09 04:00:00,102,41.2,74.3,46.0,38.9,880.0,21.4,0.0,0,0,0.0,0,4,9,0,3,0,0
2026-03-09 05:00:00,102,33.9,82.4,86.0,27.1,696.0,25.4,0.0,0,0,0.0,0,5,9,0,3,0,0
2026-03-09 06:00:00,102,32.9,84.3,119.0,17.2,531.0,28.0,0.0,0,0,0.0,0,6,9,0,3,0,1
2026-03-09 07:00:00,102,31.3,75.7,138.0,11.6,428.0,28.5,0.0,0,0,0.0,0,7,9,0,3,0,1
2026-03-09 08:00:00,102,29.6,64.7,149.0,8.0,345.0,27.7,0.0,0,0,0.0,0,8,9,0,3,0,1
2026-03-09 09:00:00,102,27.8,56.5,153.0,6.6,304.0,26.4,0.0,0,0,0.0,0,9,9,0,3,0,1
2026-03-09 10:00:00,101,26.1,51.1,148.0,7.0,325.0,24.8,0.0,0,0,0.0,0,10,9,0,3,0,2
2026-03-09 11:00:00,101,26.0,50.6,135.0,9.6,389.0,22.7,0.0,0,0,0.0,0,11,9,0,3,0,2
2026-03-09 12:00:00,101,26.5,48.2,119.0,16.2,459.0,21.5,0.0,0,0,0.0,0,12,9,0,3,0,2
2026-03-09 13:00:00,101,27.8,48.8,94.0,29.3,539.0,20.3,0.0,0,0,0.0,0,13,9,0,3,0,2
2026-03-09 14:00:00,101,30.6,49.2,60.0,47.4,626.0,18.6,0.0,0,0,0.0,0,14,9,0,3,0,2
2026-03-09 15:00:00,101,31.5,51.2,34.0,61.1,676.0,17.4,0.0,0,0,0.0,0,15,9,0,3,0,2
2026-03-09 16:00:00,101,32.8,53.1,22.0,67.2,669.0,17.2,0.0,0,0,0.0,0,16,9,0,3,0,2
2026-03-09 17:00:00,101,34.2,54.2,17.0,69.0,623.0,17.4,0.0,0,0,0.0,0,17,9,0,3,0,3
2026-03-09 18:00:00,101,34.7,54.7,17.0,66.8,554.0,17.1,0.0,0,0,0.0,0,18,9,0,3,0,3
2026-03-09 19:00:00,100,34.1,56.0,22.0,59.2,445.0,15.5,0.0,0,0,0.0,0,19,9,0,3,0,3
2026-03-09 20:00:00,100,31.2,53.7,31.0,47.8,311.0,13.4,0.0,0,0,0.0,0,20,9,0,3,0,3
2026-03-09 21:00:00,99,27.8,50.2,39.0,37.4,213.0,11.6,0.0,0,0,0.0,0,21,9,0,3,0,0
2026-03-09 22:00:00,98,25.1,48.5,44.0,28.8,168.0,10.4,0.0,0,0,0.0,0,22,9,0,3,0,0
2026-03-09 23:00:00,96,23.2,48.0,48.0,21.3,159.0,9.5,0.0,0,0,0.0,0,23,9,0,3,0,0
2026-03-10 00:00:00,95,23.7,52.2,48.0,17.8,197.0,9.2,0.0,0,0,0.0,0,0,10,1,3,0,0
2026-03-10 01:00:00,94,25.1,55.3,40.0,23.9,325.0,10.2,0.0,0,0,0.0,0,1,10,1,3,0,0
2026-03-10 02:00:00,93,30.2,63.3,30.0,32.0,500.0,11.7,0.0,0,0,0.0,0,2,10,1,3,0,0
2026-03-10 03:00:00,91,35.2,66.4,30.0,35.7,602.0,13.8,0.0,0,0,0.0,0,3,10,1,3,0,0
2026-03-10 04:00:00,90,32.6,68.0,50.0,30.9,560.0,17.2,0.0,0,0,0.0,0,4,10,1,3,0,0
2026-03-10 05:00:00,89,28.9,71.5,81.0,21.6,444.0,21.3,0.0,0,0,0.0,0,5,10,1,3,0,0
2026-03-10 06:00:00,89,25.9,60.1,106.0,13.9,347.0,23.7,0.0,0,0,0.0,0,6,10,1,3,0,1
2026-03-10 07:00:00,88,22.6,47.6,121.0,9.6,298.0,23.2,0.0,0,0,0.0,0,7,10,1,3,0,1
2026-03-10 08:00:00,88,20.1,38.5,132.0,6.7,268.0,21.1,0.0,0,0,0.0,0,8,10,1,3,0,1
2026-03-10 09:00:00,87,18.6,32.6,136.0,5.5,261.0,19.4,0.0,0,0,0.0,0,9,10,1,3,0,1
2026-03-10 10:00:00,86,17.5,29.2,134.0,5.1,275.0,18.9,0.0,0,0,0.0,0,10,10,1,3,0,2
2026-03-10 11:00:00,85,16.5,26.7,125.0,6.4,313.0,18.7,0.0,0,0,0.0,0,11,10,1,3,0,2
2026-03-10 12:00:00,85,20.1,29.4,108.0,12.2,383.0,17.2,0.0,0,0,0.0,0,12,10,1,3,0,2
2026-03-10 13:00:00,84,22.3,32.9,84.0,25.2,521.0,17.1,0.0,0,0,0.0,0,13,10,1,3,0,2
2026-03-10 14:00:00,84,28.2,39.9,51.0,42.8,692.0,16.8,0.0,0,0,0.0,0,14,10,1,3,0,2
2026-03-10 15:00:00,83,30.6,43.9,27.0,54.9,803.0,16.4,0.0,0,0,0.0,0,15,10,1,3,0,2
2026-03-10 16:00:00,83,31.3,45.3,21.0,56.4,809.0,15.8,0.0,0,0,0.0,0,16,10,1,3,0,2
2026-03-10 17:00:00,83,31.3,45.8,24.0,52.2,754.0,14.9,0.0,0,0,0.0,0,17,10,1,3,0,3
2026-03-10 18:00:00,83,30.3,45.1,28.0,46.8,677.0,13.9,0.0,0,0,0.0,0,18,10,1,3,0,3
2026-03-10 19:00:00,83,29.5,44.2,31.0,41.0,573.0,12.5,0.0,0,0,0.0,0,19,10,1,3,0,3
2026-03-10 20:00:00,82,28.3,43.5,36.0,33.9,446.0,10.9,0.0,0,0,0.0,0,20,10,1,3,0,3
2026-03-10 21:00:00,82,27.0,44.2,41.0,27.4,347.0,9.6,0.0,0,0,0.0,0,21,10,1,3,0,0
2026-03-10 22:00:00,82,25.2,43.5,47.0,20.9,281.0,8.7,0.0,0,0,0.0,0,22,10,1,3,0,0
2026-03-10 23:00:00,82,23.9,42.5,52.0,15.0,242.0,8.0,0.0,0,0,0.0,0,23,10,1,3,0,0
2026-03-11 00:00:00,82,24.3,43.9,50.0,14.7,269.0,8.5,0.0,0,0,0.0,0,0,11,2,3,0,0
2026-03-11 01:00:00,82,25.0,44.4,42.0,21.0,432.0,9.3,0.0,0,0,0.0,0,1,11,2,3,0,0
2026-03-11 02:00:00,82,29.0,48.2,32.0,29.3,660.0,10.5,0.0,0,0,0.0,0,2,11,2,3,0,0
2026-03-11 03:00:00,82,34.3,49.9,32.0,33.2,777.0,12.3,0.0,0,0,0.0,0,3,11,2,3,0,0
2026-03-11 04:00:00,82,30.5,47.8,50.0,28.6,668.0,15.5,0.0,0,0,0.0,0,4,11,2,3,0,0
2026-03-11 05:00:00,82,29.2,49.5,77.0,19.6,447.0,19.2,0.0,0,0,0.0,0,5,11,2,3,0,0
2026-03-11 06:00:00,82,31.0,63.6,100.0,12.3,280.0,21.8,0.0,0,0,0.0,0,6,11,2,3,0,1
2026-03-11 07:00:00,82,34.5,82.0,116.0,8.7,238.0,22.2,0.0,0,0,0.0,0,7,11,2,3,0,1
2026-03-11 08:00:00,83,36.7,92.0,127.0,6.7,250.0,21.4,0.0,0,0,0.0,0,8,11,2,3,0,1
2026-03-11 09:00:00,85,37.3,99.0,131.0,6.2,274.0,20.2,0.0,0,0,0.0,0,9,11,2,3,0,1
2026-03-11 10:00:00,86,37.4,104.3,124.0,6.9,293.0,18.8,0.0,0,0,0.0,0,10,11,2,3,0,2
2026-03-11 11:00:00,88,37.7,113.4,109.0,9.1,325.0,17.0,0.0,0,0,0.0,0,11,11,2,3,0,2
2026-03-11 12:00:00,89,36.8,120.6,91.0,12.3,379.0,15.8,0.0,0,0,0.0,0,12,11,2,3,0,2
2026-03-11 13:00:00,91,39.0,128.5,74.0,21.1,477.0,14.9,0.0,0,0,0.0,0,13,11,2,3,0,2
2026-03-11 14:00:00,92,41.8,117.8,50.0,33.1,597.0,13.7,0.0,0,0,0.0,0,14,11,2,3,0,2
2026-03-11 15:00:00,93,45.8,132.2,34.0,40.9,691.0,12.6,0.0,0,0,0.0,0,15,11,2,3,0,2
2026-03-11 16:00:00,94,49.9,149.5,31.0,40.8,747.0,12.1,0.0,0,0,0.0,0,16,11,2,3,0,2
2026-03-11 17:00:00,96,53.3,154.1,36.0,36.5,775.0,11.8,0.0,0,0,0.0,0,17,11,2,3,0,3
2026-03-11 18:00:00,97,55.4,155.1,41.0,31.7,760.0,11.2,0.0,0,0,0.0,0,18,11,2,3,0,3
2026-03-11 19:00:00,99,56.6,150.9,45.0,27.2,673.0,10.0,0.0,0,0,0.0,0,19,11,2,3,0,3
2026-03-11 20:00:00,102,56.9,149.5,50.0,22.2,541.0,8.5,0.0,0,0,0.0,0,20,11,2,3,0,3
2026-03-11 21:00:00,105,56.5,145.8,54.0,18.0,431.0,7.5,0.0,0,0,0.0,0,21,11,2,3,0,0
2026-03-11 22:00:00,108,55.9,143.4,56.0,14.6,355.0,7.0,0.0,0,0,0.0,0,22,11,2,3,0,0
2026-03-11 23:00:00,111,55.5,144.8,57.0,12.0,301.0,6.9,0.0,0,0,0.0,0,23,11,2,3,0,0
2026-03-12 00:00:00,114,55.2,143.0,59.0,10.1,299.0,6.9,0.0,0,0,0.0,0,0,12,3,3,0,0
2026-03-12 01:00:00,118,55.1,136.9,48.0,17.0,399.0,8.8,0.0,0,0,0.0,0,1,12,3,3,0,0
2026-03-12 02:00:00,121,57.0,138.3,33.0,26.3,551.0,11.4,0.0,0,0,0.0,0,2,12,3,3,0,0
2026-03-12 03:00:00,124,59.5,136.0,29.0,31.2,636.0,13.7,0.0,0,0,0.0,0,3,12,3,3,0,0
2026-03-12 04:00:00,126,57.4,129.0,44.0,27.8,586.0,15.3,0.0,0,0,0.0,0,4,12,3,3,0,0
2026-03-12 05:00:00,129,44.9,105.5,70.0,20.2,470.0,16.5,0.0,0,0,0.0,0,5,12,3,3,0,0
2026-03-12 06:00:00,131,35.2,75.4,94.0,13.5,372.0,17.1,0.0,0,0,0.0,0,6,12,3,3,0,1
2026-03-12 07:00:00,131,28.5,62.9,113.0,9.2,319.0,16.9,0.0,0,0,0.0,0,7,12,3,3,0,1
2026-03-12 08:00:00,131,25.4,64.3,129.0,6.0,284.0,16.1,0.0,0,0,0.0,0,8,12,3,3,0,1
2026-03-12 09:00:00,129,27.5,76.6,137.0,4.7,272.0,15.6,0.0,0,0,0.0,0,9,12,3,3,0,1
2026-03-12 10:00:00,128,30.3,92.4,134.0,6.0,282.0,16.1,0.0,0,0,0.0,0,10,12,3,3,0,2
2026-03-12 11:00:00,128,38.5,130.9,123.0,9.2,314.0,16.9,0.0,0,0,0.0,0,11,12,3,3,0,2
2026-03-12 12:00:00,128,37.3,100.8,103.0,14.1,374.0,17.2,0.0,0,0,0.0,0,12,12,3,3,0,2
2026-03-12 13:00:00,128,36.1,84.1,86.0,21.7,495.0,15.4,0.0,0,0,0.0,0,13,12,3,3,0,2
2026-03-12 14:00:00,127,35.9,71.5,62.0,31.9,644.0,13.0,0.0,0,0,0.0,0,14,12,3,3,0,2
2026-03-12 15:00:00,127,34.6,65.0,46.0,38.0,729.0,11.0,0.0,0,0,0.0,0,15,12,3,3,0,2
2026-03-12 16:00:00,126,34.8,66.6,44.0,36.0,686.0,9.9,0.0,0,0,0.0,0,16,12,3,3,0,2
2026-03-12 17:00:00,124,36.7,78.2,49.0,29.9,579.0,9.3,0.0,0,0,0.0,0,17,12,3,3,0,3
2026-03-12 18:00:00,122,38.4,88.9,54.0,24.6,507.0,8.8,0.0,0,0,0.0,0,18,12,3,3,0,3
2026-03-12 19:00:00,121,40.6,102.7,56.0,21.6,509.0,8.3,0.0,0,0,0.0,0,19,12,3,3,0,3
2026-03-12 20:00:00,119,44.2,122.9,56.0,19.5,546.0,7.9,0.0,0,0,0.0,0,20,12,3,3,0,3
2026-03-12 21:00:00,118,48.3,144.8,55.0,18.8,601.0,8.2,0.0,0,0,0.0,0,21,12,3,3,0,0
2026-03-12 22:00:00,117,51.6,160.2,51.0,19.7,666.0,9.3,0.0,0,0,0.0,0,22,12,3,3,0,0
2026-03-12 23:00:00,116,53.9,163.0,45.0,22.0,749.0,11.1,0.0,0,0,0.0,0,23,12,3,3,0,0
2026-03-13 00:00:00,116,54.7,155.5,37.0,25.2,851.0,12.8,0.0,0,0,0.0,0,0,13,4,3,0,0
2026-03-13 01:00:00,116,57.3,157.4,27.0,31.6,1004.0,14.9,0.0,0,0,0.0,0,1,13,4,3,0,0
2026-03-13 02:00:00,116,63.3,162.5,14.0,40.1,1175.0,18.1,0.0,0,0,0.0,0,2,13,4,3,0,0
2026-03-13 03:00:00,117,74.3,141.1,15.0,44.2,1274.0,22.2,0.0,0,0,0.0,0,3,13,4,3,0,0
2026-03-13 04:00:00,119,64.3,154.1,41.0,39.9,1264.0,28.5,0.0,0,0,0.0,0,4,13,4,3,0,0
2026-03-13 05:00:00,119,61.5,170.4,81.0,31.2,1180.0,35.8,0.0,0,0,0.0,0,5,13,4,3,0,0
2026-03-13 06:00:00,121,62.9,182.5,116.0,23.1,1038.0,40.6,0.0,0,0,0.0,0,6,13,4,3,0,1
2026-03-13 07:00:00,124,64.3,190.0,141.0,16.7,791.0,41.5,0.0,0,0,0.0,0,7,13,4,3,0,1
2026-03-13 08:00:00,128,62.6,179.7,160.0,10.9,485.0,39.9,0.0,0,0,0.0,0,8,13,4,3,0,1
2026-03-13 09:00:00,131,60.3,168.6,167.0,7.5,274.0,36.8,0.0,0,0,0.0,0,9,13,4,3,0,1
2026-03-13 10:00:00,135,57.0,160.7,154.0,7.2,230.0,31.8,0.0,0,0,0.0,0,10,13,4,3,0,2
2026-03-13 11:00:00,138,53.9,156.9,129.0,9.2,280.0,25.3,0.0,0,0,0.0,0,11,13,4,3,0,2
2026-03-13 12:00:00,139,51.6,161.6,97.0,12.3,360.0,17.8,0.0,0,0,0.0,0,12,13,4,3,0,2
2026-03-13 13:00:00,141,49.8,145.3,81.0,19.1,477.0,15.8,0.0,0,0,0.0,0,13,13,4,3,0,2
2026-03-13 14:00:00,142,49.1,127.1,60.0,28.3,624.0,13.1,0.0,0,0,0.0,0,14,13,4,3,0,2
2026-03-13 15:00:00,144,46.7,118.5,45.0,34.1,713.0,11.0,0.0,0,0,0.0,0,15,13,4,3,0,2
2026-03-13 16:00:00,145,44.5,110.4,42.0,33.7,703.0,10.3,0.0,0,0,0.0,0,16,13,4,3,0,2
2026-03-13 17:00:00,146,43.3,108.0,46.0,29.9,635.0,10.2,0.0,0,0,0.0,0,17,13,4,3,0,3
2026-03-13 18:00:00,147,43.7,112.0,51.0,25.7,549.0,9.9,0.0,0,0,0.0,0,18,13,4,3,0,3
2026-03-13 19:00:00,147,44.1,113.6,56.0,21.5,440.0,9.0,0.0,0,0,0.0,0,19,13,4,3,0,3
2026-03-13 20:00:00,147,43.3,111.1,61.0,16.7,314.0,7.8,0.0,0,0,0.0,0,20,13,4,3,0,3
2026-03-13 21:00:00,147,39.9,99.4,66.0,13.0,222.0,7.0,0.0,0,0,0.0,0,21,13,4,3,0,0
2026-03-13 22:00:00,146,34.8,83.4,69.0,10.2,163.0,6.6,0.0,0,0,0.0,0,22,13,4,3,0,0
2026-03-13 23:00:00,145,30.6,71.2,71.0,8.3,139.0,6.4,0.0,0,0,0.0,0,23,13,4,3,0,0
2026-03-14 00:00:00,142,29.8,71.2,68.0,9.8,210.0,7.2,0.0,0,0,0.0,0,0,14,5,3,1,0
2026-03-14 01:00:00,140,29.5,69.4,58.0,16.4,484.0,8.1,0.0,0,0,0.0,0,1,14,5,3,1,0
2026-03-14 02:00:00,137,31.9,73.1,45.0,25.3,852.0,9.6,0.0,0,0,0.0,0,2,14,5,3,1,0
2026-03-14 03:00:00,134,36.8,73.6,42.0,30.2,1053.0,11.9,0.0,0,0,0.0,0,3,14,5,3,1,0
2026-03-14 04:00:00,130,39.8,93.1,59.0,27.6,923.0,16.3,0.0,0,0,0.0,0,4,14,5,3,1,0
2026-03-14 05:00:00,127,40.6,111.3,87.0,21.0,625.0,21.7,0.0,0,0,0.0,0,5,14,5,3,1,0
2026-03-14 06:00:00,125,34.7,92.9,109.0,15.1,387.0,24.8,0.0,0,0,0.0,0,6,14,5,3,1,1
2026-03-14 07:00:00,122,31.2,93.1,120.0,11.0,295.0,23.8,0.0,0,0,0.0,0,7,14,5,3,1,1
2026-03-14 08:00:00,118,31.1,99.7,126.0,7.5,263.0,20.5,0.0,0,0,0.0,0,8,14,5,3,1,1
2026-03-14 09:00:00,115,30.3,93.1,126.0,5.8,257.0,17.5,0.0,0,0,0.0,0,9,14,5,3,1,1
2026-03-14 10:00:00,112,27.8,83.4,119.0,6.3,268.0,15.6,0.0,0,0,0.0,0,10,14,5,3,1,2
2026-03-14 11:00:00,109,25.4,73.3,105.0,8.5,305.0,14.0,0.0,0,0,0.0,0,11,14,5,3,1,2
2026-03-14 12:00:00,106,26.4,71.5,94.0,12.4,365.0,13.6,0.0,0,0,0.0,0,12,14,5,3,1,2
2026-03-14 13:00:00,103,25.8,59.5,82.0,18.5,471.0,12.7,0.0,0,0,0.0,0,13,14,5,3,1,2
2026-03-14 14:00:00,101,27.1,55.3,66.0,26.6,599.0,11.4,0.0,0,0,0.0,0,14,14,5,3,1,2
2026-03-14 15:00:00,99,27.2,57.7,56.0,31.3,673.0,10.3,0.0,0,0,0.0,0,15,14,5,3,1,2
2026-03-14 16:00:00,97,26.4,58.6,56.0,29.3,652.0,9.5,0.0,0,0,0.0,0,16,14,5,3,1,2
2026-03-14 17:00:00,96,24.7,55.9,61.0,23.8,575.0,8.8,0.0,0,0,0.0,0,17,14,5,3,1,3
2026-03-14 18:00:00,95,22.6,51.2,67.0,18.5,489.0,8.1,0.0,0,0,0.0,0,18,14,5,3,1,3
2026-03-14 19:00:00,93,20.5,46.4,74.0,14.2,392.0,7.3,0.0,0,0,0.0,0,19,14,5,3,1,3
2026-03-14 20:00:00,91,19.0,42.4,81.0,10.1,284.0,6.6,0.0,0,0,0.0,0,20,14,5,3,1,3
2026-03-14 21:00:00,89,18.1,40.4,86.0,7.2,212.0,6.1,0.0,0,0,0.0,0,21,14,5,3,1,0
2026-03-14 22:00:00,87,17.1,36.0,86.0,5.4,172.0,5.8,0.0,0,0,0.0,0,22,14,5,3,1,0
2026-03-14 23:00:00,86,16.0,32.0,84.0,4.8,167.0,5.7,0.0,0,0,0.0,0,23,14,5,3,1,0
2026-03-15 00:00:00,85,15.9,31.4,83.0,6.0,257.0,6.0,0.0,0,0,0.0,0,0,15,6,3,1,0
2026-03-15 01:00:00,84,16.7,33.2,70.0,14.0,559.0,7.7,0.0,0,0,0.0,0,1,15,6,3,1,0
2026-03-15 02:00:00,83,20.0,41.0,52.0,24.8,955.0,10.2,0.0,0,0,0.0,0,2,15,6,3,1,0
2026-03-15 03:00:00,82,26.3,53.3,46.0,30.4,1152.0,12.4,0.0,0,0,0.0,0,3,15,6,3,1,0
2026-03-15 04:00:00,81,30.5,75.2,63.0,26.0,952.0,14.4,0.0,0,0,0.0,0,4,15,6,3,1,0
2026-03-15 05:00:00,80,29.5,107.8,91.0,16.6,552.0,16.1,0.0,0,0,0.0,0,5,15,6,3,1,0
2026-03-15 06:00:00,79,21.8,88.7,113.0,8.9,252.0,16.6,0.0,0,0,0.0,0,6,15,6,3,1,1
2026-03-15 07:00:00,78,16.8,61.9,123.0,5.5,180.0,14.9,0.0,0,0,0.0,0,7,15,6,3,1,1
2026-03-15 08:00:00,77,14.0,49.5,127.0,3.8,207.0,12.0,0.0,0,0,0.0,0,8,15,6,3,1,1
2026-03-15 09:00:00,76,13.0,44.1,128.0,3.8,243.0,10.3,0.0,0,0,0.0,0,9,15,6,3,1,1
2026-03-15 10:00:00,75,12.8,41.7,126.0,5.3,249.0,11.3,0.0,0,0,0.0,0,10,15,6,3,1,2
2026-03-15 11:00:00,73,14.0,42.3,120.0,8.4,264.0,13.4,0.0,0,0,0.0,0,11,15,6,3,1,2
2026-03-15 12:00:00,73,15.4,37.3,108.0,13.1,321.0,14.2,0.0,0,0,0.0,0,12,15,6,3,1,2
2026-03-15 13:00:00,72,18.9,37.1,93.0,20.6,474.0,13.1,0.0,0,0,0.0,0,13,15,6,3,1,2
2026-03-15 14:00:00,71,20.3,36.0,71.0,30.8,669.0,11.5,0.0,0,0,0.0,0,14,15,6,3,1,2
2026-03-15 15:00:00,71,19.9,34.1,57.0,36.7,768.0,10.2,0.0,0,0,0.0,0,15,15,6,3,1,2
2026-03-15 16:00:00,70,19.1,33.9,56.0,34.6,686.0,9.4,0.0,0,0,0.0,0,16,15,6,3,1,2
2026-03-15 17:00:00,69,18.7,34.3,61.0,28.2,509.0,8.9,0.0,0,0,0.0,0,17,15,6,3,1,3
2026-03-15 18:00:00,69,18.6,35.6,67.0,22.1,362.0,8.4,0.0,0,0,0.0,0,18,15,6,3,1,3
2026-03-15 19:00:00,69,18.7,37.1,71.0,17.4,291.0,7.6,0.0,0,0,0.0,0,19,15,6,3,1,3
2026-03-15 20:00:00,68,18.6,38.6,76.0,12.9,249.0,6.8,0.0,0,0,0.0,0,20,15,6,3,1,3
2026-03-15 21:00:00,68,18.4,39.5,78.0,9.7,224.0,6.3,0.0,0,0,0.0,0,21,15,6,3,1,0
2026-03-15 22:00:00,68,18.0,38.2,77.0,7.6,191.0,6.1,0.0,0,0,0.0,0,22,15,6,3,1,0
2026-03-15 23:00:00,69,17.5,36.6,75.0,6.8,174.0,6.2,0.0,0,0,0.0,0,23,15,6,3,1,0
2026-03-16 00:00:00,69,16.6,39.9,72.0,8.1,230.0,6.6,0.0,0,0,0.0,0,0,16,0,3,0,0
2026-03-16 01:00:00,69,17.3,42.3,62.0,15.3,447.0,7.8,0.0,0,0,0.0,0,1,16,0,3,0,0
2026-03-16 02:00:00,69,19.5,46.3,48.0,24.9,737.0,9.6,0.0,0,0,0.0,0,2,16,0,3,0,0
2026-03-16 03:00:00,69,23.8,48.3,45.0,29.9,887.0,11.9,0.0,0,0,0.0,0,3,16,0,3,0,0
2026-03-16 04:00:00,69,24.4,61.9,62.0,25.8,761.0,15.5,0.0,0,0,0.0,0,4,16,0,3,0,0
2026-03-16 05:00:00,68,23.1,82.0,89.0,17.0,495.0,19.5,0.0,0,0,0.0,0,5,16,0,3,0,0
2026-03-16 06:00:00,68,23.1,107.3,111.0,9.8,290.0,21.6,0.0,0,0,0.0,0,6,16,0,3,0,1
2026-03-16 07:00:00,68,21.8,91.3,123.0,6.3,225.0,20.1,0.0,0,0,0.0,0,7,16,0,3,0,1
2026-03-16 08:00:00,68,20.0,78.5,129.0,4.4,221.0,16.6,0.0,0,0,0.0,0,8,16,0,3,0,1
2026-03-16 09:00:00,69,19.0,73.3,131.0,4.1,238.0,13.9,0.0,0,0,0.0,0,9,16,0,3,0,1
2026-03-16 10:00:00,69,18.7,71.7,126.0,5.6,268.0,13.4,0.0,0,0,0.0,0,10,16,0,3,0,2
2026-03-16 11:00:00,69,20.5,75.7,117.0,8.8,319.0,13.6,0.0,0,0,0.0,0,11,16,0,3,0,2
2026-03-16 12:00:00,70,16.0,47.7,103.0,12.7,375.0,12.6,0.0,0,0,0.0,0,12,16,0,3,0,2
2026-03-16 13:00:00,70,19.1,47.3,89.0,18.9,439.0,11.5,0.0,0,0,0.0,0,13,16,0,3,0,2
2026-03-16 14:00:00,70,21.9,49.8,70.0,27.3,508.0,9.9,0.0,0,0,0.0,0,14,16,0,3,0,2
2026-03-16 15:00:00,70,21.6,49.5,57.0,32.2,555.0,8.7,0.0,0,0,0.0,0,15,16,0,3,0,2
2026-03-16 16:00:00,70,20.3,48.1,56.0,30.2,573.0,8.2,0.0,0,0,0.0,0,16,16,0,3,0,2
2026-03-16 17:00:00,70,18.6,43.7,60.0,24.7,570.0,8.0,0.0,0,0,0.0,0,17,16,0,3,0,3
2026-03-16 18:00:00,70,17.4,39.8,64.0,20.0,539.0,7.8,0.0,0,0,0.0,0,18,16,0,3,0,3
2026-03-16 19:00:00,70,17.1,37.3,65.0,17.8,464.0,7.6,0.0,0,0,0.0,0,19,16,0,3,0,3
2026-03-16 20:00:00,70,16.8,35.5,64.0,16.4,362.0,7.4,0.0,0,0,0.0,0,20,16,0,3,0,3
2026-03-16 21:00:00,70,16.2,35.0,64.0,15.2,281.0,7.4,0.0,0,0,0.0,0,21,16,0,3,0,0
2026-03-16 22:00:00,70,16.0,34.9,65.0,13.0,210.0,7.5,0.0,0,0,0.0,0,22,16,0,3,0,0
2026-03-16 23:00:00,70,15.8,34.8,65.0,10.9,159.0,7.7,0.0,0,0,0.0,0,23,16,0,3,0,0
2026-03-17 00:00:00,70,15.1,33.9,66.0,10.4,208.0,8.1,0.0,0,0,0.0,0,0,17,1,3,0,0
2026-03-17 01:00:00,69,15.3,35.0,59.0,17.2,471.0,9.0,0.0,0,0,0.0,0,1,17,1,3,0,0
2026-03-17 02:00:00,69,17.1,37.5,51.0,26.3,833.0,10.3,0.0,0,0,0.0,0,2,17,1,3,0,0
2026-03-17 03:00:00,69,21.0,39.0,52.0,30.9,1026.0,12.2,0.0,0,0,0.0,0,3,17,1,3,0,0
2026-03-17 04:00:00,69,20.2,47.8,70.0,26.8,881.0,15.1,0.0,0,0,0.0,0,4,17,1,3,0,0
2026-03-17 05:00:00,69,20.1,53.1,97.0,18.3,568.0,18.6,0.0,0,0,0.0,0,5,17,1,3,0,0
2026-03-17 06:00:00,68,20.6,53.9,118.0,11.3,329.0,21.0,0.0,0,0,0.0,0,6,17,1,3,0,1
2026-03-17 07:00:00,68,20.5,52.2,130.0,8.0,265.0,21.7,0.0,0,0,0.0,0,7,17,1,3,0,1
2026-03-17 08:00:00,68,19.9,49.6,136.0,6.3,274.0,21.3,0.0,0,0,0.0,0,8,17,1,3,0,1
2026-03-17 09:00:00,68,18.7,46.4,136.0,5.8,296.0,20.4,0.0,0,0,0.0,0,9,17,1,3,0,1
2026-03-17 10:00:00,68,17.6,43.2,128.0,6.3,313.0,18.7,0.0,0,0,0.0,0,10,17,1,3,0,2
2026-03-17 11:00:00,68,16.8,40.5,114.0,7.9,342.0,16.5,0.0,0,0,0.0,0,11,17,1,3,0,2
2026-03-17 12:00:00,68,14.4,34.2,105.0,11.5,376.0,16.4,0.0,0,0,0.0,0,12,17,1,3,0,2
2026-03-17 13:00:00,72,14.8,30.4,90.0,17.9,418.0,14.9,0.0,0,0,0.0,0,13,17,1,3,0,2
2026-03-17 14:00:00,70,16.6,27.5,70.0,26.9,465.0,12.8,0.0,0,0,0.0,0,14,17,1,3,0,2
2026-03-17 15:00:00,67,17.2,27.9,53.0,34.2,501.0,11.5,0.0,0,0,0.0,0,15,17,1,3,0,2
2026-03-17 16:00:00,66,18.2,28.5,45.0,38.3,513.0,11.8,0.0,0,0,0.0,0,16,17,1,3,0,2
2026-03-17 17:00:00,66,20.0,29.9,40.0,40.7,514.0,12.8,0.0,0,0,0.0,0,17,17,1,3,0,3
2026-03-17 18:00:00,66,22.1,31.5,37.0,42.0,521.0,13.5,0.0,0,0,0.0,0,18,17,1,3,0,3
2026-03-17 19:00:00,67,23.0,32.1,34.0,42.0,547.0,13.3,0.0,0,0,0.0,0,19,17,1,3,0,3
2026-03-17 20:00:00,67,23.2,31.8,33.0,40.8,579.0,12.7,0.0,0,0,0.0,0,20,17,1,3,0,3
2026-03-17 21:00:00,68,25.7,35.0,31.0,39.9,603.0,12.5,0.0,0,0,0.0,0,21,17,1,3,0,0
2026-03-17 22:00:00,68,28.8,39.3,28.0,39.9,596.0,12.9,0.0,0,0,0.0,0,22,17,1,3,0,0
2026-03-17 23:00:00,69,33.8,45.3,24.0,40.1,580.0,13.7,0.0,0,0,0.0,0,23,17,1,3,0,0
2026-03-18 00:00:00,71,29.9,38.3,37.0,28.0,609.0,12.6,0.0,0,0,0.0,0,0,18,2,3,0,0
2026-03-18 01:00:00,72,38.2,47.3,29.0,32.0,747.0,13.4,0.0,0,0,0.0,0,1,18,2,3,0,0
2026-03-18 02:00:00,74,47.7,56.2,20.0,37.1,929.0,14.7,0.0,0,0,0.0,0,2,18,2,3,0,0
2026-03-18 03:00:00,76,43.5,50.3,21.0,38.0,1022.0,17.0,0.0,0,0,0.0,0,3,18,2,3,0,0
2026-03-18 04:00:00,78,26.5,34.6,41.0,30.9,944.0,21.3,0.0,0,0,0.0,0,4,18,2,3,0,0
2026-03-18 05:00:00,78,18.9,29.4,72.0,19.6,776.0,26.6,0.0,0,0,0.0,0,5,18,2,3,0,0
2026-03-18 06:00:00,78,18.7,31.0,97.0,10.7,625.0,29.9,0.0,0,0,0.0,0,6,18,2,3,0,1
2026-03-18 07:00:00,78,19.3,33.2,112.0,6.8,515.0,29.3,0.0,0,0,0.0,0,7,18,2,3,0,1
2026-03-18 08:00:00,78,20.2,37.8,122.0,5.3,422.0,26.7,0.0,0,0,0.0,0,8,18,2,3,0,1
2026-03-18 09:00:00,78,20.9,42.4,125.0,5.3,376.0,24.6,0.0,0,0,0.0,0,9,18,2,3,0,1
2026-03-18 10:00:00,78,20.4,43.0,120.0,6.7,393.0,24.4,0.0,0,0,0.0,0,10,18,2,3,0,2
2026-03-18 11:00:00,79,19.5,43.5,110.0,9.6,456.0,24.6,0.0,0,0,0.0,0,11,18,2,3,0,2
2026-03-18 12:00:00,79,22.4,48.3,106.0,13.4,550.0,28.2,0.0,0,0,0.0,0,12,18,2,3,0,2
2026-03-18 13:00:00,79,18.5,39.5,94.0,15.0,689.0,23.0,0.0,0,0,0.0,0,13,18,2,3,0,2
2026-03-18 14:00:00,80,15.3,29.7,78.0,17.2,858.0,15.8,0.0,0,0,0.0,0,14,18,2,3,0,2
2026-03-18 15:00:00,80,13.0,28.1,66.0,18.6,996.0,10.3,0.0,0,0,0.0,0,15,18,2,3,0,2
2026-03-18 16:00:00,79,12.6,29.1,64.0,18.0,1104.0,8.2,0.0,0,0,0.0,0,16,18,2,3,0,2
2026-03-18 17:00:00,79,13.6,31.4,68.0,16.7,1182.0,7.8,0.0,0,0,0.0,0,17,18,2,3,0,3
2026-03-18 18:00:00,78,15.3,33.9,68.0,16.4,1159.0,8.1,0.0,0,0,0.0,0,18,18,2,3,0,3
2026-03-18 19:00:00,78,19.2,39.0,61.0,18.9,959.0,9.2,0.0,0,0,0.0,0,19,18,2,3,0,3
2026-03-18 20:00:00,77,19.5,36.0,51.0,22.4,660.0,11.0,0.0,0,0,0.0,0,20,18,2,3,0,3
2026-03-18 21:00:00,77,18.5,33.9,45.0,24.3,426.0,12.2,0.0,0,0,0.0,0,21,18,2,3,0,0
2026-03-18 22:00:00,77,17.9,31.8,45.0,22.3,272.0,12.0,0.0,0,0,0.0,0,22,18,2,3,0,0
2026-03-18 23:00:00,76,18.1,32.7,49.0,18.5,183.0,11.3,0.0,0,0,0.0,0,23,18,2,3,0,0
2026-03-19 00:00:00,74,19.3,36.7,36.0,21.4,281.0,13.5,0.0,0,0,0.0,0,0,19,3,3,0,0
2026-03-19 01:00:00,74,18.8,36.4,28.0,28.6,772.0,13.8,0.0,0,0,0.0,0,1,19,3,3,0,0
2026-03-19 02:00:00,72,21.8,40.7,18.0,38.2,1451.0,14.4,0.0,0,0,0.0,0,2,19,3,3,0,0
2026-03-19 03:00:00,70,25.4,42.0,18.0,42.8,1824.0,15.8,0.0,0,0,0.0,0,3,19,3,3,0,0
2026-03-19 04:00:00,69,27.3,46.7,36.0,37.9,1579.0,18.7,0.0,0,0,0.0,0,4,19,3,3,0,0
2026-03-19 05:00:00,69,27.2,55.1,64.0,27.9,1028.0,22.4,0.0,0,0,0.0,0,5,19,3,3,0,0
2026-03-19 06:00:00,69,28.1,77.3,90.0,19.3,618.0,25.3,0.0,0,0,0.0,0,6,19,3,3,0,1
2026-03-19 07:00:00,70,29.7,90.6,112.0,14.0,552.0,26.5,0.0,0,0,0.0,0,7,19,3,3,0,1
2026-03-19 08:00:00,71,32.9,103.1,131.0,9.9,625.0,27.0,0.0,0,0,0.0,0,8,19,3,3,0,1
2026-03-19 09:00:00,72,36.9,114.3,145.0,7.6,673.0,27.6,0.0,0,0,0.0,0,9,19,3,3,0,1
2026-03-19 10:00:00,73,40.2,125.7,154.0,5.9,586.0,29.3,0.0,0,0,0.0,0,10,19,3,3,0,2
2026-03-19 11:00:00,75,41.9,132.7,156.0,5.9,473.0,31.1,0.0,0,0,0.0,0,11,19,3,3,0,2
2026-03-19 12:00:00,77,23.5,74.5,110.0,10.7,495.0,22.7,0.0,0,0,0.0,0,12,19,3,3,0,2
2026-03-19 13:00:00,77,25.1,77.1,86.0,26.9,811.0,22.9,0.0,0,0,0.0,0,13,19,3,3,0,2
2026-03-19 14:00:00,77,33.9,75.2,52.0,49.1,1263.0,23.3,0.0,0,0,0.0,0,14,19,3,3,0,2
2026-03-19 15:00:00,79,35.7,77.5,27.0,65.3,1535.0,23.6,0.0,0,0,0.0,0,15,19,3,3,0,2
2026-03-19 16:00:00,80,40.7,87.3,18.0,70.1,1458.0,24.3,0.0,0,0,0.0,0,16,19,3,3,0,2
2026-03-19 17:00:00,83,47.6,92.7,17.0,68.8,1202.0,25.1,0.0,0,0,0.0,0,17,19,3,3,0,3
2026-03-19 18:00:00,85,44.2,77.3,18.0,65.8,961.0,24.7,0.0,0,0,0.0,0,18,19,3,3,0,3
2026-03-19 19:00:00,88,35.7,68.7,21.0,61.7,796.0,22.0,0.0,0,0,0.0,0,19,19,3,3,0,3
2026-03-19 20:00:00,89,34.2,70.1,26.0,55.8,647.0,18.2,0.0,0,0,0.0,0,20,19,3,3,0,3
2026-03-19 21:00:00,90,35.2,74.0,30.0,50.5,529.0,15.5,0.0,0,0,0.0,0,21,19,3,3,0,0
2026-03-19 22:00:00,91,35.2,73.3,31.0,46.0,387.0,14.9,0.0,0,0,0.0,0,22,19,3,3,0,0
2026-03-19 23:00:00,93,35.2,72.9,30.0,42.1,276.0,15.4,0.0,0,0,0.0,0,23,19,3,3,0,0
2026-03-20 00:00:00,94,34.5,59.5,16.0,55.4,376.0,17.0,0.0,0,0,0.0,0,0,20,4,3,0,0
2026-03-20 01:00:00,95,35.2,62.2,14.0,55.4,941.0,18.9,0.0,0,0,0.0,0,1,20,4,3,0,0
2026-03-20 02:00:00,96,38.3,66.6,13.0,54.9,1717.0,21.6,0.0,0,0,0.0,0,2,20,4,3,0,0
2026-03-20 03:00:00,98,44.5,65.4,22.0,50.5,2118.0,24.0,0.0,0,0,0.0,0,3,20,4,3,0,0
2026-03-20 04:00:00,99,28.8,64.3,49.0,38.6,1772.0,26.3,0.0,0,0,0.0,0,4,20,4,3,0,0
2026-03-20 05:00:00,99,27.4,83.8,86.0,22.8,1052.0,28.4,0.0,0,0,0.0,0,5,20,4,3,0,0
2026-03-20 06:00:00,99,31.1,109.2,114.0,10.7,491.0,28.8,0.0,0,0,0.0,0,6,20,4,3,0,1
2026-03-20 07:00:00,100,32.9,113.4,126.0,5.6,310.0,26.0,0.0,0,0,0.0,0,7,20,4,3,0,1
2026-03-20 08:00:00,100,32.9,109.0,128.0,4.2,289.0,21.5,0.0,0,0,0.0,0,8,20,4,3,0,1
2026-03-20 09:00:00,100,32.2,105.2,127.0,4.1,302.0,18.3,0.0,0,0,0.0,0,9,20,4,3,0,1
2026-03-20 10:00:00,100,31.9,102.9,123.0,4.3,311.0,17.9,0.0,0,0,0.0,0,10,20,4,3,0,2
2026-03-20 11:00:00,99,31.2,97.8,115.0,5.8,353.0,18.7,0.0,0,0,0.0,0,11,20,4,3,0,2
2026-03-20 12:00:00,98,24.9,72.9,116.0,9.1,418.0,20.4,0.0,0,0,0.0,0,12,20,4,3,0,2
2026-03-20 13:00:00,98,23.3,62.6,97.0,16.1,531.0,18.4,0.0,0,0,0.0,0,13,20,4,3,0,2
2026-03-20 14:00:00,98,23.1,50.9,71.0,25.7,667.0,15.6,0.0,0,0,0.0,0,14,20,4,3,0,2
2026-03-20 15:00:00,97,23.1,48.5,51.0,32.6,738.0,13.5,0.0,0,0,0.0,0,15,20,4,3,0,2
2026-03-20 16:00:00,96,23.2,47.8,45.0,34.6,688.0,12.7,0.0,0,0,0.0,0,16,20,4,3,0,2
2026-03-20 17:00:00,95,23.3,47.1,45.0,33.9,573.0,12.5,0.0,0,0,0.0,0,17,20,4,3,0,3
2026-03-20 18:00:00,93,23.6,46.6,46.0,32.3,470.0,12.1,0.0,0,0,0.0,0,18,20,4,3,0,3
2026-03-20 19:00:00,91,23.9,46.1,47.0,30.0,404.0,11.0,0.0,0,0,0.0,0,19,20,4,3,0,3
2026-03-20 20:00:00,90,23.3,45.5,48.0,26.8,350.0,9.6,0.0,0,0,0.0,0,20,20,4,3,0,3
2026-03-20 21:00:00,89,21.9,44.0,50.0,23.6,311.0,8.6,0.0,0,0,0.0,0,21,20,4,3,0,0
2026-03-20 22:00:00,88,20.5,41.4,52.0,19.7,265.0,8.0,0.0,0,0,0.0,0,22,20,4,3,0,0
2026-03-20 23:00:00,87,19.1,38.8,54.0,15.8,234.0,7.7,0.0,0,0,0.0,0,23,20,4,3,0,0
2026-03-21 00:00:00,86,17.2,36.3,55.0,13.1,288.0,7.6,0.0,0,0,0.0,0,0,21,5,3,1,0
2026-03-21 01:00:00,85,17.5,35.4,47.0,20.2,532.0,8.8,0.0,0,0,0.0,0,1,21,5,3,1,0
2026-03-21 02:00:00,83,20.0,37.1,37.0,29.6,860.0,10.6,0.0,0,0,0.0,0,2,21,5,3,1,0
2026-03-21 03:00:00,82,25.5,40.7,35.0,33.7,1026.0,12.7,0.0,0,0,0.0,0,3,21,5,3,1,0
2026-03-21 04:00:00,80,22.1,46.6,48.0,27.5,866.0,15.4,0.0,0,0,0.0,0,4,21,5,3,1,0
2026-03-21 05:00:00,80,22.0,49.0,69.0,16.0,543.0,18.3,0.0,0,0,0.0,0,5,21,5,3,1,0
2026-03-21 06:00:00,79,22.8,49.0,87.0,7.2,300.0,20.3,0.0,0,0,0.0,0,6,21,5,3,1,1
2026-03-21 07:00:00,79,24.0,49.9,99.0,4.2,243.0,20.5,0.0,0,0,0.0,0,7,21,5,3,1,1
2026-03-21 08:00:00,78,25.3,50.8,107.0,3.9,265.0,19.7,0.0,0,0,0.0,0,8,21,5,3,1,1
2026-03-21 09:00:00,77,25.5,50.8,110.0,4.5,294.0,19.2,0.0,0,0,0.0,0,9,21,5,3,1,1
2026-03-21 10:00:00,77,25.4,49.4,106.0,5.1,296.0,19.7,0.0,0,0,0.0,0,10,21,5,3,1,2
2026-03-21 11:00:00,76,24.0,44.9,96.0,6.6,304.0,20.5,0.0,0,0,0.0,0,11,21,5,3,1,2
2026-03-21 12:00:00,76,19.0,35.4,87.0,7.7,344.0,17.5,0.0,0,0,0.0,0,12,21,5,3,1,2
2026-03-21 13:00:00,75,18.9,32.7,71.0,15.8,446.0,16.9,0.0,0,0,0.0,0,13,21,5,3,1,2
2026-03-21 14:00:00,75,21.2,31.5,50.0,27.0,580.0,16.1,0.0,0,0,0.0,0,14,21,5,3,1,2
2026-03-21 15:00:00,75,23.3,32.9,32.0,36.5,683.0,15.6,0.0,0,0,0.0,0,15,21,5,3,1,2
2026-03-21 16:00:00,75,25.5,34.3,22.0,43.1,740.0,16.0,0.0,0,0,0.0,0,16,21,5,3,1,2
2026-03-21 17:00:00,75,27.1,35.3,16.0,47.9,766.0,16.8,0.0,0,0,0.0,0,17,21,5,3,1,3
2026-03-21 18:00:00,75,28.5,36.2,14.0,49.4,743.0,16.9,0.0,0,0,0.0,0,18,21,5,3,1,3
2026-03-21 19:00:00,76,29.3,36.7,17.0,45.7,638.0,15.5,0.0,0,0,0.0,0,19,21,5,3,1,3
2026-03-21 20:00:00,76,27.0,34.2,25.0,38.6,484.0,13.4,0.0,0,0,0.0,0,20,21,5,3,1,3
2026-03-21 21:00:00,76,24.1,31.2,31.0,31.9,367.0,11.6,0.0,0,0,0.0,0,21,21,5,3,1,0
2026-03-21 22:00:00,77,22.6,29.6,36.0,25.5,296.0,10.3,0.0,0,0,0.0,0,22,21,5,3,1,0
2026-03-21 23:00:00,77,21.6,28.5,41.0,19.5,261.0,9.4,0.0,0,0,0.0,0,23,21,5,3,1,0
2026-03-22 00:00:00,77,20.1,25.7,42.0,16.0,316.0,9.0,0.0,0,0,0.0,0,0,22,6,3,1,0
2026-03-22 01:00:00,77,21.0,26.4,34.0,22.5,564.0,10.3,0.0,0,0,0.0,0,1,22,6,3,1,0
2026-03-22 02:00:00,78,28.2,33.6,24.0,31.0,902.0,12.4,0.0,0,0,0.0,0,2,22,6,3,1,0
2026-03-22 03:00:00,78,33.6,38.5,25.0,34.7,1077.0,15.9,0.0,0,0,0.0,0,3,22,6,3,1,0
2026-03-22 04:00:00,79,25.6,35.6,47.0,28.9,926.0,22.3,0.0,0,0,0.0,0,4,22,6,3,1,0
2026-03-22 05:00:00,79,26.1,43.8,80.0,18.3,613.0,30.0,0.0,0,0,0.0,0,5,22,6,3,1,0
2026-03-22 06:00:00,79,28.8,54.6,106.0,10.1,368.0,35.0,0.0,0,0,0.0,0,6,22,6,3,1,1
2026-03-22 07:00:00,80,28.8,58.7,117.0,7.4,286.0,35.0,0.0,0,0,0.0,0,7,22,6,3,1,1
2026-03-22 08:00:00,80,28.1,53.2,121.0,7.1,274.0,32.1,0.0,0,0,0.0,0,8,22,6,3,1,1
2026-03-22 09:00:00,80,26.4,44.8,118.0,7.8,283.0,29.0,0.0,0,0,0.0,0,9,22,6,3,1,1
2026-03-22 10:00:00,81,23.6,36.2,108.0,8.6,305.0,26.2,0.0,0,0,0.0,0,10,22,6,3,1,2
2026-03-22 11:00:00,80,22.0,31.4,92.0,10.4,348.0,23.1,0.0,0,0,0.0,0,11,22,6,3,1,2
2026-03-22 12:00:00,80,25.4,34.6,79.0,12.2,388.0,19.0,0.0,0,0,0.0,0,12,22,6,3,1,2
2026-03-22 13:00:00,81,24.6,31.7,67.0,18.3,421.0,17.8,0.0,0,0,0.0,0,13,22,6,3,1,2
2026-03-22 14:00:00,81,25.2,30.6,51.0,26.7,450.0,16.2,0.0,0,0,0.0,0,14,22,6,3,1,2
2026-03-22 15:00:00,81,25.9,31.2,38.0,33.4,465.0,15.0,0.0,0,0,0.0,0,15,22,6,3,1,2
2026-03-22 16:00:00,82,26.1,31.1,31.0,37.2,460.0,14.8,0.0,0,0,0.0,0,16,22,6,3,1,2
2026-03-22 17:00:00,82,26.7,31.3,27.0,39.2,439.0,14.9,0.0,0,0,0.0,0,17,22,6,3,1,3
2026-03-22 18:00:00,82,26.8,31.2,26.0,38.9,406.0,14.6,0.0,0,0,0.0,0,18,22,6,3,1,3
2026-03-22 19:00:00,82,25.7,29.9,28.0,35.0,352.0,13.3,0.0,0,0,0.0,0,19,22,6,3,1,3
2026-03-22 20:00:00,81,23.3,27.2,33.0,28.8,285.0,11.5,0.0,0,0,0.0,0,20,22,6,3,1,3
2026-03-22 21:00:00,81,20.4,24.0,38.0,23.0,233.0,10.0,0.0,0,0,0.0,0,21,22,6,3,1,0
2026-03-22 22:00:00,81,17.4,20.7,42.0,18.2,193.0,9.0,0.0,0,0,0.0,0,22,22,6,3,1,0
2026-03-22 23:00:00,80,14.8,17.8,45.0,13.8,169.0,8.3,0.0,0,0,0.0,0,23,22,6,3,1,0
2026-03-23 00:00:00,80,16.4,19.9,40.0,15.1,200.0,9.4,0.0,0,0,0.0,0,0,23,0,3,0,0
2026-03-23 01:00:00,79,15.7,18.9,40.0,16.5,349.0,10.4,0.0,0,0,0.0,0,1,23,0,3,0,0
2026-03-23 02:00:00,79,17.0,20.1,41.0,18.2,552.0,12.0,0.0,0,0,0.0,0,2,23,0,3,0,0
2026-03-23 03:00:00,78,16.4,20.4,47.0,18.3,662.0,14.1,0.0,0,0,0.0,0,3,23,0,3,0,0
2026-03-23 04:00:00,77,14.8,19.8,64.0,15.4,583.0,17.5,0.0,0,0,0.0,0,4,23,0,3,0,0
2026-03-23 05:00:00,76,14.2,21.9,86.0,10.8,411.0,21.4,0.0,0,0,0.0,0,5,23,0,3,0,0
2026-03-23 06:00:00,75,13.4,22.9,103.0,7.2,277.0,23.7,0.0,0,0,0.0,0,6,23,0,3,0,1
2026-03-23 07:00:00,74,12.7,23.8,112.0,5.3,236.0,22.8,0.0,0,0,0.0,0,7,23,0,3,0,1
2026-03-23 08:00:00,73,12.3,24.3,115.0,4.2,234.0,20.3,0.0,0,0,0.0,0,8,23,0,3,0,1
2026-03-23 09:00:00,71,12.0,24.1,115.0,4.1,245.0,18.4,0.0,0,0,0.0,0,9,23,0,3,0,1
2026-03-23 10:00:00,70,11.9,24.4,111.0,4.8,261.0,18.3,0.0,0,0,0.0,0,10,23,0,3,0,2
2026-03-23 11:00:00,69,12.1,25.4,103.0,6.3,290.0,18.9,0.0,0,0,0.0,0,11,23,0,3,0,2
2026-03-23 12:00:00,68,10.3,18.0,96.0,9.9,324.0,19.1,0.0,0,0,0.0,0,12,23,0,3,0,2
2026-03-23 13:00:00,67,11.1,17.3,79.0,18.0,370.0,17.6,0.0,0,0,0.0,0,13,23,0,3,0,2
2026-03-23 14:00:00,66,13.6,18.0,55.0,28.9,422.0,15.4,0.0,0,0,0.0,0,14,23,0,3,0,2
2026-03-23 15:00:00,65,13.6,18.7,39.0,35.4,453.0,13.5,0.0,0,0,0.0,0,15,23,0,3,0,2
2026-03-23 16:00:00,64,12.6,18.7,38.0,33.4,452.0,12.2,0.0,0,0,0.0,0,16,23,0,3,0,2
2026-03-23 17:00:00,63,11.7,18.2,45.0,27.1,430.0,11.3,0.0,0,0,0.0,0,17,23,0,3,0,3
2026-03-23 18:00:00,62,11.4,17.5,51.0,21.6,395.0,10.4,0.0,0,0,0.0,0,18,23,0,3,0,3
2026-03-23 19:00:00,61,11.3,16.6,52.0,18.8,337.0,9.6,0.0,0,0,0.0,0,19,23,0,3,0,3
2026-03-23 20:00:00,60,11.0,15.8,51.0,16.9,266.0,9.0,0.0,0,0,0.0,0,20,23,0,3,0,3
2026-03-23 21:00:00,59,10.4,14.7,50.0,15.0,213.0,8.5,0.0,0,0,0.0,0,21,23,0,3,0,0
2026-03-23 22:00:00,58,9.5,13.4,50.0,12.3,184.0,8.0,0.0,0,0,0.0,0,22,23,0,3,0,0
2026-03-23 23:00:00,57,8.6,12.5,50.0,9.6,173.0,7.7,0.0,0,0,0.0,0,23,23,0,3,0,0
2026-03-24 00:00:00,57,8.2,11.1,48.0,9.4,195.0,7.8,0.0,0,0,0.0,0,0,24,1,3,0,0
2026-03-24 01:00:00,56,8.7,12.5,43.0,13.2,281.0,8.4,0.0,0,0,0.0,0,1,24,1,3,0,0
2026-03-24 02:00:00,56,11.4,15.7,38.0,18.3,399.0,9.4,0.0,0,0,0.0,0,2,24,1,3,0,0
2026-03-24 03:00:00,55,13.2,18.7,37.0,21.7,467.0,11.3,0.0,0,0,0.0,0,3,24,1,3,0,0
2026-03-24 04:00:00,55,14.8,22.1,44.0,22.1,431.0,14.8,0.0,0,0,0.0,0,4,24,1,3,0,0
2026-03-24 05:00:00,55,15.5,26.6,56.0,20.8,344.0,19.2,0.0,0,0,0.0,0,5,24,1,3,0,0
2026-03-24 06:00:00,55,17.3,32.2,72.0,18.6,286.0,22.7,0.0,0,0,0.0,0,6,24,1,3,0,1
2026-03-24 07:00:00,55,17.8,35.9,97.0,14.8,294.0,24.7,0.0,0,0,0.0,0,7,24,1,3,0,1
2026-03-24 08:00:00,56,17.9,36.9,126.0,10.1,330.0,25.8,0.0,0,0,0.0,0,8,24,1,3,0,1
2026-03-24 09:00:00,56,19.3,37.1,142.0,7.1,360.0,25.9,0.0,0,0,0.0,0,9,24,1,3,0,1
2026-03-24 10:00:00,57,20.1,36.6,138.0,6.5,367.0,24.5,0.0,0,0,0.0,0,10,24,1,3,0,2
2026-03-24 11:00:00,58,18.5,33.6,121.0,7.6,368.0,22.1,0.0,0,0,0.0,0,11,24,1,3,0,2
2026-03-24 12:00:00,58,16.2,28.7,115.0,11.3,385.0,24.6,0.0,0,0,0.0,0,12,24,1,3,0,2
2026-03-24 13:00:00,58,16.7,27.6,93.0,16.7,439.0,21.5,0.0,0,0,0.0,0,13,24,1,3,0,2
2026-03-24 14:00:00,59,16.5,23.5,62.0,24.1,509.0,17.1,0.0,0,0,0.0,0,14,24,1,3,0,2
2026-03-24 15:00:00,59,14.8,22.1,40.0,28.6,556.0,13.6,0.0,0,0,0.0,0,15,24,1,3,0,2
2026-03-24 16:00:00,59,14.5,21.9,35.0,27.9,572.0,11.9,0.0,0,0,0.0,0,16,24,1,3,0,2
2026-03-24 17:00:00,59,14.0,21.9,39.0,24.3,565.0,11.0,0.0,0,0,0.0,0,17,24,1,3,0,3
2026-03-24 18:00:00,60,13.5,22.3,43.0,20.3,524.0,10.2,0.0,0,0,0.0,0,18,24,1,3,0,3
2026-03-24 19:00:00,60,13.2,22.9,46.0,16.4,421.0,9.0,0.0,0,0,0.0,0,19,24,1,3,0,3
2026-03-24 20:00:00,60,12.6,23.1,49.0,12.1,283.0,7.9,0.0,0,0,0.0,0,20,24,1,3,0,3
2026-03-24 21:00:00,60,11.9,22.0,52.0,8.7,183.0,7.1,0.0,0,0,0.0,0,21,24,1,3,0,0
2026-03-24 22:00:00,60,11.1,19.9,54.0,6.2,131.0,6.5,0.0,0,0,0.0,0,22,24,1,3,0,0
2026-03-24 23:00:00,60,10.7,19.3,56.0,4.7,116.0,6.2,0.0,0,0,0.0,0,23,24,1,3,0,0
2026-03-25 00:00:00,60,11.3,18.9,49.0,7.6,183.0,7.6,0.0,0,0,0.0,0,0,25,2,3,0,0
2026-03-25 01:00:00,61,12.2,21.8,43.0,12.5,423.0,9.0,0.0,0,0,0.0,0,1,25,2,3,0,0
2026-03-25 02:00:00,61,15.9,27.0,36.0,19.0,744.0,11.1,0.0,0,0,0.0,0,2,25,2,3,0,0
2026-03-25 03:00:00,61,19.4,35.3,36.0,22.1,912.0,13.4,0.0,0,0,0.0,0,3,25,2,3,0,0
2026-03-25 04:00:00,62,21.0,53.4,50.0,18.6,773.0,16.5,0.0,0,0,0.0,0,4,25,2,3,0,0
2026-03-25 05:00:00,62,22.3,65.7,71.0,11.8,480.0,19.7,0.0,0,0,0.0,0,5,25,2,3,0,0
2026-03-25 06:00:00,63,23.8,72.6,87.0,6.4,258.0,21.2,0.0,0,0,0.0,0,6,25,2,3,0,1
2026-03-25 07:00:00,63,23.7,72.9,91.0,4.1,200.0,19.1,0.0,0,0,0.0,0,7,25,2,3,0,1
2026-03-25 08:00:00,64,23.6,73.6,90.0,3.2,212.0,15.2,0.0,0,0,0.0,0,8,25,2,3,0,1
2026-03-25 09:00:00,64,23.5,75.2,86.0,3.3,235.0,12.5,0.0,0,0,0.0,0,9,25,2,3,0,1
2026-03-25 10:00:00,65,23.6,75.9,81.0,3.5,253.0,12.5,0.0,0,0,0.0,0,10,25,2,3,0,2
2026-03-25 11:00:00,65,23.9,75.9,73.0,4.6,282.0,13.7,0.0,0,0,0.0,0,11,25,2,3,0,2
2026-03-25 12:00:00,65,22.5,71.0,63.0,7.9,315.0,13.6,0.0,0,0,0.0,0,12,25,2,3,0,2
2026-03-25 13:00:00,66,23.2,67.3,51.0,16.5,353.0,14.1,0.0,0,0,0.0,0,13,25,2,3,0,2
2026-03-25 14:00:00,66,25.1,58.2,35.0,28.4,395.0,14.8,0.0,0,0,0.0,0,14,25,2,3,0,2
2026-03-25 15:00:00,67,27.5,57.0,22.0,38.1,432.0,15.4,0.0,0,0,0.0,0,15,25,2,3,0,2
2026-03-25 16:00:00,68,29.7,56.5,15.0,43.6,466.0,15.8,0.0,0,0,0.0,0,16,25,2,3,0,2
2026-03-25 17:00:00,69,31.0,55.9,12.0,46.9,497.0,16.0,0.0,0,0,0.0,0,17,25,2,3,0,3
2026-03-25 18:00:00,70,31.7,55.5,11.0,47.7,510.0,15.7,0.0,0,0,0.0,0,18,25,2,3,0,3
2026-03-25 19:00:00,72,31.0,54.1,13.0,45.4,502.0,14.6,0.0,0,0,0.0,0,19,25,2,3,0,3
2026-03-25 20:00:00,73,29.7,51.7,17.0,40.6,478.0,13.1,0.0,0,0,0.0,0,20,25,2,3,0,3
2026-03-25 21:00:00,75,28.2,48.9,22.0,35.1,437.0,11.7,0.0,0,0,0.0,0,21,25,2,3,0,0
2026-03-25 22:00:00,76,26.4,45.8,29.0,28.1,358.0,10.4,0.0,0,0,0.0,0,22,25,2,3,0,0
2026-03-25 23:00:00,77,23.8,42.7,38.0,20.4,263.0,9.3,0.0,0,0,0.0,0,23,25,2,3,0,0
2026-03-26 00:00:00,78,21.4,37.5,38.0,16.3,218.0,9.2,0.0,0,0,0.0,0,0,26,3,3,0,0
2026-03-26 01:00:00,79,21.8,37.0,32.0,22.8,277.0,10.3,0.0,0,0,0.0,0,1,26,3,3,0,0
2026-03-26 02:00:00,80,25.5,40.0,23.0,31.3,386.0,11.9,0.0,0,0,0.0,0,2,26,3,3,0,0
2026-03-26 03:00:00,80,27.6,43.9,24.0,34.9,448.0,14.2,0.0,0,0,0.0,0,3,26,3,3,0,0
2026-03-26 04:00:00,81,25.4,47.8,41.0,28.7,408.0,18.0,0.0,0,0,0.0,0,4,26,3,3,0,0
2026-03-26 05:00:00,81,24.3,49.2,66.0,17.5,321.0,22.5,0.0,0,0,0.0,0,5,26,3,3,0,0
2026-03-26 06:00:00,82,25.1,53.9,87.0,8.7,252.0,25.3,0.0,0,0,0.0,0,6,26,3,3,0,1
2026-03-26 07:00:00,82,27.5,60.5,102.0,5.3,224.0,24.9,0.0,0,0,0.0,0,7,26,3,3,0,1
2026-03-26 08:00:00,82,27.4,61.7,113.0,4.2,214.0,22.8,0.0,0,0,0.0,0,8,26,3,3,0,1
2026-03-26 09:00:00,82,26.1,58.9,117.0,4.2,217.0,20.9,0.0,0,0,0.0,0,9,26,3,3,0,1
2026-03-26 10:00:00,82,24.8,55.8,111.0,4.4,238.0,19.9,0.0,0,0,0.0,0,10,26,3,3,0,2
2026-03-26 11:00:00,83,23.4,51.9,99.0,5.6,272.0,19.2,0.0,0,0,0.0,0,11,26,3,3,0,2
2026-03-26 12:00:00,83,15.6,33.5,77.0,7.9,303.0,16.6,0.0,0,0,0.0,0,12,26,3,3,0,2
2026-03-26 13:00:00,82,16.1,31.4,65.0,13.6,323.0,16.4,0.0,0,0,0.0,0,13,26,3,3,0,2
2026-03-26 14:00:00,81,17.6,28.3,48.0,21.5,340.0,16.0,0.0,0,0,0.0,0,14,26,3,3,0,2
2026-03-26 15:00:00,81,18.5,28.9,35.0,27.7,354.0,15.6,0.0,0,0,0.0,0,15,26,3,3,0,2
2026-03-26 16:00:00,80,19.5,29.1,29.0,31.2,371.0,15.3,0.0,0,0,0.0,0,16,26,3,3,0,2
2026-03-26 17:00:00,79,20.5,29.4,26.0,33.0,385.0,15.0,0.0,0,0,0.0,0,17,26,3,3,0,3
2026-03-26 18:00:00,79,20.7,29.3,26.0,32.7,386.0,14.3,0.0,0,0,0.0,0,18,26,3,3,0,3
2026-03-26 19:00:00,78,20.7,28.8,29.0,29.1,363.0,13.0,0.0,0,0,0.0,0,19,26,3,3,0,3
2026-03-26 20:00:00,77,19.4,27.4,35.0,23.3,326.0,11.3,0.0,0,0,0.0,0,20,26,3,3,0,3
2026-03-26 21:00:00,76,17.5,25.4,40.0,18.2,293.0,9.9,0.0,0,0,0.0,0,21,26,3,3,0,0
2026-03-26 22:00:00,75,15.8,23.4,43.0,14.3,254.0,8.9,0.0,0,0,0.0,0,22,26,3,3,0,0
2026-03-26 23:00:00,74,14.6,21.2,45.0,11.0,219.0,8.1,0.0,0,0,0.0,0,23,26,3,3,0,0
2026-03-27 00:00:00,74,14.9,21.0,41.0,12.2,239.0,8.8,0.0,0,0,0.0,0,0,27,4,3,0,0
2026-03-27 01:00:00,73,14.5,19.6,40.0,13.9,372.0,9.8,0.0,0,0,0.0,0,1,27,4,3,0,0
2026-03-27 02:00:00,73,16.6,21.7,38.0,16.1,560.0,11.4,0.0,0,0,0.0,0,2,27,4,3,0,0
2026-03-27 03:00:00,72,16.8,23.1,43.0,16.7,678.0,13.6,0.0,0,0,0.0,0,3,27,4,3,0,0
2026-03-27 04:00:00,71,16.2,24.4,58.0,14.2,665.0,17.0,0.0,0,0,0.0,0,4,27,4,3,0,0
2026-03-27 05:00:00,70,16.5,27.4,78.0,10.0,583.0,21.0,0.0,0,0,0.0,0,5,27,4,3,0,0
2026-03-27 06:00:00,70,16.5,28.3,96.0,6.7,494.0,23.8,0.0,0,0,0.0,0,6,27,4,3,0,1
2026-03-27 07:00:00,69,16.6,29.0,111.0,5.1,406.0,24.6,0.0,0,0,0.0,0,7,27,4,3,0,1
2026-03-27 08:00:00,68,18.2,33.5,124.0,4.4,311.0,24.1,0.0,0,0,0.0,0,8,27,4,3,0,1
2026-03-27 09:00:00,67,19.3,38.9,127.0,4.3,245.0,22.6,0.0,0,0,0.0,0,9,27,4,3,0,1
2026-03-27 10:00:00,67,16.6,30.0,113.0,4.7,229.0,19.7,0.0,0,0,0.0,0,10,27,4,3,0,2
2026-03-27 11:00:00,66,11.8,21.9,90.0,5.8,241.0,15.8,0.0,0,0,0.0,0,11,27,4,3,0,2
2026-03-27 12:00:00,65,3.7,3.9,72.0,7.0,254.0,13.3,0.0,0,0,0.0,0,12,27,4,3,0,2
2026-03-27 13:00:00,64,3.5,3.7,63.0,10.6,261.0,12.9,0.0,0,0,0.0,0,13,27,4,3,0,2
2026-03-27 14:00:00,63,4.5,5.0,50.0,15.7,268.0,12.3,0.0,0,0,0.0,0,14,27,4,3,0,2
2026-03-27 15:00:00,62,6.1,7.4,41.0,19.2,269.0,11.8,0.0,0,0,0.0,0,15,27,4,3,0,2
2026-03-27 16:00:00,61,6.7,10.0,37.0,20.3,262.0,11.7,0.0,0,0,0.0,0,16,27,4,3,0,2
2026-03-27 17:00:00,60,7.6,13.2,37.0,19.9,249.0,11.6,0.0,0,0,0.0,0,17,27,4,3,0,3
2026-03-27 18:00:00,59,8.0,15.3,38.0,18.3,231.0,11.1,0.0,0,0,0.0,0,18,27,4,3,0,3
2026-03-27 19:00:00,58,7.1,14.6,42.0,14.7,202.0,9.7,0.0,0,0,0.0,0,19,27,4,3,0,3
2026-03-27 20:00:00,57,5.7,12.2,48.0,9.9,167.0,7.8,0.0,0,0,0.0,0,20,27,4,3,0,3
2026-03-27 21:00:00,56,4.7,9.6,52.0,6.2,141.0,6.4,0.0,0,0,0.0,0,21,27,4,3,0,0
2026-03-27 22:00:00,55,4.3,7.0,52.0,4.5,127.0,5.8,0.0,0,0,0.0,0,22,27,4,3,0,0
2026-03-27 23:00:00,54,4.5,7.0,51.0,3.9,123.0,5.6,0.0,0,0,0.0,0,23,27,4,3,0,0
2026-03-28 00:00:00,54,4.3,6.2,49.0,5.0,136.0,6.4,0.0,0,0,0.0,0,0,28,5,3,1,0
2026-03-28 01:00:00,53,4.8,8.2,48.0,6.4,182.0,6.9,0.0,0,0,0.0,0,1,28,5,3,1,0
2026-03-28 02:00:00,52,6.5,12.0,46.0,8.2,246.0,7.6,0.0,0,0,0.0,0,2,28,5,3,1,0
2026-03-28 03:00:00,51,8.3,17.2,48.0,8.9,283.0,8.4,0.0,0,0,0.0,0,3,28,5,3,1,0
2026-03-28 04:00:00,50,8.4,19.7,56.0,7.5,269.0,9.2,0.0,0,0,0.0,0,4,28,5,3,1,0
2026-03-28 05:00:00,50,9.1,23.6,67.0,5.1,228.0,10.1,0.0,0,0,0.0,0,5,28,5,3,1,0
2026-03-28 06:00:00,48,10.2,26.3,76.0,3.3,198.0,10.6,0.0,0,0,0.0,0,6,28,5,3,1,1
2026-03-28 07:00:00,46,11.1,29.3,81.0,2.7,191.0,10.7,0.0,0,0,0.0,0,7,28,5,3,1,1
2026-03-28 08:00:00,45,11.8,34.7,83.0,2.8,194.0,10.5,0.0,0,0,0.0,0,8,28,5,3,1,1
2026-03-28 09:00:00,44,12.8,41.2,82.0,3.1,202.0,10.2,0.0,0,0,0.0,0,9,28,5,3,1,1
2026-03-28 10:00:00,42,13.1,48.2,76.0,3.5,219.0,9.8,0.0,0,0,0.0,0,10,28,5,3,1,2
2026-03-28 11:00:00,41,12.0,51.3,66.0,4.2,240.0,9.3,0.0,0,0,0.0,0,11,28,5,3,1,2
2026-03-28 12:00:00,41,9.2,37.5,58.0,6.1,252.0,9.3,0.0,0,0,0.0,0,12,28,5,3,1,2
2026-03-28 13:00:00,43,7.2,24.6,53.0,7.6,245.0,9.1,0.0,0,0,0.0,0,13,28,5,3,1,2
2026-03-28 14:00:00,44,6.4,12.7,47.0,9.7,228.0,8.8,0.0,0,0,0.0,0,14,28,5,3,1,2
2026-03-28 15:00:00,44,6.3,9.9,43.0,10.9,214.0,8.5,0.0,0,0,0.0,0,15,28,5,3,1,2
2026-03-28 16:00:00,44,6.2,10.2,44.0,10.6,210.0,8.3,0.0,0,0,0.0,0,16,28,5,3,1,2
2026-03-28 17:00:00,44,7.4,17.5,47.0,9.4,209.0,8.1,0.0,0,0,0.0,0,17,28,5,3,1,3
2026-03-28 18:00:00,44,12.1,37.8,54.0,8.0,203.0,7.7,0.0,0,0,0.0,0,18,28,5,3,1,3
2026-03-28 19:00:00,45,18.2,55.8,66.0,6.5,185.0,7.0,0.0,0,0,0.0,0,19,28,5,3,1,3
2026-03-28 20:00:00,47,22.2,60.8,81.0,4.9,161.0,6.1,0.0,0,0,0.0,0,20,28,5,3,1,3
2026-03-28 21:00:00,50,22.5,56.2,93.0,3.7,145.0,5.5,0.0,0,0,0.0,0,21,28,5,3,1,0
2026-03-28 22:00:00,52,20.7,49.0,97.0,3.0,137.0,5.2,0.0,0,0,0.0,0,22,28,5,3,1,0
2026-03-28 23:00:00,53,18.8,43.5,98.0,2.8,138.0,5.0,0.0,0,0,0.0,0,23,28,5,3,1,0
2026-03-29 00:00:00,54,17.8,38.2,96.0,3.6,157.0,5.6,0.0,0,0,0.0,0,0,29,6,3,1,0
2026-03-29 01:00:00,55,17.0,36.9,96.0,5.6,217.0,6.7,0.0,0,0,0.0,0,1,29,6,3,1,0
2026-03-29 02:00:00,56,17.5,36.6,96.0,8.2,297.0,8.1,0.0,0,0,0.0,0,2,29,6,3,1,0
2026-03-29 03:00:00,57,18.0,40.3,100.0,9.5,342.0,9.4,0.0,0,0,0.0,0,3,29,6,3,1,0
2026-03-29 04:00:00,58,16.4,36.2,112.0,8.2,320.0,10.2,0.0,0,0,0.0,0,4,29,6,3,1,0
2026-03-29 05:00:00,58,14.8,31.0,129.0,5.6,264.0,10.8,0.0,0,0,0.0,0,5,29,6,3,1,0
2026-03-29 06:00:00,59,13.4,29.2,141.0,3.6,222.0,11.2,0.0,0,0,0.0,0,6,29,6,3,1,1
2026-03-29 07:00:00,59,13.6,33.2,144.0,3.0,211.0,11.3,0.0,0,0,0.0,0,7,29,6,3,1,1
2026-03-29 08:00:00,61,14.7,40.2,143.0,3.0,213.0,11.2,0.0,0,0,0.0,0,8,29,6,3,1,1
2026-03-29 09:00:00,71,15.9,47.7,140.0,3.3,222.0,11.1,0.0,0,0,0.0,0,9,29,6,3,1,1
2026-03-29 10:00:00,80,17.1,56.1,137.0,3.7,240.0,10.9,0.0,0,0,0.0,0,10,29,6,3,1,2
2026-03-29 11:00:00,89,18.7,67.3,132.0,4.5,266.0,10.7,0.0,0,0,0.0,0,11,29,6,3,1,2
2026-03-29 12:00:00,96,18.9,73.8,124.0,6.2,290.0,10.8,0.0,0,0,0.0,0,12,29,6,3,1,2
2026-03-29 13:00:00,98,18.9,68.7,119.0,9.7,311.0,11.5,0.0,0,0,0.0,0,13,29,6,3,1,2
2026-03-29 14:00:00,96,18.1,55.1,111.0,14.5,330.0,12.5,0.0,0,0,0.0,0,14,29,6,3,1,2
2026-03-29 15:00:00,90,18.5,45.3,105.0,17.9,339.0,13.0,0.0,0,0,0.0,0,15,29,6,3,1,2
2026-03-29 16:00:00,82,18.7,42.4,101.0,19.0,337.0,12.6,0.0,0,0,0.0,0,16,29,6,3,1,2
2026-03-29 17:00:00,73,19.1,42.5,99.0,18.7,325.0,11.7,0.0,0,0,0.0,0,17,29,6,3,1,3
2026-03-29 18:00:00,66,19.8,45.1,98.0,17.6,304.0,10.6,0.0,0,0,0.0,0,18,29,6,3,1,3
2026-03-29 19:00:00,67,20.3,48.1,99.0,15.4,266.0,9.4,0.0,0,0,0.0,0,19,29,6,3,1,3
2026-03-29 20:00:00,67,20.3,50.5,102.0,12.3,219.0,8.1,0.0,0,0,0.0,0,20,29,6,3,1,3
2026-03-29 21:00:00,67,20.1,51.3,105.0,9.8,185.0,7.1,0.0,0,0,0.0,0,21,29,6,3,1,0
2026-03-29 22:00:00,67,19.7,49.7,108.0,8.1,170.0,6.6,0.0,0,0,0.0,0,22,29,6,3,1,0
2026-03-29 23:00:00,67,18.9,44.7,110.0,6.9,169.0,6.5,0.0,0,0,0.0,0,23,29,6,3,1,0
2026-03-30 00:00:00,67,17.1,36.4,115.0,5.7,189.0,6.5,0.0,0,0,0.0,0,0,30,0,3,0,0
2026-03-30 01:00:00,66,17.1,32.7,115.0,7.3,254.0,8.0,0.0,0,0,0.0,0,1,30,0,3,0,0
2026-03-30 02:00:00,66,19.0,33.1,116.0,9.4,342.0,10.0,0.0,0,0,0.0,0,2,30,0,3,0,0
2026-03-30 03:00:00,67,20.3,39.8,119.0,10.3,389.0,11.5,0.0,0,0,0.0,0,3,30,0,3,0,0
2026-03-30 04:00:00,67,20.2,41.6,127.0,8.7,357.0,12.1,0.0,0,0,0.0,0,4,30,0,3,0,0
2026-03-30 05:00:00,67,20.5,43.2,138.0,5.8,284.0,12.2,0.0,0,0,0.0,0,5,30,0,3,0,0
2026-03-30 06:00:00,68,20.7,44.6,145.0,3.6,230.0,12.1,0.0,0,0,0.0,0,6,30,0,3,0,1
2026-03-30 07:00:00,76,20.3,45.1,147.0,2.8,217.0,11.7,0.0,0,0,0.0,0,7,30,0,3,0,1
2026-03-30 08:00:00,84,19.6,45.9,145.0,2.7,222.0,11.2,0.0,0,0,0.0,0,8,30,0,3,0,1
2026-03-30 09:00:00,90,19.2,45.8,143.0,3.1,232.0,11.0,0.0,0,0,0.0,0,9,30,0,3,0,1
2026-03-30 10:00:00,96,18.7,44.8,141.0,3.6,245.0,11.4,0.0,0,0,0.0,0,10,30,0,3,0,2
2026-03-30 11:00:00,102,18.1,43.3,138.0,4.6,264.0,12.2,0.0,0,0,0.0,0,11,30,0,3,0,2
2026-03-30 12:00:00,106,14.5,34.0,133.0,6.6,286.0,13.0,0.0,0,0,0.0,0,12,30,0,3,0,2
2026-03-30 13:00:00,107,15.5,34.8,124.0,10.4,314.0,13.7,0.0,0,0,0.0,0,13,30,0,3,0,2
2026-03-30 14:00:00,104,17.9,34.2,110.0,15.5,346.0,14.6,0.0,0,0,0.0,0,14,30,0,3,0,2
2026-03-30 15:00:00,96,20.1,39.9,101.0,18.9,366.0,15.0,0.0,0,0,0.0,0,15,30,0,3,0,2
2026-03-30 16:00:00,87,20.4,42.5,98.0,19.2,371.0,14.7,0.0,0,0,0.0,0,16,30,0,3,0,2
2026-03-30 17:00:00,77,21.3,43.4,99.0,17.9,366.0,13.9,0.0,0,0,0.0,0,17,30,0,3,0,3
2026-03-30 18:00:00,69,22.1,44.9,101.0,16.0,347.0,12.8,0.0,0,0,0.0,0,18,30,0,3,0,3
2026-03-30 19:00:00,69,22.5,47.5,104.0,13.5,306.0,11.4,0.0,0,0,0.0,0,19,30,0,3,0,3
2026-03-30 20:00:00,70,23.1,51.8,108.0,10.5,251.0,9.7,0.0,0,0,0.0,0,20,30,0,3,0,3
2026-03-30 21:00:00,70,24.1,57.2,111.0,8.2,212.0,8.4,0.0,0,0,0.0,0,21,30,0,3,0,0
2026-03-30 22:00:00,70,25.2,62.2,112.0,6.2,184.0,7.7,0.0,0,0,0.0,0,22,30,0,3,0,0
2026-03-30 23:00:00,70,25.5,62.6,111.0,5.0,172.0,7.4,0.0,0,0,0.0,0,23,30,0,3,0,0
2026-03-31 00:00:00,71,23.0,53.2,114.0,5.5,214.0,7.3,0.0,0,0,0.0,0,0,31,1,3,0,0
2026-03-31 01:00:00,71,23.4,52.4,106.0,11.9,378.0,8.5,0.0,0,0,0.0,0,1,31,1,3,0,0
2026-03-31 02:00:00,72,26.6,53.1,94.0,20.5,597.0,10.1,0.0,0,0,0.0,0,2,31,1,3,0,0
2026-03-31 03:00:00,73,27.9,56.1,91.0,24.8,709.0,11.8,0.0,0,0,0.0,0,3,31,1,3,0,0
2026-03-31 04:00:00,73,24.7,58.9,103.0,20.6,608.0,13.5,0.0,0,0,0.0,0,4,31,1,3,0,0
2026-03-31 05:00:00,73,23.8,55.4,122.0,12.2,402.0,15.2,0.0,0,0,0.0,0,5,31,1,3,0,0
2026-03-31 06:00:00,74,23.7,53.3,136.0,5.8,247.0,16.2,0.0,0,0,0.0,0,6,31,1,3,0,1
2026-03-31 07:00:00,74,22.8,50.4,140.0,4.0,214.0,16.1,0.0,0,0,0.0,0,7,31,1,3,0,1
2026-03-31 08:00:00,74,22.3,48.7,140.0,4.1,233.0,15.3,0.0,0,0,0.0,0,8,31,1,3,0,1
2026-03-31 09:00:00,74,22.3,47.4,138.0,4.6,255.0,14.5,0.0,0,0,0.0,0,9,31,1,3,0,1
2026-03-31 10:00:00,75,22.3,45.8,137.0,4.8,266.0,13.7,0.0,0,0,0.0,0,10,31,1,3,0,2
2026-03-31 11:00:00,81,21.5,43.3,135.0,5.3,281.0,12.9,0.0,0,0,0.0,0,11,31,1,3,0,2
2026-03-31 12:00:00,90,19.7,39.2,132.0,6.8,293.0,13.5,0.0,0,0,0.0,0,12,31,1,3,0,2
2026-03-31 13:00:00,96,20.0,38.6,126.0,9.3,292.0,13.6,0.0,0,0,0.0,0,13,31,1,3,0,2
2026-03-31 14:00:00,97,20.7,36.9,118.0,12.9,289.0,13.8,0.0,0,0,0.0,0,14,31,1,3,0,2
2026-03-31 15:00:00,93,22.5,41.0,110.0,16.5,309.0,14.0,0.0,0,0,0.0,0,15,31,1,3,0,2
2026-03-31 16:00:00,87,24.5,45.3,101.0,20.4,385.0,14.4,0.0,0,0,0.0,0,16,31,1,3,0,2
2026-03-31 17:00:00,79,26.6,48.5,92.0,24.3,484.0,14.7,0.0,0,0,0.0,0,17,31,1,3,0,3
2026-03-31 18:00:00,77,28.9,51.3,87.0,25.9,538.0,14.5,0.0,0,0,0.0,0,18,31,1,3,0,3
2026-03-31 19:00:00,78,29.6,53.0,89.0,23.3,508.0,13.2,0.0,0,0,0.0,0,19,31,1,3,0,3
2026-03-31 20:00:00,78,27.8,51.9,94.0,18.4,432.0,11.4,0.0,0,0,0.0,0,20,31,1,3,0,3
2026-03-31 21:00:00,79,25.5,49.5,98.0,14.3,358.0,9.9,0.0,0,0,0.0,0,21,31,1,3,0,0
2026-03-31 22:00:00,79,23.6,45.8,98.0,11.6,281.0,9.0,0.0,0,0,0.0,0,22,31,1,3,0,0
2026-03-31 23:00:00,79,22.0,41.6,96.0,9.8,206.0,8.4,0.0,0,0,0.0,0,23,31,1,3,0,0
2026-04-01 00:00:00,78,21.8,39.5,91.0,11.7,197.0,8.5,0.0,0,0,0.0,0,0,1,2,4,0,0
2026-04-01 01:00:00,78,21.0,36.9,87.0,17.2,329.0,9.3,0.0,0,0,0.0,0,1,1,2,4,0,0
2026-04-01 02:00:00,78,23.7,38.2,82.0,24.5,527.0,10.6,0.0,0,0,0.0,0,2,1,2,4,0,0
2026-04-01 03:00:00,78,25.4,41.1,85.0,27.6,634.0,12.3,0.0,0,0,0.0,0,3,1,2,4,0,0
2026-04-01 04:00:00,78,21.7,40.0,102.0,22.5,552.0,15.0,0.0,0,0,0.0,0,4,1,2,4,0,0
2026-04-01 05:00:00,77,20.4,38.0,127.0,13.2,378.0,18.1,0.0,0,0,0.0,0,5,1,2,4,0,0
2026-04-01 06:00:00,77,19.8,37.0,144.0,6.1,249.0,19.9,0.0,0,0,0.0,0,6,1,2,4,0,1
2026-04-01 07:00:00,77,18.6,36.4,146.0,3.8,225.0,19.2,0.0,0,0,0.0,0,7,1,2,4,0,1
2026-04-01 08:00:00,76,16.9,35.6,141.0,3.7,245.0,17.2,0.0,0,0,0.0,0,8,1,2,4,0,1
2026-04-01 09:00:00,76,16.0,36.6,134.0,4.2,267.0,15.7,0.0,0,0,0.0,0,9,1,2,4,0,1
2026-04-01 10:00:00,76,14.8,34.9,126.0,4.8,277.0,15.6,0.0,0,0,0.0,0,10,1,2,4,0,2
2026-04-01 11:00:00,80,14.3,34.5,116.0,5.9,288.0,16.0,0.0,0,0,0.0,0,11,1,2,4,0,2
2026-04-01 12:00:00,87,18.1,43.4,105.0,8.2,300.0,16.6,0.0,0,0,0.0,0,12,1,2,4,0,2
2026-04-01 13:00:00,88,17.7,42.0,97.0,10.9,311.0,16.0,0.0,0,0,0.0,0,13,1,2,4,0,2
2026-04-01 14:00:00,81,17.9,39.8,85.0,14.8,322.0,15.0,0.0,0,0,0.0,0,14,1,2,4,0,2
2026-04-01 15:00:00,74,19.2,39.0,75.0,18.0,334.0,14.3,0.0,0,0,0.0,0,15,1,2,4,0,2
2026-04-01 16:00:00,74,20.0,39.0,70.0,20.1,357.0,14.0,0.0,0,0,0.0,0,16,1,2,4,0,2
2026-04-01 17:00:00,73,20.7,39.6,66.0,21.6,382.0,13.8,0.0,0,0,0.0,0,17,1,2,4,0,3
2026-04-01 18:00:00,73,21.3,40.0,64.0,22.2,381.0,13.4,0.0,0,0,0.0,0,18,1,2,4,0,3
2026-04-01 19:00:00,72,21.3,39.7,63.0,21.1,326.0,12.4,0.0,0,0,0.0,0,19,1,2,4,0,3
2026-04-01 20:00:00,72,20.7,38.9,62.0,19.1,245.0,11.1,0.0,0,0,0.0,0,20,1,2,4,0,3
2026-04-01 21:00:00,71,20.5,38.3,60.0,17.8,191.0,10.3,0.0,0,0,0.0,0,21,1,2,4,0,0
2026-04-01 22:00:00,71,21.0,38.8,55.0,17.7,181.0,10.1,0.0,0,0,0.0,0,22,1,2,4,0,0
2026-04-01 23:00:00,70,22.1,41.4,50.0,18.4,197.0,10.4,0.0,0,0,0.0,0,23,1,2,4,0,0
2026-04-02 00:00:00,70,18.7,36.1,58.0,14.3,239.0,9.5,0.0,0,0,0.0,0,0,2,3,4,0,0
2026-04-02 01:00:00,70,19.6,38.0,60.0,16.4,329.0,10.4,0.0,0,0,0.0,0,1,2,3,4,0,0
2026-04-02 02:00:00,70,22.9,42.6,63.0,19.3,445.0,11.9,0.0,0,0,0.0,0,2,2,3,4,0,0
2026-04-02 03:00:00,70,23.3,61.7,67.0,20.6,521.0,13.6,0.0,0,0,0.0,0,3,2,3,4,0,0
2026-04-02 04:00:00,70,24.2,69.2,71.0,19.0,522.0,15.8,0.0,0,0,0.0,0,4,2,3,4,0,0
2026-04-02 05:00:00,70,25.4,79.2,76.0,15.8,483.0,18.3,0.0,0,0,0.0,0,5,2,3,4,0,0
2026-04-02 06:00:00,70,27.5,95.9,82.0,13.1,447.0,20.8,0.0,0,0,0.0,0,6,2,3,4,0,1
2026-04-02 07:00:00,71,28.8,101.3,89.0,11.2,428.0,23.7,0.0,0,0,0.0,0,7,2,3,4,0,1
2026-04-02 08:00:00,72,31.5,110.8,97.0,9.8,413.0,26.5,0.0,0,0,0.0,0,8,2,3,4,0,1
2026-04-02 09:00:00,73,33.2,115.9,101.0,9.2,403.0,27.5,0.0,0,0,0.0,0,9,2,3,4,0,1
2026-04-02 10:00:00,74,32.8,114.8,99.0,9.4,400.0,25.1,0.0,0,0,0.0,0,10,2,3,4,0,2
2026-04-02 11:00:00,76,29.4,103.1,93.0,10.5,404.0,20.8,0.0,0,0,0.0,0,11,2,3,4,0,2
2026-04-02 12:00:00,77,21.0,59.5,90.0,11.5,413.0,14.9,0.0,0,0,0.0,0,12,2,3,4,0,2
2026-04-02 13:00:00,77,20.9,57.0,83.0,16.1,433.0,14.5,0.0,0,0,0.0,0,13,2,3,4,0,2
2026-04-02 14:00:00,77,21.2,51.7,73.0,22.4,460.0,14.1,0.0,0,0,0.0,0,14,2,3,4,0,2
2026-04-02 15:00:00,78,17.8,35.0,66.0,26.3,477.0,14.4,0.0,0,0,0.0,0,15,2,3,4,0,2
2026-04-02 16:00:00,78,12.4,25.6,66.0,25.2,467.0,16.2,0.0,0,0,0.0,0,16,2,3,4,0,2
2026-04-02 17:00:00,77,11.3,21.7,69.0,21.7,449.0,18.6,0.0,0,0,0.0,0,17,2,3,4,0,3
2026-04-02 18:00:00,76,12.0,21.1,70.0,19.3,462.0,20.2,0.0,0,0,0.0,0,18,2,3,4,0,3
2026-04-02 19:00:00,75,12.4,20.7,67.0,19.4,541.0,19.8,0.0,0,0,0.0,0,19,2,3,4,0,3
2026-04-02 20:00:00,75,13.2,20.4,63.0,20.6,653.0,18.5,0.0,0,0,0.0,0,20,2,3,4,0,3
2026-04-02 21:00:00,74,13.3,20.5,59.0,21.7,736.0,17.9,0.0,0,0,0.0,0,21,2,3,4,0,0
2026-04-02 22:00:00,74,13.1,21.2,56.0,22.2,742.0,18.8,0.0,0,0,0.0,0,22,2,3,4,0,0
2026-04-02 23:00:00,73,13.6,21.3,52.0,22.6,720.0,20.5,0.0,0,0,0.0,0,23,2,3,4,0,0
2026-04-03 00:00:00,72,14.6,26.0,53.0,19.1,754.0,16.3,0.0,0,0,0.0,0,0,3,4,4,0,0
2026-04-03 01:00:00,72,16.4,27.2,50.0,22.1,944.0,20.4,0.0,0,0,0.0,0,1,3,4,4,0,0
2026-04-03 02:00:00,72,19.7,29.2,46.0,26.1,1190.0,26.1,0.0,0,0,0.0,0,2,3,4,4,0,0
2026-04-03 03:00:00,71,19.7,30.6,49.0,27.1,1277.0,30.2,0.0,0,0,0.0,0,3,3,4,4,0,0
2026-04-03 04:00:00,71,16.3,27.0,63.0,22.5,1051.0,31.8,0.0,0,0,0.0,0,4,3,4,4,0,0
2026-04-03 05:00:00,71,13.6,23.3,83.0,15.0,666.0,32.0,0.0,0,0,0.0,0,5,3,4,4,0,0
2026-04-03 06:00:00,70,12.5,21.9,100.0,9.0,370.0,30.5,0.0,0,0,0.0,0,6,3,4,4,0,1
2026-04-03 07:00:00,68,12.2,21.9,112.0,6.1,269.0,26.4,0.0,0,0,0.0,0,7,3,4,4,0,1
2026-04-03 08:00:00,67,12.0,22.5,120.0,4.6,257.0,20.6,0.0,0,0,0.0,0,8,3,4,4,0,1
2026-04-03 09:00:00,66,10.7,22.0,124.0,4.0,264.0,16.2,0.0,0,0,0.0,0,9,3,4,4,0,1
2026-04-03 10:00:00,64,10.4,23.0,122.0,3.8,268.0,14.7,0.0,0,0,0.0,0,10,3,4,4,0,2
2026-04-03 11:00:00,62,10.5,23.4,115.0,4.5,291.0,14.5,0.0,0,0,0.0,0,11,3,4,4,0,2
2026-04-03 12:00:00,61,12.7,29.7,104.0,6.6,334.0,12.1,0.0,0,0,0.0,0,12,3,4,4,0,2
2026-04-03 13:00:00,60,13.7,30.6,91.0,11.7,414.0,12.3,0.0,0,0,0.0,0,13,3,4,4,0,2
2026-04-03 14:00:00,59,15.8,29.9,73.0,18.9,514.0,12.7,0.0,0,0,0.0,0,14,3,4,4,0,2
2026-04-03 15:00:00,59,18.2,32.7,58.0,25.5,581.0,13.0,0.0,0,0,0.0,0,15,3,4,4,0,2
2026-04-03 16:00:00,59,20.7,35.2,49.0,31.7,595.0,13.5,0.0,0,0,0.0,0,16,3,4,4,0,2
2026-04-03 17:00:00,60,23.9,37.4,44.0,37.2,577.0,13.9,0.0,0,0,0.0,0,17,3,4,4,0,3
2026-04-03 18:00:00,61,24.9,37.7,44.0,38.9,532.0,13.7,0.0,0,0,0.0,0,18,3,4,4,0,3
2026-04-03 19:00:00,62,23.5,35.9,52.0,33.8,444.0,12.2,0.0,0,0,0.0,0,19,3,4,4,0,3
2026-04-03 20:00:00,63,21.1,32.4,65.0,24.9,330.0,9.9,0.0,0,0,0.0,0,20,3,4,4,0,3
2026-04-03 21:00:00,63,18.5,28.3,75.0,17.7,246.0,8.3,0.0,0,0,0.0,0,21,3,4,4,0,0
2026-04-03 22:00:00,64,16.4,24.4,79.0,13.2,181.0,7.6,0.0,0,0,0.0,0,22,3,4,4,0,0
2026-04-03 23:00:00,64,15.1,21.7,80.0,10.3,147.0,7.5,0.0,0,0,0.0,0,23,3,4,4,0,0
2026-04-04 00:00:00,64,15.9,24.5,79.0,12.3,234.0,8.4,0.0,0,0,0.0,0,0,4,5,4,1,0
2026-04-04 01:00:00,64,16.9,24.8,73.0,20.6,586.0,10.4,0.0,0,0,0.0,0,1,4,5,4,1,0
2026-04-04 02:00:00,64,23.2,31.5,65.0,31.7,1059.0,13.2,0.0,0,0,0.0,0,2,4,5,4,1,0
2026-04-04 03:00:00,64,23.9,31.0,67.0,36.6,1310.0,15.6,0.0,0,0,0.0,0,3,4,5,4,1,0
2026-04-04 04:00:00,65,17.3,27.9,89.0,29.4,1121.0,17.3,0.0,0,0,0.0,0,4,4,5,4,1,0
2026-04-04 05:00:00,65,15.8,32.5,122.0,16.1,709.0,18.5,0.0,0,0,0.0,0,5,4,5,4,1,0
2026-04-04 06:00:00,65,15.7,36.0,145.0,5.9,386.0,18.6,0.0,0,0,0.0,0,6,4,5,4,1,1
2026-04-04 07:00:00,65,14.7,35.9,150.0,2.8,278.0,16.7,0.0,0,0,0.0,0,7,4,5,4,1,1
2026-04-04 08:00:00,65,13.6,34.1,145.0,2.9,259.0,13.6,0.0,0,0,0.0,0,8,4,5,4,1,1
2026-04-04 09:00:00,65,12.7,29.8,139.0,3.5,262.0,11.4,0.0,0,0,0.0,0,9,4,5,4,1,1
2026-04-04 10:00:00,66,12.6,27.7,135.0,3.5,269.0,10.9,0.0,0,0,0.0,0,10,4,5,4,1,2
2026-04-04 11:00:00,78,12.9,26.9,130.0,4.1,298.0,11.3,0.0,0,0,0.0,0,11,4,5,4,1,2
2026-04-04 12:00:00,91,10.7,21.2,124.0,6.5,333.0,11.8,0.0,0,0,0.0,0,12,4,5,4,1,2
2026-04-04 13:00:00,98,11.7,22.8,112.0,12.3,380.0,11.9,0.0,0,0,0.0,0,13,4,5,4,1,2
2026-04-04 14:00:00,96,14.1,22.9,96.0,20.2,433.0,12.1,0.0,0,0,0.0,0,14,4,5,4,1,2
2026-04-04 15:00:00,86,16.1,24.5,84.0,26.0,460.0,12.1,0.0,0,0,0.0,0,15,4,5,4,1,2
2026-04-04 16:00:00,72,16.6,24.9,79.0,27.8,440.0,11.8,0.0,0,0,0.0,0,16,4,5,4,1,2
2026-04-04 17:00:00,65,17.3,25.0,78.0,27.4,393.0,11.3,0.0,0,0,0.0,0,17,4,5,4,1,3
2026-04-04 18:00:00,65,17.3,24.6,78.0,26.0,348.0,10.6,0.0,0,0,0.0,0,18,4,5,4,1,3
2026-04-04 19:00:00,64,16.3,23.3,77.0,23.5,313.0,9.6,0.0,0,0,0.0,0,19,4,5,4,1,3
2026-04-04 20:00:00,63,15.7,22.4,77.0,20.1,281.0,8.4,0.0,0,0,0.0,0,20,4,5,4,1,3
2026-04-04 21:00:00,63,16.1,22.7,76.0,17.5,256.0,7.8,0.0,0,0,0.0,0,21,4,5,4,1,0
2026-04-04 22:00:00,63,16.3,22.8,73.0,15.6,205.0,7.8,0.0,0,0,0.0,0,22,4,5,4,1,0
2026-04-04 23:00:00,63,16.4,22.8,69.0,14.6,161.0,8.4,0.0,0,0,0.0,0,23,4,5,4,1,0
2026-04-05 00:00:00,63,14.2,18.7,71.0,12.0,231.0,8.2,0.0,0,0,0.0,0,0,5,6,4,1,0
2026-04-05 01:00:00,63,15.6,19.7,62.0,22.1,558.0,10.6,0.0,0,0,0.0,0,1,5,6,4,1,0
2026-04-05 02:00:00,63,24.3,28.8,51.0,35.5,998.0,14.1,0.0,0,0,0.0,0,2,5,6,4,1,0
2026-04-05 03:00:00,63,27.4,32.0,52.0,41.6,1226.0,17.1,0.0,0,0,0.0,0,3,5,6,4,1,0
2026-04-05 04:00:00,63,20.7,29.0,76.0,33.3,1031.0,19.5,0.0,0,0,0.0,0,4,5,6,4,1,0
2026-04-05 05:00:00,63,19.1,29.1,113.0,17.7,624.0,21.6,0.0,0,0,0.0,0,5,5,6,4,1,0
2026-04-05 06:00:00,64,18.8,29.9,140.0,5.9,315.0,22.4,0.0,0,0,0.0,0,6,5,6,4,1,1
2026-04-05 07:00:00,64,17.6,29.0,149.0,2.5,236.0,21.2,0.0,0,0,0.0,0,7,5,6,4,1,1
2026-04-05 08:00:00,64,16.6,27.8,148.0,2.9,255.0,18.7,0.0,0,0,0.0,0,8,5,6,4,1,1
2026-04-05 09:00:00,64,16.1,27.2,145.0,4.0,283.0,16.9,0.0,0,0,0.0,0,9,5,6,4,1,1
2026-04-05 10:00:00,65,15.4,26.3,142.0,4.3,282.0,16.5,0.0,0,0,0.0,0,10,5,6,4,1,2
2026-04-05 11:00:00,72,15.1,26.0,136.0,5.2,291.0,16.8,0.0,0,0,0.0,0,11,5,6,4,1,2
2026-04-05 12:00:00,90,15.7,27.7,131.0,8.9,338.0,19.5,0.0,0,0,0.0,0,12,5,6,4,1,2
2026-04-05 13:00:00,101,16.5,28.5,114.0,15.5,454.0,18.2,0.0,0,0,0.0,0,13,5,6,4,1,2
2026-04-05 14:00:00,102,19.0,28.3,91.0,24.8,607.0,16.4,0.0,0,0,0.0,0,14,5,6,4,1,2
2026-04-05 15:00:00,91,20.6,29.8,72.0,32.6,738.0,15.0,0.0,0,0,0.0,0,15,5,6,4,1,2
2026-04-05 16:00:00,75,21.8,31.3,61.0,38.0,846.0,14.4,0.0,0,0,0.0,0,16,5,6,4,1,2
2026-04-05 17:00:00,67,23.8,33.5,55.0,41.8,931.0,14.2,0.0,0,0,0.0,0,17,5,6,4,1,3
2026-04-05 18:00:00,67,25.8,36.2,52.0,42.8,929.0,13.6,0.0,0,0,0.0,0,18,5,6,4,1,3
2026-04-05 19:00:00,68,26.2,37.5,54.0,39.4,773.0,12.1,0.0,0,0,0.0,0,19,5,6,4,1,3
2026-04-05 20:00:00,69,24.9,37.1,58.0,33.1,531.0,10.3,0.0,0,0,0.0,0,20,5,6,4,1,3
2026-04-05 21:00:00,69,23.5,36.6,63.0,27.2,340.0,8.8,0.0,0,0,0.0,0,21,5,6,4,1,0
2026-04-05 22:00:00,70,22.2,36.6,66.0,22.1,238.0,8.0,0.0,0,0,0.0,0,22,5,6,4,1,0
2026-04-05 23:00:00,71,21.3,36.6,69.0,17.5,188.0,7.5,0.0,0,0,0.0,0,23,5,6,4,1,0
2026-04-06 00:00:00,71,21.3,37.7,66.0,17.5,214.0,8.2,0.0,0,0,0.0,0,0,6,0,4,0,0
2026-04-06 01:00:00,71,22.0,41.2,69.0,19.4,392.0,9.2,0.0,0,0,0.0,0,1,6,0,4,0,0
2026-04-06 02:00:00,72,24.4,44.2,73.0,21.8,647.0,10.6,0.0,0,0,0.0,0,2,6,0,4,0,0
2026-04-06 03:00:00,72,24.2,49.5,79.0,21.9,779.0,12.0,0.0,0,0,0.0,0,3,6,0,4,0,0
2026-04-06 04:00:00,72,22.5,52.3,91.0,17.3,662.0,13.8,0.0,0,0,0.0,0,4,6,0,4,0,0
2026-04-06 05:00:00,72,21.9,52.3,104.0,10.4,423.0,15.6,0.0,0,0,0.0,0,5,6,0,4,0,0
2026-04-06 06:00:00,72,23.6,64.3,113.0,5.1,244.0,16.2,0.0,0,0,0.0,0,6,6,0,4,0,1
2026-04-06 07:00:00,72,26.1,83.8,112.0,3.1,202.0,14.7,0.0,0,0,0.0,0,7,6,0,4,0,1
2026-04-06 08:00:00,73,24.7,77.8,107.0,2.7,219.0,12.0,0.0,0,0,0.0,0,8,6,0,4,0,1
2026-04-06 09:00:00,74,24.0,75.7,100.0,2.9,247.0,9.9,0.0,0,0,0.0,0,9,6,0,4,0,1
2026-04-06 10:00:00,74,22.2,69.2,93.0,3.5,278.0,9.0,0.0,0,0,0.0,0,10,6,0,4,0,2
2026-04-06 11:00:00,75,20.4,57.4,85.0,4.8,320.0,8.6,0.0,0,0,0.0,0,11,6,0,4,0,2
2026-04-06 12:00:00,75,18.7,51.3,81.0,5.7,345.0,8.4,0.0,0,0,0.0,0,12,6,0,4,0,2
2026-04-06 13:00:00,76,17.2,41.9,75.0,8.1,337.0,8.4,0.0,0,0,0.0,0,13,6,0,4,0,2
2026-04-06 14:00:00,76,17.2,35.7,68.0,11.3,312.0,8.3,0.0,0,0,0.0,0,14,6,0,4,0,2
2026-04-06 15:00:00,76,17.5,35.2,62.0,13.3,288.0,8.1,0.0,0,0,0.0,0,15,6,0,4,0,2
2026-04-06 16:00:00,75,17.1,33.4,60.0,12.9,274.0,7.8,0.0,0,0,0.0,0,16,6,0,4,0,2
2026-04-06 17:00:00,75,17.1,33.9,59.0,11.2,261.0,7.3,0.0,0,0,0.0,0,17,6,0,4,0,3
2026-04-06 18:00:00,74,17.1,33.9,59.0,9.5,244.0,6.9,0.0,0,0,0.0,0,18,6,0,4,0,3
2026-04-06 19:00:00,74,16.8,33.2,59.0,7.9,218.0,6.4,0.0,0,0,0.0,0,19,6,0,4,0,3
2026-04-06 20:00:00,73,16.1,31.5,60.0,6.2,188.0,5.9,0.0,0,0,0.0,0,20,6,0,4,0,3
2026-04-06 21:00:00,72,15.4,30.2,61.0,4.9,166.0,5.5,0.0,0,0,0.0,0,21,6,0,4,0,0
2026-04-06 22:00:00,72,14.7,28.9,62.0,4.0,151.0,5.2,0.0,0,0,0.0,0,22,6,0,4,0,0
2026-04-06 23:00:00,71,14.4,29.3,64.0,3.4,144.0,5.1,0.0,0,0,0.0,0,23,6,0,4,0,0
2026-04-07 00:00:00,70,15.3,37.0,66.0,4.2,161.0,5.6,0.0,0,0,0.0,0,0,7,1,4,0,0
2026-04-07 01:00:00,70,15.8,38.0,66.0,5.8,228.0,6.6,0.0,0,0,0.0,0,1,7,1,4,0,0
2026-04-07 02:00:00,70,17.7,43.2,66.0,8.0,318.0,8.0,0.0,0,0,0.0,0,2,7,1,4,0,0
2026-04-07 03:00:00,69,21.2,59.0,72.0,9.0,370.0,9.2,0.0,0,0,0.0,0,3,7,1,4,0,0
2026-04-07 04:00:00,69,24.0,65.0,88.0,7.7,343.0,9.8,0.0,0,0,0.0,0,4,7,1,4,0,0
2026-04-07 05:00:00,69,25.4,62.4,109.0,5.2,278.0,10.2,0.0,0,0,0.0,0,5,7,1,4,0,0
2026-04-07 06:00:00,69,25.8,61.7,125.0,3.4,229.0,10.5,0.0,0,0,0.0,0,6,7,1,4,0,1
2026-04-07 07:00:00,69,27.4,69.2,133.0,2.8,219.0,10.7,0.0,0,0,0.0,0,7,7,1,4,0,1
2026-04-07 08:00:00,69,29.3,80.3,137.0,2.8,227.0,10.7,0.0,0,0,0.0,0,8,7,1,4,0,1
2026-04-07 09:00:00,70,31.0,88.9,138.0,3.3,241.0,10.9,0.0,0,0,0.0,0,9,7,1,4,0,1
2026-04-07 10:00:00,70,31.4,91.0,137.0,3.8,260.0,11.3,0.0,0,0,0.0,0,10,7,1,4,0,2
2026-04-07 11:00:00,71,31.0,85.9,132.0,4.8,286.0,11.7,0.0,0,0,0.0,0,11,7,1,4,0,2
2026-04-07 12:00:00,79,27.9,72.6,124.0,7.3,316.0,11.6,0.0,0,0,0.0,0,12,7,1,4,0,2
2026-04-07 13:00:00,87,24.3,52.4,109.0,11.9,350.0,11.5,0.0,0,0,0.0,0,13,7,1,4,0,2
2026-04-07 14:00:00,87,22.6,38.9,88.0,18.3,388.0,11.4,0.0,0,0,0.0,0,14,7,1,4,0,2
2026-04-07 15:00:00,79,23.4,36.9,73.0,22.7,424.0,11.2,0.0,0,0,0.0,0,15,7,1,4,0,2
2026-04-07 16:00:00,74,23.9,35.9,69.0,23.6,469.0,11.1,0.0,0,0,0.0,0,16,7,1,4,0,2
2026-04-07 17:00:00,75,23.9,35.2,70.0,22.6,513.0,10.9,0.0,0,0,0.0,0,17,7,1,4,0,3
2026-04-07 18:00:00,75,23.7,34.5,74.0,20.9,522.0,10.5,0.0,0,0,0.0,0,18,7,1,4,0,3
2026-04-07 19:00:00,76,23.2,33.4,79.0,18.4,465.0,9.7,0.0,0,0,0.0,0,19,7,1,4,0,3
2026-04-07 20:00:00,76,22.6,32.0,86.0,15.2,373.0,8.8,0.0,0,0,0.0,0,20,7,1,4,0,3
2026-04-07 21:00:00,77,22.1,30.7,93.0,12.4,299.0,8.0,0.0,0,0,0.0,0,21,7,1,4,0,0
2026-04-07 22:00:00,77,21.7,30.0,98.0,10.2,243.0,7.3,0.0,0,0,0.0,0,22,7,1,4,0,0
2026-04-07 23:00:00,78,21.5,29.6,103.0,8.4,206.0,6.8,0.0,0,0,0.0,0,23,7,1,4,0,0
2026-04-08 00:00:00,78,21.2,29.1,115.0,6.4,247.0,7.0,0.0,0,0,0.0,0,0,8,2,4,0,0
2026-04-08 01:00:00,79,21.7,28.9,112.0,9.8,445.0,8.3,0.0,0,0,0.0,0,1,8,2,4,0,0
2026-04-08 02:00:00,79,24.2,31.5,110.0,14.2,721.0,10.4,0.0,0,0,0.0,0,2,8,2,4,0,0
2026-04-08 03:00:00,80,25.1,35.6,113.0,16.7,895.0,13.6,0.0,0,0,0.0,0,3,8,2,4,0,0
2026-04-08 04:00:00,80,26.3,45.8,128.0,15.2,872.0,19.3,0.0,0,0,0.0,0,4,8,2,4,0,0
2026-04-08 05:00:00,80,30.3,64.3,148.0,11.7,747.0,26.3,0.0,0,0,0.0,0,5,8,2,4,0,0
2026-04-08 06:00:00,81,35.7,85.9,167.0,8.6,628.0,31.0,0.0,0,0,0.0,0,6,8,2,4,0,1
2026-04-08 07:00:00,81,40.2,105.2,184.0,6.6,545.0,31.8,0.0,0,0,0.0,0,7,8,2,4,0,1
2026-04-08 08:00:00,96,41.7,115.5,198.0,5.1,468.0,30.3,0.0,0,0,0.0,0,8,8,2,4,0,1
2026-04-08 09:00:00,113,41.2,116.2,203.0,4.8,415.0,28.3,0.0,0,0,0.0,0,9,8,2,4,0,1
2026-04-08 10:00:00,133,39.2,106.6,192.0,5.8,390.0,26.1,0.0,0,0,0.0,0,10,8,2,4,0,2
2026-04-08 11:00:00,150,36.9,97.8,171.0,7.9,390.0,23.3,0.0,0,0,0.0,0,11,8,2,4,0,2
2026-04-08 12:00:00,159,32.1,80.6,139.0,9.8,419.0,18.6,0.0,0,0,0.0,0,12,8,2,4,0,2
2026-04-08 13:00:00,161,30.7,72.4,122.0,16.7,498.0,17.0,0.0,0,0,0.0,0,13,8,2,4,0,2
2026-04-08 14:00:00,157,30.3,57.0,98.0,26.2,606.0,14.9,0.0,0,0,0.0,0,14,8,2,4,0,2
2026-04-08 15:00:00,145,31.3,56.1,80.0,33.3,687.0,13.2,0.0,0,0,0.0,0,15,8,2,4,0,2
2026-04-08 16:00:00,122,32.1,55.9,74.0,35.8,712.0,12.6,0.0,0,0,0.0,0,16,8,2,4,0,2
2026-04-08 17:00:00,96,33.4,56.0,73.0,35.9,709.0,12.6,0.0,0,0,0.0,0,17,8,2,4,0,3
2026-04-08 18:00:00,89,34.9,56.9,73.0,35.2,704.0,12.5,0.0,0,0,0.0,0,18,8,2,4,0,3
2026-04-08 19:00:00,90,36.0,57.5,71.0,34.1,707.0,11.9,0.0,0,0,0.0,0,19,8,2,4,0,3
2026-04-08 20:00:00,91,39.0,63.3,70.0,32.2,708.0,11.3,0.0,0,0,0.0,0,20,8,2,4,0,3
2026-04-08 21:00:00,92,41.4,66.1,68.0,30.3,702.0,11.2,0.0,0,0,0.0,0,21,8,2,4,0,0
2026-04-08 22:00:00,93,40.5,65.2,65.0,27.7,667.0,11.7,0.0,0,0,0.0,0,22,8,2,4,0,0
2026-04-08 23:00:00,95,39.9,66.1,61.0,25.0,625.0,12.7,0.0,0,0,0.0,0,23,8,2,4,0,0
2026-04-09 00:00:00,96,43.3,71.9,66.0,22.8,640.0,12.4,0.0,0,0,0.0,0,0,9,3,4,0,0
2026-04-09 01:00:00,98,50.1,81.0,66.0,27.2,773.0,14.1,0.0,0,0,0.0,0,1,9,3,4,0,0
2026-04-09 02:00:00,100,58.9,90.8,68.0,32.9,962.0,16.7,0.0,0,0,0.0,0,2,9,3,4,0,0
2026-04-09 03:00:00,104,45.6,78.2,79.0,35.0,1084.0,20.4,0.0,0,0,0.0,0,3,9,3,4,0,0
2026-04-09 04:00:00,106,43.5,92.4,108.0,30.1,1087.0,26.7,0.0,0,0,0.0,0,4,9,3,4,0,0
2026-04-09 05:00:00,108,44.9,112.2,146.0,21.6,1024.0,34.0,0.0,0,0,0.0,0,5,9,3,4,0,0
2026-04-09 06:00:00,109,47.1,124.3,176.0,14.3,926.0,37.9,0.0,0,0,0.0,0,6,9,3,4,0,1
2026-04-09 07:00:00,111,46.9,122.5,191.0,9.8,780.0,35.7,0.0,0,0,0.0,0,7,9,3,4,0,1
2026-04-09 08:00:00,111,43.4,109.4,198.0,6.6,600.0,30.1,0.0,0,0,0.0,0,8,9,3,4,0,1
2026-04-09 09:00:00,112,40.0,96.2,196.0,5.1,462.0,25.0,0.0,0,0,0.0,0,9,9,3,4,0,1
2026-04-09 10:00:00,114,37.5,87.3,183.0,5.5,399.0,21.8,0.0,0,0,0.0,0,10,9,3,4,0,2
2026-04-09 11:00:00,138,35.0,82.0,160.0,7.6,378.0,19.0,0.0,0,0,0.0,0,11,9,3,4,0,2
2026-04-09 12:00:00,154,31.9,75.2,134.0,10.8,379.0,15.0,0.0,0,0,0.0,0,12,9,3,4,0,2
2026-04-09 13:00:00,158,32.7,74.3,122.0,15.2,400.0,14.3,0.0,0,0,0.0,0,13,9,3,4,0,2
2026-04-09 14:00:00,154,33.1,68.0,104.0,21.3,444.0,13.4,0.0,0,0,0.0,0,14,9,3,4,0,2
2026-04-09 15:00:00,140,34.1,73.6,89.0,26.3,498.0,12.9,0.0,0,0,0.0,0,15,9,3,4,0,2
2026-04-09 16:00:00,119,35.4,68.9,79.0,29.5,572.0,13.2,0.0,0,0,0.0,0,16,9,3,4,0,2
2026-04-09 17:00:00,112,36.0,65.2,71.0,31.6,658.0,13.9,0.0,0,0,0.0,0,17,9,3,4,0,3
2026-04-09 18:00:00,112,35.7,63.3,66.0,32.1,714.0,14.3,0.0,0,0,0.0,0,18,9,3,4,0,3
2026-04-09 19:00:00,112,35.0,62.2,63.0,30.1,731.0,14.1,0.0,0,0,0.0,0,19,9,3,4,0,3
2026-04-09 20:00:00,112,34.3,60.5,62.0,26.4,720.0,13.5,0.0,0,0,0.0,0,20,9,3,4,0,3
2026-04-09 21:00:00,112,33.3,58.8,62.0,23.1,669.0,13.2,0.0,0,0,0.0,0,21,9,3,4,0,0
2026-04-09 22:00:00,111,32.2,59.1,62.0,20.0,507.0,13.1,0.0,0,0,0.0,0,22,9,3,4,0,0
2026-04-09 23:00:00,110,31.4,60.1,61.0,17.3,306.0,13.2,0.0,0,0,0.0,0,23,9,3,4,0,0
2026-04-10 00:00:00,109,31.7,61.9,58.0,19.7,269.0,14.1,0.0,0,0,0.0,0,0,10,4,4,0,0
2026-04-10 01:00:00,108,31.2,65.4,55.0,26.4,579.0,14.5,0.0,0,0,0.0,0,1,10,4,4,0,0
2026-04-10 02:00:00,106,34.2,69.6,52.0,35.1,1054.0,15.3,0.0,0,0,0.0,0,2,10,4,4,0,0
2026-04-10 03:00:00,104,38.3,72.6,61.0,38.5,1344.0,18.1,0.0,0,0,0.0,0,3,10,4,4,0,0
2026-04-10 04:00:00,103,35.2,86.6,92.0,31.3,1269.0,25.3,0.0,0,0,0.0,0,4,10,4,4,0,0
2026-04-10 05:00:00,102,32.2,81.3,135.0,18.8,1010.0,34.5,0.0,0,0,0.0,0,5,10,4,4,0,0
2026-04-10 06:00:00,101,31.5,78.7,168.0,9.0,764.0,39.3,0.0,0,0,0.0,0,6,10,4,4,0,1
2026-04-10 07:00:00,99,28.6,69.6,183.0,5.1,580.0,35.8,0.0,0,0,0.0,0,7,10,4,4,0,1
2026-04-10 08:00:00,98,27.3,61.9,187.0,3.9,409.0,27.9,0.0,0,0,0.0,0,8,10,4,4,0,1
2026-04-10 09:00:00,97,26.5,57.3,184.0,4.0,296.0,21.4,0.0,0,0,0.0,0,9,10,4,4,0,1
2026-04-10 10:00:00,95,25.2,53.0,172.0,4.8,274.0,18.3,0.0,0,0,0.0,0,10,10,4,4,0,2
2026-04-10 11:00:00,118,24.1,50.6,153.0,6.8,310.0,16.6,0.0,0,0,0.0,0,11,10,4,4,0,2
2026-04-10 12:00:00,138,29.3,63.6,150.0,10.6,347.0,16.9,0.0,0,0,0.0,0,12,10,4,4,0,2
2026-04-10 13:00:00,150,29.3,59.0,130.0,16.3,374.0,15.3,0.0,0,0,0.0,0,13,10,4,4,0,2
2026-04-10 14:00:00,149,30.0,55.2,101.0,24.2,403.0,13.1,0.0,0,0,0.0,0,14,10,4,4,0,2
2026-04-10 15:00:00,135,30.4,56.7,79.0,29.9,415.0,11.6,0.0,0,0,0.0,0,15,10,4,4,0,2
2026-04-10 16:00:00,112,30.7,59.6,68.0,31.8,399.0,11.4,0.0,0,0,0.0,0,16,10,4,4,0,2
2026-04-10 17:00:00,92,31.7,63.1,64.0,31.6,366.0,11.9,0.0,0,0,0.0,0,17,10,4,4,0,3
2026-04-10 18:00:00,92,32.6,63.6,63.0,29.5,332.0,12.0,0.0,0,0,0.0,0,18,10,4,4,0,3
2026-04-10 19:00:00,92,31.3,60.8,66.0,24.6,301.0,11.2,0.0,0,0,0.0,0,19,10,4,4,0,3
2026-04-10 20:00:00,91,28.8,56.9,72.0,17.9,269.0,9.9,0.0,0,0,0.0,0,20,10,4,4,0,3
2026-04-10 21:00:00,91,26.7,52.5,78.0,12.5,243.0,8.9,0.0,0,0,0.0,0,21,10,4,4,0,0
2026-04-10 22:00:00,90,25.2,49.9,82.0,9.5,215.0,8.2,0.0,0,0,0.0,0,22,10,4,4,0,0
2026-04-10 23:00:00,90,24.2,51.2,84.0,7.8,193.0,7.8,0.0,0,0,0.0,0,23,10,4,4,0,0
2026-04-11 00:00:00,89,24.2,53.0,83.0,8.4,209.0,7.9,0.0,0,0,0.0,0,0,11,5,4,1,0
2026-04-11 01:00:00,89,25.2,58.6,82.0,11.6,308.0,8.7,0.0,0,0,0.0,0,1,11,5,4,1,0
2026-04-11 02:00:00,88,28.7,66.8,82.0,15.8,446.0,10.0,0.0,0,0,0.0,0,2,11,5,4,1,0
2026-04-11 03:00:00,88,32.8,84.8,86.0,17.7,521.0,11.5,0.0,0,0,0.0,0,3,11,5,4,1,0
2026-04-11 04:00:00,87,37.1,107.3,99.0,15.0,471.0,13.7,0.0,0,0,0.0,0,4,11,5,4,1,0
2026-04-11 05:00:00,88,41.7,132.2,116.0,10.1,358.0,16.1,0.0,0,0,0.0,0,5,11,5,4,1,0
2026-04-11 06:00:00,88,46.1,155.5,129.0,6.2,272.0,17.8,0.0,0,0,0.0,0,6,11,5,4,1,1
2026-04-11 07:00:00,89,48.7,163.0,135.0,4.6,246.0,18.2,0.0,0,0,0.0,0,7,11,5,4,1,1
2026-04-11 08:00:00,91,50.1,164.4,137.0,4.1,246.0,17.8,0.0,0,0,0.0,0,8,11,5,4,1,1
2026-04-11 09:00:00,93,51.2,165.3,135.0,4.6,258.0,17.1,0.0,0,0,0.0,0,9,11,5,4,1,1
2026-04-11 10:00:00,95,52.6,165.8,127.0,5.7,272.0,16.3,0.0,0,0,0.0,0,10,11,5,4,1,2
2026-04-11 11:00:00,97,53.8,163.9,114.0,7.8,299.0,15.2,0.0,0,0,0.0,0,11,11,5,4,1,2
2026-04-11 12:00:00,99,43.4,130.4,104.0,12.2,354.0,14.7,0.0,0,0,0.0,0,12,11,5,4,1,2
2026-04-11 13:00:00,100,44.4,120.1,86.0,19.3,472.0,13.5,0.0,0,0,0.0,0,13,11,5,4,1,2
2026-04-11 14:00:00,102,45.1,108.5,62.0,28.9,619.0,11.7,0.0,0,0,0.0,0,14,11,5,4,1,2
2026-04-11 15:00:00,104,44.4,108.3,45.0,35.2,706.0,10.4,0.0,0,0,0.0,0,15,11,5,4,1,2
2026-04-11 16:00:00,105,43.2,105.7,42.0,35.5,687.0,9.9,0.0,0,0,0.0,0,16,11,5,4,1,2
2026-04-11 17:00:00,106,41.4,103.4,46.0,32.4,607.0,9.7,0.0,0,0,0.0,0,17,11,5,4,1,3
2026-04-11 18:00:00,107,39.6,99.0,51.0,28.4,516.0,9.4,0.0,0,0,0.0,0,18,11,5,4,1,3
2026-04-11 19:00:00,108,36.7,89.9,55.0,23.4,409.0,8.5,0.0,0,0,0.0,0,19,11,5,4,1,3
2026-04-11 20:00:00,109,33.3,79.4,59.0,17.6,290.0,7.4,0.0,0,0,0.0,0,20,11,5,4,1,3
2026-04-11 21:00:00,109,31.1,72.2,62.0,13.2,218.0,6.8,0.0,0,0,0.0,0,21,11,5,4,1,0
2026-04-11 22:00:00,110,30.5,71.2,61.0,10.5,196.0,6.6,0.0,0,0,0.0,0,22,11,5,4,1,0
2026-04-11 23:00:00,110,30.7,73.6,59.0,9.3,220.0,6.8,0.0,0,0,0.0,0,23,11,5,4,1,0
2026-04-12 00:00:00,111,31.1,76.6,53.0,11.9,338.0,8.0,0.0,0,0,0.0,0,0,12,6,4,1,0
2026-04-12 01:00:00,112,32.6,77.5,45.0,20.6,657.0,10.0,0.0,0,0,0.0,0,1,12,6,4,1,0
2026-04-12 02:00:00,112,39.3,85.0,35.0,32.2,1070.0,12.8,0.0,0,0,0.0,0,2,12,6,4,1,0
2026-04-12 03:00:00,113,43.0,82.7,38.0,38.1,1304.0,16.2,0.0,0,0,0.0,0,3,12,6,4,1,0
2026-04-12 04:00:00,114,43.4,116.9,65.0,32.7,1186.0,20.8,0.0,0,0,0.0,0,4,12,6,4,1,0
2026-04-12 05:00:00,115,46.6,168.1,105.0,21.6,889.0,25.8,0.0,0,0,0.0,0,5,12,6,4,1,0
2026-04-12 06:00:00,116,46.3,191.4,139.0,12.5,653.0,28.7,0.0,0,0,0.0,0,6,12,6,4,1,1
2026-04-12 07:00:00,116,43.9,187.7,162.0,8.0,576.0,27.5,0.0,0,0,0.0,0,7,12,6,4,1,1
2026-04-12 08:00:00,115,41.1,170.4,178.0,5.5,560.0,24.2,0.0,0,0,0.0,0,8,12,6,4,1,1
2026-04-12 09:00:00,114,39.9,157.4,186.0,4.8,550.0,21.6,0.0,0,0,0.0,0,9,12,6,4,1,1
2026-04-12 10:00:00,113,40.0,151.8,183.0,6.2,523.0,21.2,0.0,0,0,0.0,0,10,12,6,4,1,2
2026-04-12 11:00:00,112,42.8,153.2,172.0,9.4,502.0,21.6,0.0,0,0,0.0,0,11,12,6,4,1,2
2026-04-12 12:00:00,120,37.4,123.9,163.0,14.1,508.0,20.9,0.0,0,0,0.0,0,12,12,6,4,1,2
2026-04-12 13:00:00,140,38.5,115.9,139.0,19.1,574.0,18.5,0.0,0,0,0.0,0,13,12,6,4,1,2
2026-04-12 14:00:00,148,38.9,105.2,106.0,26.0,667.0,15.2,0.0,0,0,0.0,0,14,12,6,4,1,2
2026-04-12 15:00:00,141,35.2,101.3,80.0,30.2,704.0,12.6,0.0,0,0,0.0,0,15,12,6,4,1,2
2026-04-12 16:00:00,123,34.0,97.8,69.0,29.7,633.0,11.5,0.0,0,0,0.0,0,16,12,6,4,1,2
2026-04-12 17:00:00,107,34.1,98.3,66.0,26.6,506.0,11.1,0.0,0,0,0.0,0,17,12,6,4,1,3
2026-04-12 18:00:00,106,34.6,98.5,66.0,23.0,404.0,10.7,0.0,0,0,0.0,0,18,12,6,4,1,3
2026-04-12 19:00:00,106,34.5,99.0,68.0,19.3,361.0,9.9,0.0,0,0,0.0,0,19,12,6,4,1,3
2026-04-12 20:00:00,105,32.9,92.9,72.0,15.1,343.0,9.0,0.0,0,0,0.0,0,20,12,6,4,1,3
2026-04-12 21:00:00,105,29.5,76.6,75.0,11.8,321.0,8.3,0.0,0,0,0.0,0,21,12,6,4,1,0
2026-04-12 22:00:00,105,25.0,58.2,77.0,9.3,263.0,7.6,0.0,0,0,0.0,0,22,12,6,4,1,0
2026-04-12 23:00:00,105,21.8,46.4,78.0,7.6,201.0,7.1,0.0,0,0,0.0,0,23,12,6,4,1,0
2026-04-13 00:00:00,104,21.5,40.3,74.0,9.1,208.0,7.7,0.0,0,0,0.0,0,0,13,0,4,0,0
2026-04-13 01:00:00,103,21.6,38.6,71.0,13.9,365.0,8.9,0.0,0,0,0.0,0,1,13,0,4,0,0
2026-04-13 02:00:00,101,25.2,41.6,68.0,20.2,591.0,10.6,0.0,0,0,0.0,0,2,13,0,4,0,0
2026-04-13 03:00:00,100,27.5,49.5,71.0,23.2,713.0,12.1,0.0,0,0,0.0,0,3,13,0,4,0,0
2026-04-13 04:00:00,99,29.7,65.2,88.0,19.8,622.0,13.5,0.0,0,0,0.0,0,4,13,0,4,0,0
2026-04-13 05:00:00,98,34.2,95.7,111.0,13.1,426.0,14.8,0.0,0,0,0.0,0,5,13,0,4,0,0
2026-04-13 06:00:00,97,42.1,142.0,127.0,7.7,277.0,15.4,0.0,0,0,0.0,0,6,13,0,4,0,1
2026-04-13 07:00:00,96,47.8,163.9,130.0,5.4,239.0,14.7,0.0,0,0,0.0,0,7,13,0,4,0,1
2026-04-13 08:00:00,97,49.2,161.1,126.0,4.5,249.0,13.2,0.0,0,0,0.0,0,8,13,0,4,0,1
2026-04-13 09:00:00,97,47.6,150.9,120.0,4.5,265.0,11.9,0.0,0,0,0.0,0,9,13,0,4,0,1
2026-04-13 10:00:00,98,42.8,133.6,113.0,5.3,273.0,11.1,0.0,0,0,0.0,0,10,13,0,4,0,2
2026-04-13 11:00:00,98,37.6,115.3,104.0,7.0,287.0,10.4,0.0,0,0,0.0,0,11,13,0,4,0,2
2026-04-13 12:00:00,98,27.2,81.3,96.0,9.2,316.0,9.5,0.0,0,0,0.0,0,12,13,0,4,0,2
2026-04-13 13:00:00,97,27.2,71.0,89.0,12.5,373.0,9.2,0.0,0,0,0.0,0,13,13,0,4,0,2
2026-04-13 14:00:00,96,27.5,60.1,79.0,16.9,444.0,8.8,0.0,0,0,0.0,0,14,13,0,4,0,2
2026-04-13 15:00:00,95,25.0,54.2,73.0,19.3,492.0,8.4,0.0,0,0,0.0,0,15,13,0,4,0,2
2026-04-13 16:00:00,94,21.7,44.8,74.0,18.0,503.0,8.0,0.0,0,0,0.0,0,16,13,0,4,0,2
2026-04-13 17:00:00,93,18.5,39.5,79.0,14.8,491.0,7.6,0.0,0,0,0.0,0,17,13,0,4,0,3
2026-04-13 18:00:00,92,16.5,38.1,84.0,11.7,455.0,7.1,0.0,0,0,0.0,0,18,13,0,4,0,3
2026-04-13 19:00:00,91,15.1,34.8,87.0,9.2,379.0,6.4,0.0,0,0,0.0,0,19,13,0,4,0,3
2026-04-13 20:00:00,89,13.6,28.2,89.0,6.8,278.0,5.7,0.0,0,0,0.0,0,20,13,0,4,0,3
2026-04-13 21:00:00,88,12.4,23.9,90.0,5.2,205.0,5.3,0.0,0,0,0.0,0,21,13,0,4,0,0
2026-04-13 22:00:00,86,12.1,26.9,89.0,4.3,162.0,5.2,0.0,0,0,0.0,0,22,13,0,4,0,0
2026-04-13 23:00:00,85,12.2,28.8,87.0,4.3,145.0,5.4,0.0,0,0,0.0,0,23,13,0,4,0,0
2026-04-14 00:00:00,85,14.8,44.5,83.0,6.4,196.0,6.1,0.0,0,0,0.0,0,0,14,1,4,0,0
2026-04-14 01:00:00,84,16.0,43.9,78.0,10.9,391.0,6.8,0.0,0,0,0.0,0,1,14,1,4,0,0
2026-04-14 02:00:00,84,19.8,51.8,72.0,16.9,653.0,7.8,0.0,0,0,0.0,0,2,14,1,4,0,0
2026-04-14 03:00:00,83,25.7,74.0,73.0,20.1,795.0,9.3,0.0,0,0,0.0,0,3,14,1,4,0,0
2026-04-14 04:00:00,83,34.5,130.9,88.0,17.6,698.0,11.7,0.0,0,0,0.0,0,4,14,1,4,0,0
2026-04-14 05:00:00,83,44.9,191.4,110.0,12.2,481.0,14.6,0.0,0,0,0.0,0,5,14,1,4,0,0
2026-04-14 06:00:00,84,54.7,238.0,127.0,7.9,312.0,16.5,0.0,0,0,0.0,0,6,14,1,4,0,1
2026-04-14 07:00:00,85,60.5,258.0,134.0,5.9,260.0,16.6,0.0,0,0,0.0,0,7,14,1,4,0,1
2026-04-14 08:00:00,86,62.4,253.3,137.0,4.9,256.0,15.6,0.0,0,0,0.0,0,8,14,1,4,0,1
2026-04-14 09:00:00,87,61.9,240.3,135.0,5.0,268.0,14.4,0.0,0,0,0.0,0,9,14,1,4,0,1
2026-04-14 10:00:00,88,58.8,217.0,128.0,6.4,287.0,13.2,0.0,0,0,0.0,0,10,14,1,4,0,2
2026-04-14 11:00:00,90,51.9,178.3,117.0,8.9,321.0,11.7,0.0,0,0,0.0,0,11,14,1,4,0,2
2026-04-14 12:00:00,91,43.1,139.7,107.0,11.9,365.0,11.5,0.0,0,0,0.0,0,12,14,1,4,0,2
2026-04-14 13:00:00,92,33.9,97.1,98.0,16.1,430.0,10.7,0.0,0,0,0.0,0,13,14,1,4,0,2
2026-04-14 14:00:00,93,29.0,70.5,87.0,21.7,505.0,9.5,0.0,0,0,0.0,0,14,14,1,4,0,2
2026-04-14 15:00:00,93,25.6,58.6,79.0,25.1,551.0,8.7,0.0,0,0,0.0,0,15,14,1,4,0,2
2026-04-14 16:00:00,93,24.8,51.8,79.0,24.3,549.0,8.5,0.0,0,0,0.0,0,16,14,1,4,0,2
2026-04-14 17:00:00,93,25.3,50.6,84.0,21.3,518.0,8.6,0.0,0,0,0.0,0,17,14,1,4,0,3
2026-04-14 18:00:00,94,26.4,52.9,87.0,18.4,474.0,8.6,0.0,0,0,0.0,0,18,14,1,4,0,3
2026-04-14 19:00:00,94,27.2,55.3,88.0,16.2,413.0,8.2,0.0,0,0,0.0,0,19,14,1,4,0,3
2026-04-14 20:00:00,95,27.0,55.1,89.0,14.1,340.0,7.7,0.0,0,0,0.0,0,20,14,1,4,0,3
2026-04-14 21:00:00,96,25.9,51.6,88.0,12.6,284.0,7.4,0.0,0,0,0.0,0,21,14,1,4,0,0
2026-04-14 22:00:00,97,24.7,48.0,86.0,11.2,228.0,7.5,0.0,0,0,0.0,0,22,14,1,4,0,0
2026-04-14 23:00:00,98,23.7,45.1,82.0,10.3,189.0,7.9,0.0,0,0,0.0,0,23,14,1,4,0,0
2026-04-15 00:00:00,99,23.1,42.3,74.0,12.6,247.0,8.6,0.0,0,0,0.0,0,0,15,2,4,0,0
2026-04-15 01:00:00,100,25.4,46.7,66.0,21.3,518.0,10.4,0.0,0,0,0.0,0,1,15,2,4,0,0
2026-04-15 02:00:00,101,32.9,54.7,55.0,33.0,887.0,13.1,0.0,0,0,0.0,0,2,15,2,4,0,0
2026-04-15 03:00:00,102,33.4,56.1,58.0,39.2,1087.0,16.0,0.0,0,0,0.0,0,3,15,2,4,0,0
2026-04-15 04:00:00,103,32.4,72.2,85.0,34.8,950.0,19.6,0.0,0,0,0.0,0,4,15,2,4,0,0
2026-04-15 05:00:00,103,34.2,86.8,126.0,24.9,644.0,23.4,0.0,0,0,0.0,0,5,15,2,4,0,0
2026-04-15 06:00:00,102,37.8,101.3,159.0,16.5,404.0,25.7,0.0,0,0,0.0,0,6,15,2,4,0,1
2026-04-15 07:00:00,100,40.2,107.6,181.0,11.9,324.0,25.5,0.0,0,0,0.0,0,7,15,2,4,0,1
2026-04-15 08:00:00,98,39.5,103.1,196.0,8.8,309.0,23.7,0.0,0,0,0.0,0,8,15,2,4,0,1
2026-04-15 09:00:00,97,37.5,100.1,199.0,7.4,311.0,21.5,0.0,0,0,0.0,0,9,15,2,4,0,1
2026-04-15 10:00:00,95,35.2,97.8,182.0,7.9,320.0,18.7,0.0,0,0,0.0,0,10,15,2,4,0,2
2026-04-15 11:00:00,119,32.8,95.0,153.0,10.1,346.0,15.5,0.0,0,0,0.0,0,11,15,2,4,0,2
2026-04-15 12:00:00,139,30.4,91.7,128.0,12.8,370.0,13.1,0.0,0,0,0.0,0,12,15,2,4,0,2
2026-04-15 13:00:00,148,29.5,81.5,112.0,17.1,381.0,11.9,0.0,0,0,0.0,0,13,15,2,4,0,2
2026-04-15 14:00:00,145,27.9,63.3,91.0,23.0,390.0,10.2,0.0,0,0,0.0,0,14,15,2,4,0,2
2026-04-15 15:00:00,131,26.3,55.9,75.0,26.8,405.0,9.0,0.0,0,0,0.0,0,15,15,2,4,0,2
2026-04-15 16:00:00,108,23.8,47.3,71.0,26.6,449.0,9.0,0.0,0,0,0.0,0,16,15,2,4,0,2
2026-04-15 17:00:00,90,22.1,39.0,74.0,24.4,499.0,9.5,0.0,0,0,0.0,0,17,15,2,4,0,3
2026-04-15 18:00:00,90,20.8,33.4,77.0,21.8,503.0,9.8,0.0,0,0,0.0,0,18,15,2,4,0,3
2026-04-15 19:00:00,89,19.5,29.3,80.0,19.3,414.0,9.4,0.0,0,0,0.0,0,19,15,2,4,0,3
2026-04-15 20:00:00,89,17.7,25.1,83.0,16.5,279.0,8.6,0.0,0,0,0.0,0,20,15,2,4,0,3
2026-04-15 21:00:00,88,15.5,21.0,87.0,13.9,180.0,8.0,0.0,0,0,0.0,0,21,15,2,4,0,0
2026-04-15 22:00:00,87,13.3,17.5,93.0,11.1,143.0,7.4,0.0,0,0,0.0,0,22,15,2,4,0,0
2026-04-15 23:00:00,86,11.9,15.8,99.0,8.4,144.0,7.0,0.0,0,0,0.0,0,23,15,2,4,0,0
2026-04-16 00:00:00,85,11.4,16.6,103.0,7.5,189.0,7.0,0.0,0,0,0.0,0,0,16,3,4,0,0
2026-04-16 01:00:00,84,12.1,17.1,102.0,11.0,325.0,7.8,0.0,0,0,0.0,0,1,16,3,4,0,0
2026-04-16 02:00:00,83,15.0,20.2,100.0,15.7,507.0,9.0,0.0,0,0,0.0,0,2,16,3,4,0,0
2026-04-16 03:00:00,82,17.3,24.2,103.0,17.9,603.0,10.4,0.0,0,0,0.0,0,3,16,3,4,0,0
2026-04-16 04:00:00,81,17.3,25.5,114.0,15.2,530.0,12.2,0.0,0,0,0.0,0,4,16,3,4,0,0
2026-04-16 05:00:00,79,16.4,25.1,130.0,10.0,371.0,14.2,0.0,0,0,0.0,0,5,16,3,4,0,0
2026-04-16 06:00:00,78,15.7,24.5,141.0,6.0,251.0,15.5,0.0,0,0,0.0,0,6,16,3,4,0,1
2026-04-16 07:00:00,76,14.7,23.5,143.0,4.4,219.0,15.5,0.0,0,0,0.0,0,7,16,3,4,0,1
2026-04-16 08:00:00,74,14.6,23.8,140.0,4.0,226.0,14.9,0.0,0,0,0.0,0,8,16,3,4,0,1
2026-04-16 09:00:00,74,14.8,24.9,136.0,4.5,244.0,14.4,0.0,0,0,0.0,0,9,16,3,4,0,1
2026-04-16 10:00:00,81,15.5,27.3,133.0,5.3,265.0,14.4,0.0,0,0,0.0,0,10,16,3,4,0,2
2026-04-16 11:00:00,88,16.8,31.2,128.0,6.9,297.0,14.5,0.0,0,0,0.0,0,11,16,3,4,0,2
2026-04-16 12:00:00,93,21.0,43.3,121.0,10.6,336.0,14.8,0.0,0,0,0.0,0,12,16,3,4,0,2
2026-04-16 13:00:00,95,23.9,49.1,107.0,17.5,390.0,14.7,0.0,0,0,0.0,0,13,16,3,4,0,2
2026-04-16 14:00:00,90,26.5,49.2,87.0,27.1,450.0,14.6,0.0,0,0,0.0,0,14,16,3,4,0,2
2026-04-16 15:00:00,78,29.0,54.7,71.0,34.4,492.0,14.4,0.0,0,0,0.0,0,15,16,3,4,0,2
2026-04-16 16:00:00,67,30.3,57.3,63.0,38.0,505.0,14.4,0.0,0,0,0.0,0,16,16,3,4,0,2
2026-04-16 17:00:00,67,31.5,58.6,59.0,39.4,499.0,14.3,0.0,0,0,0.0,0,17,16,3,4,0,3
2026-04-16 18:00:00,68,32.0,59.6,59.0,38.1,479.0,13.8,0.0,0,0,0.0,0,18,16,3,4,0,3
2026-04-16 19:00:00,69,31.0,59.5,64.0,32.9,440.0,12.3,0.0,0,0,0.0,0,19,16,3,4,0,3
2026-04-16 20:00:00,70,28.8,57.9,73.0,25.0,387.0,10.3,0.0,0,0,0.0,0,20,16,3,4,0,3
2026-04-16 21:00:00,70,26.7,56.0,81.0,18.3,333.0,8.8,0.0,0,0,0.0,0,21,16,3,4,0,0
2026-04-16 22:00:00,71,24.7,54.2,88.0,13.6,268.0,8.0,0.0,0,0,0.0,0,22,16,3,4,0,0
2026-04-16 23:00:00,72,23.1,51.3,94.0,10.0,203.0,7.7,0.0,0,0,0.0,0,23,16,3,4,0,0
2026-04-17 00:00:00,73,21.3,43.9,100.0,8.2,188.0,7.6,0.0,0,0,0.0,0,0,17,4,4,0,0
2026-04-17 01:00:00,74,21.1,40.9,98.0,11.8,277.0,8.3,0.0,0,0,0.0,0,1,17,4,4,0,0
2026-04-17 02:00:00,75,22.8,39.6,97.0,16.6,417.0,9.4,0.0,0,0,0.0,0,2,17,4,4,0,0
2026-04-17 03:00:00,75,24.4,41.6,101.0,19.0,499.0,10.7,0.0,0,0,0.0,0,3,17,4,4,0,0
2026-04-17 04:00:00,76,24.6,41.8,116.0,16.5,461.0,12.6,0.0,0,0,0.0,0,4,17,4,4,0,0
2026-04-17 05:00:00,76,24.9,45.1,136.0,11.5,364.0,14.7,0.0,0,0,0.0,0,5,17,4,4,0,0
2026-04-17 06:00:00,77,24.2,49.2,150.0,7.6,287.0,16.1,0.0,0,0,0.0,0,6,17,4,4,0,1
2026-04-17 07:00:00,78,23.2,51.3,151.0,5.8,255.0,16.0,0.0,0,0,0.0,0,7,17,4,4,0,1
2026-04-17 08:00:00,78,22.2,51.7,146.0,5.0,243.0,15.2,0.0,0,0,0.0,0,8,17,4,4,0,1
2026-04-17 09:00:00,79,21.2,50.3,138.0,5.4,246.0,14.4,0.0,0,0,0.0,0,9,17,4,4,0,1
2026-04-17 10:00:00,87,20.5,50.1,129.0,6.5,263.0,14.0,0.0,0,0,0.0,0,10,17,4,4,0,2
2026-04-17 11:00:00,93,20.3,51.0,117.0,8.8,296.0,13.6,0.0,0,0,0.0,0,11,17,4,4,0,2
2026-04-17 12:00:00,97,19.0,47.1,103.0,13.6,345.0,13.0,0.0,0,0,0.0,0,12,17,4,4,0,2
2026-04-17 13:00:00,94,19.6,44.1,87.0,22.0,428.0,12.6,0.0,0,0,0.0,0,13,17,4,4,0,2
2026-04-17 14:00:00,84,21.5,40.6,65.0,33.5,527.0,12.0,0.0,0,0,0.0,0,14,17,4,4,0,2
2026-04-17 15:00:00,79,22.5,40.9,49.0,40.8,588.0,11.5,0.0,0,0,0.0,0,15,17,4,4,0,2
2026-04-17 16:00:00,79,22.4,40.3,46.0,40.4,586.0,11.2,0.0,0,0,0.0,0,16,17,4,4,0,2
2026-04-17 17:00:00,78,21.7,39.0,48.0,35.9,546.0,10.9,0.0,0,0,0.0,0,17,17,4,4,0,3
2026-04-17 18:00:00,77,20.9,37.7,52.0,31.0,493.0,10.5,0.0,0,0,0.0,0,18,17,4,4,0,3
2026-04-17 19:00:00,76,20.0,37.0,55.0,26.4,426.0,9.7,0.0,0,0,0.0,0,19,17,4,4,0,3
2026-04-17 20:00:00,76,18.9,36.7,59.0,21.3,346.0,8.7,0.0,0,0,0.0,0,20,17,4,4,0,3
2026-04-17 21:00:00,75,17.9,36.4,62.0,17.2,281.0,8.1,0.0,0,0,0.0,0,21,17,4,4,0,0
2026-04-17 22:00:00,74,17.0,35.9,63.0,14.5,228.0,7.9,0.0,0,0,0.0,0,22,17,4,4,0,0
2026-04-17 23:00:00,74,16.6,37.5,62.0,12.8,190.0,8.0,0.0,0,0,0.0,0,23,17,4,4,0,0
2026-04-18 00:00:00,73,14.9,36.8,67.0,11.1,205.0,7.8,0.0,0,0,0.0,0,0,18,5,4,1,0
2026-04-18 01:00:00,73,16.2,43.2,69.0,14.3,329.0,8.9,0.0,0,0,0.0,0,1,18,5,4,1,0
2026-04-18 02:00:00,72,20.4,53.4,72.0,18.6,506.0,10.5,0.0,0,0,0.0,0,2,18,5,4,1,0
2026-04-18 03:00:00,72,23.6,77.1,82.0,20.3,600.0,12.3,0.0,0,0,0.0,0,3,18,5,4,1,0
2026-04-18 04:00:00,72,29.2,121.5,103.0,17.1,525.0,14.6,0.0,0,0,0.0,0,4,18,5,4,1,0
2026-04-18 05:00:00,72,32.4,137.8,131.0,11.3,367.0,17.2,0.0,0,0,0.0,0,5,18,5,4,1,0
2026-04-18 06:00:00,73,32.4,134.6,151.0,6.8,248.0,18.9,0.0,0,0,0.0,0,6,18,5,4,1,1
2026-04-18 07:00:00,73,31.2,123.4,158.0,4.9,219.0,19.1,0.0,0,0,0.0,0,7,18,5,4,1,1
2026-04-18 08:00:00,74,29.3,109.0,157.0,4.3,229.0,18.4,0.0,0,0,0.0,0,8,18,5,4,1,1
2026-04-18 09:00:00,75,27.0,94.1,153.0,4.6,248.0,17.5,0.0,0,0,0.0,0,9,18,5,4,1,1
2026-04-18 10:00:00,81,24.2,78.5,147.0,5.3,269.0,16.7,0.0,0,0,0.0,0,10,18,5,4,1,2
2026-04-18 11:00:00,97,22.4,66.4,138.0,7.0,299.0,15.7,0.0,0,0,0.0,0,11,18,5,4,1,2
2026-04-18 12:00:00,109,20.1,55.1,129.0,9.7,326.0,15.1,0.0,0,0,0.0,0,12,18,5,4,1,2
2026-04-18 13:00:00,114,20.7,55.1,116.0,15.4,338.0,14.5,0.0,0,0,0.0,0,13,18,5,4,1,2
2026-04-18 14:00:00,111,23.7,55.6,97.0,23.3,348.0,13.7,0.0,0,0,0.0,0,14,18,5,4,1,2
2026-04-18 15:00:00,99,27.4,64.5,81.0,30.0,377.0,13.1,0.0,0,0,0.0,0,15,18,5,4,1,2
2026-04-18 16:00:00,83,29.6,67.8,70.0,35.1,458.0,13.2,0.0,0,0,0.0,0,16,18,5,4,1,2
2026-04-18 17:00:00,77,31.7,68.5,62.0,39.1,559.0,13.7,0.0,0,0,0.0,0,17,18,5,4,1,3
2026-04-18 18:00:00,78,32.4,68.5,58.0,39.7,610.0,13.5,0.0,0,0,0.0,0,18,18,5,4,1,3
2026-04-18 19:00:00,79,30.5,65.7,61.0,34.6,568.0,12.1,0.0,0,0,0.0,0,19,18,5,4,1,3
2026-04-18 20:00:00,79,27.2,60.1,69.0,26.1,476.0,10.2,0.0,0,0,0.0,0,20,18,5,4,1,3
2026-04-18 21:00:00,80,24.0,53.6,75.0,19.0,391.0,8.7,0.0,0,0,0.0,0,21,18,5,4,1,0
2026-04-18 22:00:00,81,21.5,48.1,77.0,14.9,313.0,8.1,0.0,0,0,0.0,0,22,18,5,4,1,0
2026-04-18 23:00:00,81,19.9,45.2,78.0,12.2,242.0,7.9,0.0,0,0,0.0,0,23,18,5,4,1,0
2026-04-19 00:00:00,81,18.8,36.7,79.0,11.2,230.0,8.4,0.0,0,0,0.0,0,0,19,6,4,1,0
2026-04-19 01:00:00,81,19.2,36.4,81.0,13.7,343.0,9.6,0.0,0,0,0.0,0,1,19,6,4,1,0
2026-04-19 02:00:00,82,21.9,38.2,84.0,16.9,517.0,11.4,0.0,0,0,0.0,0,2,19,6,4,1,0
2026-04-19 03:00:00,82,21.9,40.5,92.0,18.1,609.0,13.4,0.0,0,0,0.0,0,3,19,6,4,1,0
2026-04-19 04:00:00,82,21.5,39.2,111.0,15.2,533.0,16.1,0.0,0,0,0.0,0,4,19,6,4,1,0
2026-04-19 05:00:00,81,21.7,37.5,136.0,10.2,376.0,19.1,0.0,0,0,0.0,0,5,19,6,4,1,0
2026-04-19 06:00:00,80,21.8,36.7,154.0,6.3,259.0,20.9,0.0,0,0,0.0,0,6,19,6,4,1,1
2026-04-19 07:00:00,79,21.2,36.3,160.0,4.7,231.0,20.7,0.0,0,0,0.0,0,7,19,6,4,1,1
2026-04-19 08:00:00,79,20.8,37.3,159.0,4.1,242.0,19.4,0.0,0,0,0.0,0,8,19,6,4,1,1
2026-04-19 09:00:00,78,20.3,38.5,155.0,4.5,263.0,18.2,0.0,0,0,0.0,0,9,19,6,4,1,1
2026-04-19 10:00:00,90,19.8,40.2,149.0,5.7,288.0,17.5,0.0,0,0,0.0,0,10,19,6,4,1,2
2026-04-19 11:00:00,104,19.8,41.8,140.0,7.9,324.0,17.0,0.0,0,0,0.0,0,11,19,6,4,1,2
2026-04-19 12:00:00,114,12.4,25.0,129.0,10.4,360.0,14.8,0.0,0,0,0.0,0,12,19,6,4,1,2
2026-04-19 13:00:00,118,13.2,23.1,118.0,15.0,392.0,14.0,0.0,0,0,0.0,0,13,19,6,4,1,2
2026-04-19 14:00:00,114,14.6,20.9,102.0,21.5,425.0,12.8,0.0,0,0,0.0,0,14,19,6,4,1,2
2026-04-19 15:00:00,103,16.1,21.1,88.0,27.3,459.0,12.2,0.0,0,0,0.0,0,15,19,6,4,1,2
2026-04-19 16:00:00,88,17.6,22.2,77.0,32.3,515.0,12.7,0.0,0,0,0.0,0,16,19,6,4,1,2
2026-04-19 17:00:00,73,19.7,24.2,68.0,36.5,573.0,13.7,0.0,0,0,0.0,0,17,19,6,4,1,3
2026-04-19 18:00:00,72,21.8,26.3,64.0,37.5,577.0,14.1,0.0,0,0,0.0,0,18,19,6,4,1,3
2026-04-19 19:00:00,71,21.8,26.5,66.0,33.2,478.0,13.1,0.0,0,0,0.0,0,19,19,6,4,1,3
2026-04-19 20:00:00,71,20.0,25.4,73.0,25.7,326.0,11.4,0.0,0,0,0.0,0,20,19,6,4,1,3
2026-04-19 21:00:00,70,18.4,25.9,79.0,19.1,215.0,10.0,0.0,0,0,0.0,0,21,19,6,4,1,0
2026-04-19 22:00:00,70,17.3,28.5,83.0,14.3,182.0,8.9,0.0,0,0,0.0,0,22,19,6,4,1,0
2026-04-19 23:00:00,69,16.8,32.8,86.0,10.5,190.0,8.1,0.0,0,0,0.0,0,23,19,6,4,1,0
2026-04-20 00:00:00,69,16.2,31.5,89.0,8.5,220.0,7.9,0.0,0,0,0.0,0,0,20,0,4,0,0
2026-04-20 01:00:00,69,16.9,32.6,87.0,11.6,285.0,8.7,0.0,0,0,0.0,0,1,20,0,4,0,0
2026-04-20 02:00:00,69,20.0,36.7,86.0,15.8,371.0,10.0,0.0,0,0,0.0,0,2,20,0,4,0,0
2026-04-20 03:00:00,69,22.3,48.3,90.0,17.6,421.0,11.8,0.0,0,0,0.0,0,3,20,0,4,0,0
2026-04-20 04:00:00,69,23.7,57.6,106.0,14.9,399.0,14.8,0.0,0,0,0.0,0,4,20,0,4,0,0
2026-04-20 05:00:00,69,25.7,67.5,128.0,9.9,341.0,18.4,0.0,0,0,0.0,0,5,20,0,4,0,0
2026-04-20 06:00:00,69,28.3,77.3,145.0,6.0,294.0,20.9,0.0,0,0,0.0,0,6,20,0,4,0,1
2026-04-20 07:00:00,70,30.3,81.5,155.0,4.6,273.0,21.7,0.0,0,0,0.0,0,7,20,0,4,0,1
2026-04-20 08:00:00,70,30.5,79.9,161.0,4.4,262.0,21.5,0.0,0,0,0.0,0,8,20,0,4,0,1
2026-04-20 09:00:00,71,29.6,76.1,160.0,4.9,263.0,20.6,0.0,0,0,0.0,0,9,20,0,4,0,1
2026-04-20 10:00:00,86,27.6,67.5,150.0,5.9,280.0,18.6,0.0,0,0,0.0,0,10,20,0,4,0,2
2026-04-20 11:00:00,99,25.7,59.4,135.0,7.6,308.0,16.0,0.0,0,0,0.0,0,11,20,0,4,0,2
2026-04-20 12:00:00,109,21.2,44.7,120.0,11.3,335.0,14.8,0.0,0,0,0.0,0,12,20,0,4,0,2
2026-04-20 13:00:00,112,20.1,39.2,104.0,16.2,359.0,13.9,0.0,0,0,0.0,0,13,20,0,4,0,2
2026-04-20 14:00:00,107,20.1,34.7,83.0,23.0,382.0,12.6,0.0,0,0,0.0,0,14,20,0,4,0,2
2026-04-20 15:00:00,94,21.4,34.5,66.0,27.8,399.0,11.7,0.0,0,0,0.0,0,15,20,0,4,0,2
2026-04-20 16:00:00,75,21.8,34.7,60.0,28.8,413.0,11.5,0.0,0,0,0.0,0,16,20,0,4,0,2
2026-04-20 17:00:00,75,21.5,34.7,59.0,27.8,422.0,11.6,0.0,0,0,0.0,0,17,20,0,4,0,3
2026-04-20 18:00:00,75,21.7,34.5,58.0,26.2,415.0,11.5,0.0,0,0,0.0,0,18,20,0,4,0,3
2026-04-20 19:00:00,75,21.6,34.0,56.0,24.3,382.0,10.7,0.0,0,0,0.0,0,19,20,0,4,0,3
2026-04-20 20:00:00,75,21.0,32.9,55.0,21.8,333.0,9.6,0.0,0,0,0.0,0,20,20,0,4,0,3
2026-04-20 21:00:00,75,19.9,31.3,55.0,19.3,289.0,8.8,0.0,0,0,0.0,0,21,20,0,4,0,0
2026-04-20 22:00:00,76,18.5,29.2,56.0,16.7,248.0,8.4,0.0,0,0,0.0,0,22,20,0,4,0,0
2026-04-20 23:00:00,76,17.6,29.1,57.0,14.1,212.0,8.3,0.0,0,0,0.0,0,23,20,0,4,0,0
2026-04-21 00:00:00,76,17.1,33.2,62.0,11.1,204.0,8.1,0.0,0,0,0.0,0,0,21,1,4,0,0
2026-04-21 01:00:00,76,17.6,36.0,62.0,13.5,253.0,8.9,0.0,0,0,0.0,0,1,21,1,4,0,0
2026-04-21 02:00:00,76,20.1,40.5,62.0,16.7,331.0,10.1,0.0,0,0,0.0,0,2,21,1,4,0,0
2026-04-21 03:00:00,76,21.5,50.9,68.0,17.8,374.0,11.7,0.0,0,0,0.0,0,3,21,1,4,0,0
2026-04-21 04:00:00,76,22.3,61.9,84.0,15.0,344.0,14.1,0.0,0,0,0.0,0,4,21,1,4,0,0
2026-04-21 05:00:00,76,23.3,66.1,105.0,10.2,280.0,16.9,0.0,0,0,0.0,0,5,21,1,4,0,0
2026-04-21 06:00:00,75,24.3,69.8,120.0,6.4,232.0,18.5,0.0,0,0,0.0,0,6,21,1,4,0,1
2026-04-21 07:00:00,75,24.1,69.4,123.0,4.6,221.0,17.7,0.0,0,0,0.0,0,7,21,1,4,0,1
2026-04-21 08:00:00,75,23.1,68.7,119.0,3.8,228.0,15.7,0.0,0,0,0.0,0,8,21,1,4,0,1
2026-04-21 09:00:00,74,22.2,68.5,113.0,3.9,241.0,14.1,0.0,0,0,0.0,0,9,21,1,4,0,1
2026-04-21 10:00:00,74,21.9,67.1,105.0,4.5,262.0,13.5,0.0,0,0,0.0,0,10,21,1,4,0,2
2026-04-21 11:00:00,73,21.6,64.0,95.0,5.9,289.0,13.3,0.0,0,0,0.0,0,11,21,1,4,0,2
2026-04-21 12:00:00,73,22.0,61.2,86.0,9.2,313.0,13.7,0.0,0,0,0.0,0,12,21,1,4,0,2
2026-04-21 13:00:00,73,21.1,54.9,74.0,14.5,323.0,13.2,0.0,0,0,0.0,0,13,21,1,4,0,2
2026-04-21 14:00:00,73,20.4,44.1,57.0,21.7,329.0,12.6,0.0,0,0,0.0,0,14,21,1,4,0,2
2026-04-21 15:00:00,73,21.1,40.3,44.0,27.1,349.0,12.1,0.0,0,0,0.0,0,15,21,1,4,0,2
2026-04-21 16:00:00,73,21.1,39.1,39.0,29.2,411.0,12.0,0.0,0,0,0.0,0,16,21,1,4,0,2
2026-04-21 17:00:00,73,21.3,38.5,37.0,29.4,487.0,12.2,0.0,0,0,0.0,0,17,21,1,4,0,3
2026-04-21 18:00:00,73,21.7,37.8,37.0,28.3,515.0,11.9,0.0,0,0,0.0,0,18,21,1,4,0,3
2026-04-21 19:00:00,73,21.2,36.6,38.0,25.5,448.0,10.9,0.0,0,0,0.0,0,19,21,1,4,0,3
2026-04-21 20:00:00,73,20.1,35.2,41.0,21.5,332.0,9.6,0.0,0,0,0.0,0,20,21,1,4,0,3
2026-04-21 21:00:00,73,18.6,32.9,43.0,18.0,242.0,8.5,0.0,0,0,0.0,0,21,21,1,4,0,0
2026-04-21 22:00:00,73,17.5,31.3,43.0,15.5,204.0,7.8,0.0,0,0,0.0,0,22,21,1,4,0,0
2026-04-21 23:00:00,73,16.6,29.9,43.0,13.5,191.0,7.4,0.0,0,0,0.0,0,23,21,1,4,0,0
2026-04-22 00:00:00,72,14.7,27.1,49.0,9.8,199.0,7.2,0.0,0,0,0.0,0,0,22,2,4,0,0
2026-04-22 01:00:00,72,14.8,27.1,51.0,10.5,241.0,8.6,0.0,0,0,0.0,0,1,22,2,4,0,0
2026-04-22 02:00:00,72,16.4,29.0,54.0,11.4,303.0,10.5,0.0,0,0,0.0,0,2,22,2,4,0,0
2026-04-22 03:00:00,72,15.9,31.4,59.0,11.3,337.0,12.2,0.0,0,0,0.0,0,3,22,2,4,0,0
2026-04-22 04:00:00,71,15.6,31.9,70.0,9.4,314.0,13.4,0.0,0,0,0.0,0,4,22,2,4,0,0
2026-04-22 05:00:00,71,16.0,32.9,83.0,6.6,263.0,14.3,0.0,0,0,0.0,0,5,22,2,4,0,0
2026-04-22 06:00:00,70,16.4,33.8,93.0,4.5,225.0,14.7,0.0,0,0,0.0,0,6,22,2,4,0,1
2026-04-22 07:00:00,70,16.4,34.7,97.0,3.6,215.0,14.2,0.0,0,0,0.0,0,7,22,2,4,0,1
2026-04-22 08:00:00,69,16.1,34.8,97.0,3.3,218.0,13.2,0.0,0,0,0.0,0,8,22,2,4,0,1
2026-04-22 09:00:00,68,15.9,34.5,94.0,3.6,226.0,12.3,0.0,0,0,0.0,0,9,22,2,4,0,1
2026-04-22 10:00:00,68,15.7,34.1,89.0,4.2,239.0,11.8,0.0,0,0,0.0,0,10,22,2,4,0,2
2026-04-22 11:00:00,67,15.5,33.1,81.0,5.4,258.0,11.4,0.0,0,0,0.0,0,11,22,2,4,0,2
2026-04-22 12:00:00,67,11.7,20.8,74.0,8.2,274.0,11.4,0.0,0,0,0.0,0,12,22,2,4,0,2
2026-04-22 13:00:00,66,12.0,20.9,65.0,13.0,286.0,11.4,0.0,0,0,0.0,0,13,22,2,4,0,2
2026-04-22 14:00:00,65,13.1,20.4,53.0,19.6,295.0,11.4,0.0,0,0,0.0,0,14,22,2,4,0,2
2026-04-22 15:00:00,65,14.3,21.7,45.0,23.5,297.0,11.2,0.0,0,0,0.0,0,15,22,2,4,0,2
2026-04-22 16:00:00,64,14.1,21.6,45.0,22.4,290.0,10.9,0.0,0,0,0.0,0,16,22,2,4,0,2
2026-04-22 17:00:00,64,13.6,20.5,49.0,18.7,275.0,10.5,0.0,0,0,0.0,0,17,22,2,4,0,3
2026-04-22 18:00:00,63,13.2,19.6,52.0,15.2,255.0,9.9,0.0,0,0,0.0,0,18,22,2,4,0,3
2026-04-22 19:00:00,63,12.8,18.9,54.0,12.8,224.0,9.1,0.0,0,0,0.0,0,19,22,2,4,0,3
2026-04-22 20:00:00,62,12.4,18.6,55.0,10.7,186.0,8.2,0.0,0,0,0.0,0,20,22,2,4,0,3
2026-04-22 21:00:00,61,12.2,18.7,56.0,9.1,160.0,7.5,0.0,0,0,0.0,0,21,22,2,4,0,0
2026-04-22 22:00:00,61,12.1,18.7,55.0,8.3,149.0,7.2,0.0,0,0,0.0,0,22,22,2,4,0,0
2026-04-22 23:00:00,60,12.0,18.8,54.0,8.0,149.0,7.3,0.0,0,0,0.0,0,23,22,2,4,0,0
2026-04-23 00:00:00,60,12.1,19.4,56.0,7.6,165.0,7.6,0.0,0,0,0.0,0,0,23,3,4,0,0
2026-04-23 01:00:00,60,12.6,20.3,55.0,9.3,214.0,8.4,0.0,0,0,0.0,0,1,23,3,4,0,0
2026-04-23 02:00:00,60,14.8,23.0,55.0,11.4,280.0,9.7,0.0,0,0,0.0,0,2,23,3,4,0,0
2026-04-23 03:00:00,59,16.1,27.1,59.0,12.3,319.0,10.9,0.0,0,0,0.0,0,3,23,3,4,0,0
2026-04-23 04:00:00,59,16.9,29.9,70.0,10.6,304.0,12.2,0.0,0,0,0.0,0,4,23,3,4,0,0
2026-04-23 05:00:00,60,17.6,32.5,85.0,7.5,262.0,13.6,0.0,0,0,0.0,0,5,23,3,4,0,0
2026-04-23 06:00:00,60,18.2,35.5,97.0,5.1,229.0,14.4,0.0,0,0,0.0,0,6,23,3,4,0,1
2026-04-23 07:00:00,60,18.3,37.4,102.0,4.0,218.0,14.2,0.0,0,0,0.0,0,7,23,3,4,0,1
2026-04-23 08:00:00,60,18.3,39.3,104.0,3.7,216.0,13.4,0.0,0,0,0.0,0,8,23,3,4,0,1
2026-04-23 09:00:00,60,18.3,40.5,102.0,4.0,222.0,12.7,0.0,0,0,0.0,0,9,23,3,4,0,1
2026-04-23 10:00:00,60,18.2,41.0,97.0,4.9,237.0,12.3,0.0,0,0,0.0,0,10,23,3,4,0,2
2026-04-23 11:00:00,61,18.0,39.0,89.0,6.5,260.0,12.1,0.0,0,0,0.0,0,11,23,3,4,0,2
2026-04-23 12:00:00,61,12.5,22.6,80.0,9.6,289.0,12.9,0.0,0,0,0.0,0,12,23,3,4,0,2
2026-04-23 13:00:00,61,13.9,22.6,68.0,15.5,327.0,13.1,0.0,0,0,0.0,0,13,23,3,4,0,2
2026-04-23 14:00:00,61,15.4,21.9,51.0,23.5,371.0,13.3,0.0,0,0,0.0,0,14,23,3,4,0,2
2026-04-23 15:00:00,61,16.5,22.5,39.0,28.9,411.0,13.3,0.0,0,0,0.0,0,15,23,3,4,0,2
2026-04-23 16:00:00,61,16.8,23.1,35.0,29.6,456.0,13.0,0.0,0,0,0.0,0,16,23,3,4,0,2
2026-04-23 17:00:00,62,17.2,24.6,36.0,27.7,498.0,12.5,0.0,0,0,0.0,0,17,23,3,4,0,3
2026-04-23 18:00:00,62,17.8,25.9,38.0,25.2,500.0,11.9,0.0,0,0,0.0,0,18,23,3,4,0,3
2026-04-23 19:00:00,62,18.0,26.8,39.0,22.6,428.0,11.1,0.0,0,0,0.0,0,19,23,3,4,0,3
2026-04-23 20:00:00,63,17.5,27.1,41.0,19.4,315.0,10.2,0.0,0,0,0.0,0,20,23,3,4,0,3
2026-04-23 21:00:00,63,16.5,26.5,43.0,16.4,229.0,9.3,0.0,0,0,0.0,0,21,23,3,4,0,0
2026-04-23 22:00:00,63,15.1,25.6,46.0,13.3,192.0,8.3,0.0,0,0,0.0,0,22,23,3,4,0,0
2026-04-23 23:00:00,64,14.3,25.4,49.0,10.4,182.0,7.5,0.0,0,0,0.0,0,23,23,3,4,0,0
2026-04-24 00:00:00,64,14.4,28.2,50.0,9.6,192.0,7.4,0.0,0,0,0.0,0,0,24,4,4,0,0
2026-04-24 01:00:00,64,15.1,28.6,50.0,10.7,237.0,8.9,0.0,0,0,0.0,0,1,24,4,4,0,0
2026-04-24 02:00:00,64,17.1,32.8,52.0,12.2,304.0,11.0,0.0,0,0,0.0,0,2,24,4,4,0,0
2026-04-24 03:00:00,64,17.5,36.4,57.0,12.6,342.0,12.9,0.0,0,0,0.0,0,3,24,4,4,0,0
2026-04-24 04:00:00,64,18.5,38.2,70.0,11.0,324.0,14.7,0.0,0,0,0.0,0,4,24,4,4,0,0
2026-04-24 05:00:00,65,19.6,40.7,88.0,8.3,278.0,16.3,0.0,0,0,0.0,0,5,24,4,4,0,0
2026-04-24 06:00:00,65,21.0,44.9,101.0,6.2,243.0,17.2,0.0,0,0,0.0,0,6,24,4,4,0,1
2026-04-24 07:00:00,65,21.5,47.4,108.0,5.0,232.0,16.9,0.0,0,0,0.0,0,7,24,4,4,0,1
2026-04-24 08:00:00,65,21.1,48.1,110.0,4.3,232.0,15.8,0.0,0,0,0.0,0,8,24,4,4,0,1
2026-04-24 09:00:00,65,20.1,44.9,109.0,4.3,239.0,14.8,0.0,0,0,0.0,0,9,24,4,4,0,1
2026-04-24 10:00:00,66,19.2,43.1,102.0,4.8,250.0,14.0,0.0,0,0,0.0,0,10,24,4,4,0,2
2026-04-24 11:00:00,66,18.2,39.5,91.0,6.1,268.0,13.3,0.0,0,0,0.0,0,11,24,4,4,0,2
2026-04-24 12:00:00,66,15.7,31.3,80.0,9.4,294.0,13.4,0.0,0,0,0.0,0,12,24,4,4,0,2
2026-04-24 13:00:00,66,15.7,28.8,67.0,16.2,338.0,13.4,0.0,0,0,0.0,0,13,24,4,4,0,2
2026-04-24 14:00:00,66,16.2,26.3,49.0,25.7,390.0,13.4,0.0,0,0,0.0,0,14,24,4,4,0,2
2026-04-24 15:00:00,66,18.7,26.7,35.0,33.0,419.0,13.5,0.0,0,0,0.0,0,15,24,4,4,0,2
2026-04-24 16:00:00,66,19.7,27.5,29.0,36.6,410.0,13.8,0.0,0,0,0.0,0,16,24,4,4,0,2
2026-04-24 17:00:00,66,20.7,28.6,26.0,38.1,379.0,14.1,0.0,0,0,0.0,0,17,24,4,4,0,3
2026-04-24 18:00:00,67,21.6,29.6,26.0,37.7,343.0,14.1,0.0,0,0,0.0,0,18,24,4,4,0,3
2026-04-24 19:00:00,67,21.8,30.2,28.0,34.8,302.0,13.5,0.0,0,0,0.0,0,19,24,4,4,0,3
2026-04-24 20:00:00,67,20.8,30.4,31.0,30.0,255.0,12.5,0.0,0,0,0.0,0,20,24,4,4,0,3
2026-04-24 21:00:00,68,19.6,30.7,35.0,25.3,221.0,11.6,0.0,0,0,0.0,0,21,24,4,4,0,0
2026-04-24 22:00:00,68,18.2,30.9,39.0,20.8,200.0,10.7,0.0,0,0,0.0,0,22,24,4,4,0,0
2026-04-24 23:00:00,68,17.0,31.7,42.0,16.4,191.0,9.8,0.0,0,0,0.0,0,23,24,4,4,0,0
2026-04-25 00:00:00,68,13.6,25.8,49.0,10.8,209.0,8.5,0.0,0,0,0.0,0,0,25,5,4,1,0
2026-04-25 01:00:00,68,14.4,28.1,47.0,14.2,283.0,9.6,0.0,0,0,0.0,0,1,25,5,4,1,0
2026-04-25 02:00:00,68,18.2,32.1,46.0,18.7,384.0,11.2,0.0,0,0,0.0,0,2,25,5,4,1,0
2026-04-25 03:00:00,68,20.2,40.2,52.0,21.0,444.0,13.3,0.0,0,0,0.0,0,3,25,5,4,1,0
2026-04-25 04:00:00,68,23.1,51.8,73.0,18.9,424.0,16.4,0.0,0,0,0.0,0,4,25,5,4,1,0
2026-04-25 05:00:00,69,26.5,65.2,103.0,14.5,364.0,19.9,0.0,0,0,0.0,0,5,25,5,4,1,0
2026-04-25 06:00:00,69,28.9,73.3,125.0,10.7,312.0,21.8,0.0,0,0,0.0,0,6,25,5,4,1,1
2026-04-25 07:00:00,70,29.6,77.1,135.0,8.1,284.0,20.9,0.0,0,0,0.0,0,7,25,5,4,1,1
2026-04-25 08:00:00,71,28.4,74.0,138.0,6.1,265.0,18.4,0.0,0,0,0.0,0,8,25,5,4,1,1
2026-04-25 09:00:00,71,27.4,72.4,136.0,5.4,260.0,16.3,0.0,0,0,0.0,0,9,25,5,4,1,1
2026-04-25 10:00:00,72,26.9,71.0,129.0,6.3,272.0,15.3,0.0,0,0,0.0,0,10,25,5,4,1,2
2026-04-25 11:00:00,72,26.6,68.9,118.0,8.5,298.0,14.7,0.0,0,0,0.0,0,11,25,5,4,1,2
2026-04-25 12:00:00,73,20.9,53.6,106.0,12.6,332.0,13.9,0.0,0,0,0.0,0,12,25,5,4,1,2
2026-04-25 13:00:00,77,21.4,47.4,92.0,18.2,379.0,13.0,0.0,0,0,0.0,0,13,25,5,4,1,2
2026-04-25 14:00:00,75,22.1,43.5,72.0,25.8,435.0,11.8,0.0,0,0,0.0,0,14,25,5,4,1,2
2026-04-25 15:00:00,74,22.4,45.6,57.0,30.8,482.0,10.9,0.0,0,0,0.0,0,15,25,5,4,1,2
2026-04-25 16:00:00,75,22.1,44.2,53.0,30.8,525.0,10.5,0.0,0,0,0.0,0,16,25,5,4,1,2
2026-04-25 17:00:00,75,21.7,42.6,54.0,28.2,561.0,10.4,0.0,0,0,0.0,0,17,25,5,4,1,3
2026-04-25 18:00:00,75,21.3,41.2,56.0,25.2,557.0,10.1,0.0,0,0,0.0,0,18,25,5,4,1,3
2026-04-25 19:00:00,75,20.8,40.7,56.0,22.4,484.0,9.5,0.0,0,0,0.0,0,19,25,5,4,1,3
2026-04-25 20:00:00,75,20.0,40.0,56.0,19.2,373.0,8.7,0.0,0,0,0.0,0,20,25,5,4,1,3
2026-04-25 21:00:00,75,19.0,39.8,57.0,16.3,283.0,8.2,0.0,0,0,0.0,0,21,25,5,4,1,0
2026-04-25 22:00:00,75,18.2,40.6,59.0,13.4,226.0,7.9,0.0,0,0,0.0,0,22,25,5,4,1,0
2026-04-25 23:00:00,75,17.5,40.7,61.0,10.8,191.0,7.7,0.0,0,0,0.0,0,23,25,5,4,1,0
2026-04-26 00:00:00,75,17.1,38.9,61.0,10.7,208.0,8.1,0.0,0,0,0.0,0,0,26,6,4,1,0
2026-04-26 01:00:00,75,17.4,38.5,58.0,15.3,332.0,9.1,0.0,0,0,0.0,0,1,26,6,4,1,0
2026-04-26 02:00:00,75,19.9,39.5,55.0,21.5,508.0,10.6,0.0,0,0,0.0,0,2,26,6,4,1,0
2026-04-26 03:00:00,75,22.9,43.4,59.0,24.6,603.0,12.1,0.0,0,0,0.0,0,3,26,6,4,1,0
2026-04-26 04:00:00,76,24.1,48.3,79.0,21.6,532.0,13.8,0.0,0,0,0.0,0,4,26,6,4,1,0
2026-04-26 05:00:00,76,24.6,50.1,106.0,15.5,380.0,15.5,0.0,0,0,0.0,0,5,26,6,4,1,0
2026-04-26 06:00:00,76,25.3,54.2,126.0,10.4,265.0,16.4,0.0,0,0,0.0,0,6,26,6,4,1,1
2026-04-26 07:00:00,75,26.0,62.4,133.0,7.7,235.0,16.1,0.0,0,0,0.0,0,7,26,6,4,1,1
2026-04-26 08:00:00,75,26.4,66.4,132.0,6.1,241.0,15.0,0.0,0,0,0.0,0,8,26,6,4,1,1
2026-04-26 09:00:00,75,26.1,67.8,128.0,5.7,258.0,13.9,0.0,0,0,0.0,0,9,26,6,4,1,1
2026-04-26 10:00:00,75,25.4,65.7,120.0,6.6,275.0,12.8,0.0,0,0,0.0,0,10,26,6,4,1,2
2026-04-26 11:00:00,75,24.6,61.9,108.0,8.6,303.0,11.7,0.0,0,0,0.0,0,11,26,6,4,1,2
2026-04-26 12:00:00,74,18.4,41.0,95.0,13.1,343.0,11.6,0.0,0,0,0.0,0,12,26,6,4,1,2
2026-04-26 13:00:00,74,18.9,37.5,82.0,19.3,413.0,11.4,0.0,0,0,0.0,0,13,26,6,4,1,2
2026-04-26 14:00:00,74,19.7,34.6,64.0,27.7,495.0,11.1,0.0,0,0,0.0,0,14,26,6,4,1,2
2026-04-26 15:00:00,74,19.8,33.3,51.0,33.4,546.0,10.8,0.0,0,0,0.0,0,15,26,6,4,1,2
2026-04-26 16:00:00,74,19.4,31.8,46.0,33.9,542.0,10.7,0.0,0,0,0.0,0,16,26,6,4,1,2
2026-04-26 17:00:00,73,18.6,29.9,46.0,31.7,505.0,10.8,0.0,0,0,0.0,0,17,26,6,4,1,3
2026-04-26 18:00:00,73,18.0,28.9,47.0,28.8,461.0,10.5,0.0,0,0,0.0,0,18,26,6,4,1,3
2026-04-26 19:00:00,73,17.4,28.6,48.0,25.5,412.0,9.7,0.0,0,0,0.0,0,19,26,6,4,1,3
2026-04-26 20:00:00,73,16.6,28.5,49.0,21.6,355.0,8.7,0.0,0,0,0.0,0,20,26,6,4,1,3
2026-04-26 21:00:00,72,16.0,28.8,51.0,18.2,306.0,7.9,0.0,0,0,0.0,0,21,26,6,4,1,0
2026-04-26 22:00:00,72,15.4,29.0,52.0,15.4,256.0,7.6,0.0,0,0,0.0,0,22,26,6,4,1,0
2026-04-26 23:00:00,72,14.9,29.2,53.0,13.0,213.0,7.5,0.0,0,0,0.0,0,23,26,6,4,1,0
2026-04-27 00:00:00,72,14.6,29.8,58.0,10.8,218.0,7.4,0.0,0,0,0.0,0,0,27,0,4,0,0
2026-04-27 01:00:00,72,15.8,33.6,59.0,13.3,324.0,8.1,0.0,0,0,0.0,0,1,27,0,4,0,0
2026-04-27 02:00:00,71,18.1,36.1,60.0,16.5,479.0,9.0,0.0,0,0,0.0,0,2,27,0,4,0,0
2026-04-27 03:00:00,71,20.7,43.7,67.0,17.6,561.0,10.1,0.0,0,0,0.0,0,3,27,0,4,0,0
2026-04-27 04:00:00,71,22.0,51.7,83.0,14.6,496.0,11.5,0.0,0,0,0.0,0,4,27,0,4,0,0
2026-04-27 05:00:00,71,23.2,55.2,104.0,9.5,360.0,13.1,0.0,0,0,0.0,0,5,27,0,4,0,0
2026-04-27 06:00:00,71,23.9,57.0,120.0,5.6,257.0,14.0,0.0,0,0,0.0,0,6,27,0,4,0,1
2026-04-27 07:00:00,71,23.8,56.0,125.0,4.1,232.0,13.8,0.0,0,0,0.0,0,7,27,0,4,0,1
2026-04-27 08:00:00,71,23.2,53.8,125.0,3.9,241.0,13.1,0.0,0,0,0.0,0,8,27,0,4,0,1
2026-04-27 09:00:00,70,22.6,51.9,122.0,4.3,258.0,12.4,0.0,0,0,0.0,0,9,27,0,4,0,1
2026-04-27 10:00:00,70,22.1,50.2,118.0,5.1,269.0,12.1,0.0,0,0,0.0,0,10,27,0,4,0,2
2026-04-27 11:00:00,70,21.9,49.4,112.0,6.6,288.0,12.0,0.0,0,0,0.0,0,11,27,0,4,0,2
2026-04-27 12:00:00,70,17.4,38.1,102.0,9.2,330.0,11.2,0.0,0,0,0.0,0,12,27,0,4,0,2
2026-04-27 13:00:00,69,17.9,35.6,91.0,14.3,424.0,11.0,0.0,0,0,0.0,0,13,27,0,4,0,2
2026-04-27 14:00:00,69,19.0,33.2,77.0,21.3,543.0,10.8,0.0,0,0,0.0,0,14,27,0,4,0,2
2026-04-27 15:00:00,69,19.2,33.5,67.0,25.7,614.0,10.5,0.0,0,0,0.0,0,15,27,0,4,0,2
2026-04-27 16:00:00,69,18.9,32.9,66.0,25.5,603.0,10.1,0.0,0,0,0.0,0,16,27,0,4,0,2
2026-04-27 17:00:00,69,18.5,32.7,70.0,22.7,545.0,9.6,0.0,0,0,0.0,0,17,27,0,4,0,3
2026-04-27 18:00:00,69,18.2,33.3,74.0,19.6,479.0,9.0,0.0,0,0,0.0,0,18,27,0,4,0,3
2026-04-27 19:00:00,69,17.9,33.8,78.0,16.6,411.0,8.3,0.0,0,0,0.0,0,19,27,0,4,0,3
2026-04-27 20:00:00,69,17.5,33.8,82.0,13.2,336.0,7.5,0.0,0,0,0.0,0,20,27,0,4,0,3
2026-04-27 21:00:00,69,16.9,32.7,85.0,10.5,275.0,7.0,0.0,0,0,0.0,0,21,27,0,4,0,0
2026-04-27 22:00:00,69,16.6,31.1,87.0,8.7,227.0,6.8,0.0,0,0,0.0,0,22,27,0,4,0,0
2026-04-27 23:00:00,70,16.3,29.3,89.0,7.5,193.0,6.9,0.0,0,0,0.0,0,23,27,0,4,0,0
2026-04-28 00:00:00,70,15.4,28.0,99.0,5.9,197.0,6.7,0.0,0,0,0.0,0,0,28,1,4,0,0
2026-04-28 01:00:00,70,16.2,27.8,98.0,8.9,277.0,7.3,0.0,0,0,0.0,0,1,28,1,4,0,0
2026-04-28 02:00:00,70,18.1,30.5,97.0,12.8,395.0,8.2,0.0,0,0,0.0,0,2,28,1,4,0,0
2026-04-28 03:00:00,70,20.7,36.2,100.0,14.6,459.0,9.2,0.0,0,0,0.0,0,3,28,1,4,0,0
2026-04-28 04:00:00,70,21.0,40.2,111.0,12.3,413.0,10.4,0.0,0,0,0.0,0,4,28,1,4,0,0
2026-04-28 05:00:00,70,21.3,44.0,125.0,7.8,313.0,11.7,0.0,0,0,0.0,0,5,28,1,4,0,0
2026-04-28 06:00:00,70,21.8,50.2,135.0,4.4,237.0,12.4,0.0,0,0,0.0,0,6,28,1,4,0,1
2026-04-28 07:00:00,69,21.7,51.8,136.0,3.3,217.0,12.2,0.0,0,0,0.0,0,7,28,1,4,0,1
2026-04-28 08:00:00,69,21.2,52.4,133.0,3.1,222.0,11.5,0.0,0,0,0.0,0,8,28,1,4,0,1
2026-04-28 09:00:00,69,20.9,52.0,129.0,3.6,236.0,10.9,0.0,0,0,0.0,0,9,28,1,4,0,1
2026-04-28 10:00:00,72,20.1,47.8,125.0,4.3,257.0,10.6,0.0,0,0,0.0,0,10,28,1,4,0,2
2026-04-28 11:00:00,78,19.5,42.8,119.0,5.5,287.0,10.3,0.0,0,0,0.0,0,11,28,1,4,0,2
2026-04-28 12:00:00,82,18.7,45.4,111.0,8.7,318.0,11.5,0.0,0,0,0.0,0,12,28,1,4,0,2
2026-04-28 13:00:00,82,17.3,34.1,99.0,12.8,348.0,11.0,0.0,0,0,0.0,0,13,28,1,4,0,2
2026-04-28 14:00:00,76,17.3,29.2,83.0,18.3,378.0,10.4,0.0,0,0,0.0,0,14,28,1,4,0,2
2026-04-28 15:00:00,68,17.6,33.8,71.0,21.7,407.0,9.8,0.0,0,0,0.0,0,15,28,1,4,0,2
2026-04-28 16:00:00,68,18.0,38.1,68.0,21.1,445.0,9.4,0.0,0,0,0.0,0,16,28,1,4,0,2
2026-04-28 17:00:00,68,18.2,40.7,69.0,18.5,481.0,9.0,0.0,0,0,0.0,0,17,28,1,4,0,3
2026-04-28 18:00:00,68,18.1,41.1,71.0,15.8,483.0,8.7,0.0,0,0,0.0,0,18,28,1,4,0,3
2026-04-28 19:00:00,68,17.8,39.6,72.0,13.5,419.0,8.3,0.0,0,0,0.0,0,19,28,1,4,0,3
2026-04-28 20:00:00,68,17.6,38.8,74.0,11.2,320.0,7.9,0.0,0,0,0.0,0,20,28,1,4,0,3
2026-04-28 21:00:00,68,17.6,39.3,75.0,9.5,244.0,7.7,0.0,0,0,0.0,0,21,28,1,4,0,0
2026-04-28 22:00:00,68,17.6,39.5,75.0,8.3,205.0,7.5,0.0,0,0,0.0,0,22,28,1,4,0,0
2026-04-28 23:00:00,68,17.6,39.8,75.0,7.6,189.0,7.5,0.0,0,0,0.0,0,23,28,1,4,0,0
2026-04-29 00:00:00,68,19.1,46.9,79.0,7.8,213.0,7.8,0.0,0,0,0.0,0,0,29,2,4,0,0
2026-04-29 01:00:00,69,20.0,46.0,78.0,11.0,313.0,8.9,0.0,0,0,0.0,0,1,29,2,4,0,0
2026-04-29 02:00:00,69,23.1,47.5,77.0,15.4,452.0,10.6,0.0,0,0,0.0,0,2,29,2,4,0,0
2026-04-29 03:00:00,69,27.3,62.6,84.0,17.6,535.0,12.7,0.0,0,0,0.0,0,3,29,2,4,0,0
2026-04-29 04:00:00,70,30.7,74.0,105.0,15.8,508.0,15.8,0.0,0,0,0.0,0,4,29,2,4,0,0
2026-04-29 05:00:00,71,33.6,82.2,134.0,11.9,426.0,19.4,0.0,0,0,0.0,0,5,29,2,4,0,0
2026-04-29 06:00:00,72,36.6,87.1,155.0,8.6,356.0,21.5,0.0,0,0,0.0,0,6,29,2,4,0,1
2026-04-29 07:00:00,73,37.5,87.1,164.0,6.8,321.0,21.2,0.0,0,0,0.0,0,7,29,2,4,0,1
2026-04-29 08:00:00,74,35.6,83.1,165.0,5.6,300.0,19.4,0.0,0,0,0.0,0,8,29,2,4,0,1
2026-04-29 09:00:00,75,33.2,77.5,160.0,5.4,293.0,17.5,0.0,0,0,0.0,0,9,29,2,4,0,1
2026-04-29 10:00:00,89,31.1,73.1,147.0,6.1,303.0,15.6,0.0,0,0,0.0,0,10,29,2,4,0,2
2026-04-29 11:00:00,103,29.9,73.6,127.0,7.8,328.0,13.6,0.0,0,0,0.0,0,11,29,2,4,0,2
2026-04-29 12:00:00,113,31.3,72.2,116.0,12.6,366.0,13.3,0.0,0,0,0.0,0,12,29,2,4,0,2
2026-04-29 13:00:00,115,30.5,75.4,101.0,17.9,432.0,12.4,0.0,0,0,0.0,0,13,29,2,4,0,2
2026-04-29 14:00:00,108,30.5,67.5,81.0,25.1,510.0,11.0,0.0,0,0,0.0,0,14,29,2,4,0,2
2026-04-29 15:00:00,92,30.6,70.1,68.0,29.2,555.0,9.9,0.0,0,0,0.0,0,15,29,2,4,0,2
2026-04-29 16:00:00,82,28.2,57.7,69.0,27.3,543.0,9.1,0.0,0,0,0.0,0,16,29,2,4,0,2
2026-04-29 17:00:00,83,24.9,42.6,77.0,22.2,496.0,8.5,0.0,0,0,0.0,0,17,29,2,4,0,3
2026-04-29 18:00:00,83,22.6,33.5,85.0,17.6,439.0,8.0,0.0,0,0,0.0,0,18,29,2,4,0,3
2026-04-29 19:00:00,84,22.5,34.7,89.0,14.5,368.0,7.6,0.0,0,0,0.0,0,19,29,2,4,0,3
2026-04-29 20:00:00,84,24.1,42.5,93.0,11.9,285.0,7.2,0.0,0,0,0.0,0,20,29,2,4,0,3
2026-04-29 21:00:00,85,25.6,49.0,96.0,9.9,225.0,7.1,0.0,0,0,0.0,0,21,29,2,4,0,0
2026-04-29 22:00:00,85,26.5,53.1,97.0,8.6,192.0,7.3,0.0,0,0,0.0,0,22,29,2,4,0,0
2026-04-29 23:00:00,86,27.2,56.2,98.0,8.0,181.0,7.7,0.0,0,0,0.0,0,23,29,2,4,0,0
2026-04-30 00:00:00,87,27.6,59.0,96.0,8.6,207.0,8.5,0.0,0,0,0.0,0,0,30,3,4,0,0
2026-04-30 01:00:00,87,28.4,60.5,96.0,11.6,308.0,9.0,0.0,0,0,0.0,0,1,30,3,4,0,0
2026-04-30 02:00:00,88,29.8,61.0,97.0,15.5,446.0,9.8,0.0,0,0,0.0,0,2,30,3,4,0,0
2026-04-30 03:00:00,89,31.8,71.7,102.0,17.3,520.0,10.9,0.0,0,0,0.0,0,3,30,3,4,0,0
2026-04-30 04:00:00,89,31.7,74.5,116.0,14.8,466.0,12.6,0.0,0,0,0.0,0,4,30,3,4,0,0
2026-04-30 05:00:00,89,31.1,74.7,134.0,10.0,347.0,14.6,0.0,0,0,0.0,0,5,30,3,4,0,0
2026-04-30 06:00:00,89,30.9,78.0,145.0,6.3,258.0,15.7,0.0,0,0,0.0,0,6,30,3,4,0,1
2026-04-30 07:00:00,88,29.9,80.3,144.0,4.8,236.0,15.1,0.0,0,0,0.0,0,7,30,3,4,0,1
2026-04-30 08:00:00,88,28.1,79.4,136.0,4.3,243.0,13.6,0.0,0,0,0.0,0,8,30,3,4,0,1
2026-04-30 09:00:00,87,25.7,72.2,127.0,4.5,259.0,12.4,0.0,0,0,0.0,0,9,30,3,4,0,1
2026-04-30 10:00:00,87,23.3,62.4,118.0,5.1,280.0,11.8,0.0,0,0,0.0,0,10,30,3,4,0,2
2026-04-30 11:00:00,86,21.8,53.9,108.0,6.3,311.0,11.6,0.0,0,0,0.0,0,11,30,3,4,0,2
2026-04-30 12:00:00,85,18.0,39.5,96.0,9.4,345.0,11.7,0.0,0,0,0.0,0,12,30,3,4,0,2
2026-04-30 13:00:00,84,18.7,38.8,84.0,15.6,389.0,11.6,0.0,0,0,0.0,0,13,30,3,4,0,2
2026-04-30 14:00:00,83,20.4,36.9,68.0,24.0,437.0,11.5,0.0,0,0,0.0,0,14,30,3,4,0,2
2026-04-30 15:00:00,83,21.7,39.7,58.0,29.1,460.0,11.2,0.0,0,0,0.0,0,15,30,3,4,0,2
2026-04-30 16:00:00,82,21.8,40.3,58.0,28.0,442.0,10.6,0.0,0,0,0.0,0,16,30,3,4,0,2
2026-04-30 17:00:00,81,21.0,39.6,65.0,23.6,399.0,9.7,0.0,0,0,0.0,0,17,30,3,4,0,3
2026-04-30 18:00:00,81,20.1,38.5,70.0,19.4,352.0,8.9,0.0,0,0,0.0,0,18,30,3,4,0,3
2026-04-30 19:00:00,81,19.4,37.7,73.0,16.6,300.0,8.2,0.0,0,0,0.0,0,19,30,3,4,0,3
2026-04-30 20:00:00,81,18.9,37.0,75.0,14.0,244.0,7.5,0.0,0,0,0.0,0,20,30,3,4,0,3
2026-04-30 21:00:00,80,18.3,36.8,77.0,11.8,203.0,7.0,0.0,0,0,0.0,0,21,30,3,4,0,0
2026-04-30 22:00:00,80,17.6,36.4,80.0,9.5,176.0,6.6,0.0,0,0,0.0,0,22,30,3,4,0,0
2026-04-30 23:00:00,79,16.8,35.6,83.0,7.6,165.0,6.3,0.0,0,0,0.0,0,23,30,3,4,0,0
2026-05-01 00:00:00,78,16.8,40.9,84.0,7.4,189.0,6.6,0.0,0,0,0.0,0,0,1,4,5,0,0
2026-05-01 01:00:00,77,16.7,37.6,81.0,10.4,288.0,7.0,0.0,0,0,0.0,0,1,1,4,5,0,0
2026-05-01 02:00:00,76,18.9,41.3,77.0,14.4,424.0,7.7,0.0,0,0,0.0,0,2,1,4,5,0,0
2026-05-01 03:00:00,75,23.1,52.3,79.0,16.3,498.0,8.6,0.0,0,0,0.0,0,3,1,4,5,0,0
2026-05-01 04:00:00,75,26.1,74.5,92.0,14.0,449.0,10.0,0.0,0,0,0.0,0,4,1,4,5,0,0
2026-05-01 05:00:00,74,30.7,109.7,112.0,9.5,338.0,11.6,0.0,0,0,0.0,0,5,1,4,5,0,0
2026-05-01 06:00:00,74,36.7,146.2,126.0,6.1,257.0,12.8,0.0,0,0,0.0,0,6,1,4,5,0,1
2026-05-01 07:00:00,75,41.8,177.4,131.0,4.9,241.0,13.3,0.0,0,0,0.0,0,7,1,4,5,0,1
2026-05-01 08:00:00,76,44.1,186.3,132.0,4.8,255.0,13.4,0.0,0,0,0.0,0,8,1,4,5,0,1
2026-05-01 09:00:00,77,43.3,175.6,129.0,5.4,280.0,13.1,0.0,0,0,0.0,0,9,1,4,5,0,1
2026-05-01 10:00:00,78,40.7,155.5,121.0,6.9,314.0,12.4,0.0,0,0,0.0,0,10,1,4,5,0,2
2026-05-01 11:00:00,80,36.7,127.1,109.0,9.3,359.0,11.4,0.0,0,0,0.0,0,11,1,4,5,0,2
2026-05-01 12:00:00,81,31.4,101.0,99.0,11.7,405.0,10.0,0.0,0,0,0.0,0,12,1,4,5,0,2
2026-05-01 13:00:00,82,27.9,71.5,92.0,15.3,456.0,9.5,0.0,0,0,0.0,0,13,1,4,5,0,2
2026-05-01 14:00:00,83,25.9,56.3,81.0,20.1,508.0,8.9,0.0,0,0,0.0,0,14,1,4,5,0,2
2026-05-01 15:00:00,83,23.6,49.1,76.0,22.5,531.0,8.3,0.0,0,0,0.0,0,15,1,4,5,0,2
2026-05-01 16:00:00,83,21.7,45.6,79.0,20.5,512.0,7.8,0.0,0,0,0.0,0,16,1,4,5,0,2
2026-05-01 17:00:00,83,20.4,45.5,87.0,16.2,465.0,7.3,0.0,0,0,0.0,0,17,1,4,5,0,3
2026-05-01 18:00:00,83,19.6,46.8,94.0,12.3,406.0,6.9,0.0,0,0,0.0,0,18,1,4,5,0,3
2026-05-01 19:00:00,83,18.8,44.5,98.0,9.6,328.0,6.4,0.0,0,0,0.0,0,19,1,4,5,0,3
2026-05-01 20:00:00,83,17.6,39.3,100.0,7.3,238.0,5.9,0.0,0,0,0.0,0,20,1,4,5,0,3
2026-05-01 21:00:00,83,16.6,38.0,101.0,5.6,175.0,5.6,0.0,0,0,0.0,0,21,1,4,5,0,0
2026-05-01 22:00:00,83,16.2,38.9,100.0,4.4,144.0,5.3,0.0,0,0,0.0,0,22,1,4,5,0,0
2026-05-01 23:00:00,83,16.1,40.3,96.0,4.0,139.0,5.2,0.0,0,0,0.0,0,23,1,4,5,0,0
2026-05-02 00:00:00,83,16.9,46.0,94.0,4.5,182.0,5.2,0.0,0,0,0.0,0,0,2,5,5,1,0
2026-05-02 01:00:00,83,20.5,65.7,87.0,8.6,327.0,6.1,0.0,0,0,0.0,0,1,2,5,5,1,0
2026-05-02 02:00:00,83,27.5,92.2,79.0,14.2,520.0,7.3,0.0,0,0,0.0,0,2,2,5,5,1,0
2026-05-02 03:00:00,84,36.9,126.2,77.0,17.1,622.0,8.5,0.0,0,0,0.0,0,3,2,5,5,1,0
2026-05-02 04:00:00,85,47.7,182.5,88.0,14.9,541.0,9.6,0.0,0,0,0.0,0,4,2,5,5,1,0
2026-05-02 05:00:00,86,55.1,215.6,105.0,10.1,368.0,10.7,0.0,0,0,0.0,0,5,2,5,5,1,0
2026-05-02 06:00:00,88,57.0,224.4,117.0,6.3,238.0,11.2,0.0,0,0,0.0,0,6,2,5,5,1,1
2026-05-02 07:00:00,90,54.0,211.4,120.0,4.8,207.0,10.8,0.0,0,0,0.0,0,7,2,5,5,1,1
2026-05-02 08:00:00,91,48.4,185.3,118.0,4.4,220.0,10.0,0.0,0,0,0.0,0,8,2,5,5,1,1
2026-05-02 09:00:00,91,40.6,147.6,116.0,4.6,240.0,9.2,0.0,0,0,0.0,0,9,2,5,5,1,1
2026-05-02 10:00:00,91,33.4,112.7,116.0,5.7,262.0,8.8,0.0,0,0,0.0,0,10,2,5,5,1,2
2026-05-02 11:00:00,90,28.8,85.9,116.0,7.4,291.0,8.6,0.0,0,0,0.0,0,11,2,5,5,1,2
2026-05-02 12:00:00,90,21.7,58.7,113.0,9.6,316.0,8.8,0.0,0,0,0.0,0,12,2,5,5,1,2
2026-05-02 13:00:00,89,21.3,48.7,109.0,11.9,333.0,8.5,0.0,0,0,0.0,0,13,2,5,5,1,2
2026-05-02 14:00:00,89,21.7,46.3,104.0,14.9,344.0,8.1,0.0,0,0,0.0,0,14,2,5,5,1,2
2026-05-02 15:00:00,88,21.0,41.9,101.0,16.5,344.0,7.8,0.0,0,0,0.0,0,15,2,5,5,1,2
2026-05-02 16:00:00,88,19.6,37.0,103.0,15.4,329.0,7.6,0.0,0,0,0.0,0,16,2,5,5,1,2
2026-05-02 17:00:00,88,18.0,33.1,107.0,12.9,303.0,7.4,0.0,0,0,0.0,0,17,2,5,5,1,3
2026-05-02 18:00:00,88,16.9,30.4,111.0,10.4,273.0,7.1,0.0,0,0,0.0,0,18,2,5,5,1,3
2026-05-02 19:00:00,87,15.8,28.1,114.0,8.3,235.0,6.5,0.0,0,0,0.0,0,19,2,5,5,1,3
2026-05-02 20:00:00,87,14.4,25.1,117.0,6.3,194.0,5.9,0.0,0,0,0.0,0,20,2,5,5,1,3
2026-05-02 21:00:00,87,13.2,22.2,119.0,4.9,167.0,5.4,0.0,0,0,0.0,0,21,2,5,5,1,0
2026-05-02 22:00:00,87,12.1,20.1,118.0,4.0,150.0,5.2,0.0,0,0,0.0,0,22,2,5,5,1,0
2026-05-02 23:00:00,86,11.3,19.1,116.0,3.7,147.0,5.2,0.0,0,0,0.0,0,23,2,5,5,1,0
2026-05-03 00:00:00,86,11.8,27.8,115.0,5.0,193.0,5.5,0.0,0,0,0.0,0,0,3,6,5,1,0
2026-05-03 01:00:00,86,12.3,26.0,109.0,9.7,344.0,6.3,0.0,0,0,0.0,0,1,3,6,5,1,0
2026-05-03 02:00:00,85,14.8,29.3,101.0,16.1,543.0,7.6,0.0,0,0,0.0,0,2,3,6,5,1,0
2026-05-03 03:00:00,84,18.4,39.0,101.0,19.6,659.0,9.3,0.0,0,0,0.0,0,3,3,6,5,1,0
2026-05-03 04:00:00,82,22.5,62.2,118.0,17.7,611.0,12.1,0.0,0,0,0.0,0,4,3,6,5,1,0
2026-05-03 05:00:00,81,28.2,94.3,143.0,12.9,478.0,15.3,0.0,0,0,0.0,0,5,3,6,5,1,0
2026-05-03 06:00:00,78,33.6,124.8,161.0,9.0,369.0,17.5,0.0,0,0,0.0,0,6,3,6,5,1,1
2026-05-03 07:00:00,77,35.9,135.5,167.0,7.0,318.0,18.0,0.0,0,0,0.0,0,7,3,6,5,1,1
2026-05-03 08:00:00,82,35.2,128.1,166.0,5.8,291.0,17.4,0.0,0,0,0.0,0,8,3,6,5,1,1
2026-05-03 09:00:00,93,33.4,120.1,160.0,5.8,287.0,16.3,0.0,0,0,0.0,0,9,3,6,5,1,1
2026-05-03 10:00:00,104,33.1,122.5,148.0,7.4,306.0,14.6,0.0,0,0,0.0,0,10,3,6,5,1,2
2026-05-03 11:00:00,114,33.1,124.3,131.0,10.2,348.0,12.4,0.0,0,0,0.0,0,11,3,6,5,1,2
2026-05-03 12:00:00,120,31.4,121.1,115.0,13.8,420.0,10.9,0.0,0,0,0.0,0,12,3,6,5,1,2
2026-05-03 13:00:00,120,30.0,103.1,102.0,19.0,561.0,10.0,0.0,0,0,0.0,0,13,3,6,5,1,2
2026-05-03 14:00:00,111,28.6,75.4,85.0,26.0,731.0,8.7,0.0,0,0,0.0,0,14,3,6,5,1,2
2026-05-03 15:00:00,95,27.8,88.0,73.0,30.1,816.0,7.8,0.0,0,0,0.0,0,15,3,6,5,1,2
2026-05-03 16:00:00,76,27.5,84.5,73.0,28.7,746.0,7.8,0.0,0,0,0.0,0,16,3,6,5,1,2
2026-05-03 17:00:00,77,27.2,81.3,78.0,24.3,592.0,8.2,0.0,0,0,0.0,0,17,3,6,5,1,3
2026-05-03 18:00:00,78,27.8,85.0,82.0,20.0,451.0,8.3,0.0,0,0,0.0,0,18,3,6,5,1,3
2026-05-03 19:00:00,79,28.6,94.1,83.0,16.5,350.0,7.8,0.0,0,0,0.0,0,19,3,6,5,1,3
2026-05-03 20:00:00,80,28.3,98.0,84.0,13.1,262.0,7.1,0.0,0,0,0.0,0,20,3,6,5,1,3
2026-05-03 21:00:00,81,27.3,94.3,83.0,10.7,202.0,6.7,0.0,0,0,0.0,0,21,3,6,5,1,0
2026-05-03 22:00:00,82,26.3,88.0,79.0,9.1,161.0,6.8,0.0,0,0,0.0,0,22,3,6,5,1,0
2026-05-03 23:00:00,83,26.3,90.1,74.0,8.4,148.0,7.1,0.0,0,0,0.0,0,23,3,6,5,1,0
2026-05-04 00:00:00,84,33.3,151.8,67.0,12.3,204.0,8.6,0.0,0,0,0.0,0,0,4,0,5,0,0
2026-05-04 01:00:00,86,34.1,150.4,61.0,18.7,409.0,10.3,0.0,0,0,0.0,0,1,4,0,5,0,0
2026-05-04 02:00:00,87,39.6,183.0,55.0,27.3,683.0,12.5,0.0,0,0,0.0,0,2,4,0,5,0,0
2026-05-04 03:00:00,89,48.2,204.0,60.0,30.9,822.0,14.3,0.0,0,0,0.0,0,3,4,0,5,0,0
2026-05-04 04:00:00,92,66.1,396.7,88.0,24.9,694.0,15.2,0.0,0,0,0.0,0,4,4,0,5,0,0
2026-05-04 05:00:00,95,75.0,504.8,129.0,13.9,431.0,15.5,0.0,0,0,0.0,0,5,4,0,5,0,0
2026-05-04 06:00:00,99,39.9,246.8,158.0,5.6,233.0,15.2,0.0,0,0,0.0,0,6,4,0,5,0,1
2026-05-04 07:00:00,99,31.0,178.3,167.0,2.7,181.0,13.7,0.0,0,0,0.0,0,7,4,0,5,0,1
2026-05-04 08:00:00,99,28.4,159.7,165.0,2.5,193.0,11.6,0.0,0,0,0.0,0,8,4,0,5,0,1
2026-05-04 09:00:00,98,28.2,162.1,160.0,3.6,223.0,10.2,0.0,0,0,0.0,0,9,4,0,5,0,1
2026-05-04 10:00:00,99,31.2,185.8,153.0,6.1,260.0,10.4,0.0,0,0,0.0,0,10,4,0,5,0,2
2026-05-04 11:00:00,101,44.0,244.0,143.0,10.1,316.0,11.3,0.0,0,0,0.0,0,11,4,0,5,0,2
2026-05-04 12:00:00,114,46.4,233.8,141.0,13.8,378.0,13.4,0.0,0,0,0.0,0,12,4,0,5,0,2
2026-05-04 13:00:00,125,51.0,206.8,126.0,18.4,457.0,12.1,0.0,0,0,0.0,0,13,4,0,5,0,2
2026-05-04 14:00:00,125,51.5,200.7,106.0,24.7,543.0,10.2,0.0,0,0,0.0,0,14,4,0,5,0,2
2026-05-04 15:00:00,113,52.3,204.0,91.0,28.2,591.0,8.8,0.0,0,0,0.0,0,15,4,0,5,0,2
2026-05-04 16:00:00,113,54.0,210.5,86.0,26.5,576.0,8.2,0.0,0,0,0.0,0,16,4,0,5,0,2
2026-05-04 17:00:00,115,55.1,221.2,86.0,22.0,524.0,8.1,0.0,0,0,0.0,0,17,4,0,5,0,3
2026-05-04 18:00:00,118,54.8,229.1,86.0,18.1,466.0,8.0,0.0,0,0,0.0,0,18,4,0,5,0,3
2026-05-04 19:00:00,121,53.1,229.1,85.0,15.8,408.0,7.7,0.0,0,0,0.0,0,19,4,0,5,0,3
2026-05-04 20:00:00,124,50.8,223.5,84.0,14.1,346.0,7.5,0.0,0,0,0.0,0,20,4,0,5,0,3
2026-05-04 21:00:00,127,48.0,211.4,83.0,12.7,294.0,7.4,0.0,0,0,0.0,0,21,4,0,5,0,0
2026-05-04 22:00:00,129,44.7,197.4,82.0,11.0,233.0,7.4,0.0,0,0,0.0,0,22,4,0,5,0,0
2026-05-04 23:00:00,131,41.3,179.7,82.0,9.7,184.0,7.5,0.0,0,0,0.0,0,23,4,0,5,0,0
2026-05-05 00:00:00,133,35.2,147.1,91.0,7.9,223.0,6.9,0.0,0,0,0.0,0,0,5,1,5,0,0
2026-05-05 01:00:00,133,33.9,134.6,85.0,14.1,440.0,8.1,0.0,0,0,0.0,0,1,5,1,5,0,0
2026-05-05 02:00:00,133,35.5,123.4,78.0,22.5,745.0,9.9,0.0,0,0,0.0,0,2,5,1,5,0,0
2026-05-05 03:00:00,132,37.7,125.7,83.0,27.1,953.0,12.3,0.0,0,0,0.0,0,3,5,1,5,0,0
2026-05-05 04:00:00,130,39.5,149.5,112.0,24.3,981.0,16.3,0.0,0,0,0.0,0,4,5,1,5,0,0
2026-05-05 05:00:00,125,42.1,161.1,152.0,17.7,910.0,20.9,0.0,0,0,0.0,0,5,5,1,5,0,0
2026-05-05 06:00:00,118,44.8,156.0,180.0,12.0,799.0,23.4,0.0,0,0,0.0,0,6,5,1,5,0,1
2026-05-05 07:00:00,119,44.0,137.8,183.0,8.6,632.0,22.1,0.0,0,0,0.0,0,7,5,1,5,0,1
2026-05-05 08:00:00,120,38.5,116.4,174.0,6.1,424.0,18.7,0.0,0,0,0.0,0,8,5,1,5,0,1
2026-05-05 09:00:00,121,33.3,104.5,160.0,5.0,282.0,15.9,0.0,0,0,0.0,0,9,5,1,5,0,1
2026-05-05 10:00:00,122,29.9,98.7,143.0,5.2,261.0,14.5,0.0,0,0,0.0,0,10,5,1,5,0,2
2026-05-05 11:00:00,122,29.0,100.6,121.0,6.7,306.0,13.6,0.0,0,0,0.0,0,11,5,1,5,0,2
2026-05-05 12:00:00,127,24.7,72.9,102.0,10.6,356.0,13.6,0.0,0,0,0.0,0,12,5,1,5,0,2
2026-05-05 13:00:00,125,23.9,66.8,84.0,19.3,391.0,13.8,0.0,0,0,0.0,0,13,5,1,5,0,2
2026-05-05 14:00:00,115,24.0,60.5,58.0,31.4,430.0,14.2,0.0,0,0,0.0,0,14,5,1,5,0,2
2026-05-05 15:00:00,112,27.0,55.8,37.0,41.5,471.0,14.8,0.0,0,0,0.0,0,15,5,1,5,0,2
2026-05-05 16:00:00,110,28.6,58.4,25.0,48.6,535.0,16.2,0.0,0,0,0.0,0,16,5,1,5,0,2
2026-05-05 17:00:00,107,30.5,60.1,17.0,53.7,602.0,17.8,0.0,0,0,0.0,0,17,5,1,5,0,3
2026-05-05 18:00:00,104,33.6,60.8,14.0,54.7,607.0,18.3,0.0,0,0,0.0,0,18,5,1,5,0,3
2026-05-05 19:00:00,102,34.1,60.8,17.0,49.1,486.0,16.4,0.0,0,0,0.0,0,19,5,1,5,0,3
2026-05-05 20:00:00,100,31.1,56.2,25.0,39.3,303.0,13.3,0.0,0,0,0.0,0,20,5,1,5,0,3
2026-05-05 21:00:00,99,29.0,56.2,31.0,30.7,186.0,11.0,0.0,0,0,0.0,0,21,5,1,5,0,0
2026-05-05 22:00:00,97,26.5,56.8,34.0,24.4,185.0,10.3,0.0,0,0,0.0,0,22,5,1,5,0,0
2026-05-05 23:00:00,96,25.6,60.5,36.0,19.4,250.0,10.4,0.0,0,0,0.0,0,23,5,1,5,0,0
2026-05-06 00:00:00,94,34.1,75.4,28.0,26.4,363.0,12.7,0.0,0,0,0.0,0,0,6,2,5,0,0
2026-05-06 01:00:00,94,39.1,83.6,30.0,27.6,569.0,14.5,0.0,0,0,0.0,0,1,6,2,5,0,0
2026-05-06 02:00:00,95,41.1,88.5,35.0,29.0,823.0,17.2,0.0,0,0,0.0,0,2,6,2,5,0,0
2026-05-06 03:00:00,95,36.9,95.9,49.0,28.5,967.0,20.1,0.0,0,0,0.0,0,3,6,2,5,0,0
2026-05-06 04:00:00,95,37.3,110.4,81.0,24.4,911.0,24.1,0.0,0,0,0.0,0,4,6,2,5,0,0
2026-05-06 05:00:00,95,39.2,119.0,122.0,18.4,745.0,28.4,0.0,0,0,0.0,0,5,6,2,5,0,0
2026-05-06 06:00:00,95,39.5,117.1,150.0,13.1,584.0,30.0,0.0,0,0,0.0,0,6,6,2,5,0,1
2026-05-06 07:00:00,94,36.6,109.2,154.0,9.4,455.0,26.8,0.0,0,0,0.0,0,7,6,2,5,0,1
2026-05-06 08:00:00,94,32.1,95.9,145.0,6.4,331.0,20.9,0.0,0,0,0.0,0,8,6,2,5,0,1
2026-05-06 09:00:00,93,28.3,85.0,132.0,4.8,250.0,16.3,0.0,0,0,0.0,0,9,6,2,5,0,1
2026-05-06 10:00:00,93,26.1,78.7,118.0,4.5,241.0,14.4,0.0,0,0,0.0,0,10,6,2,5,0,2
2026-05-06 11:00:00,93,24.9,74.3,102.0,5.6,275.0,13.8,0.0,0,0,0.0,0,11,6,2,5,0,2
2026-05-06 12:00:00,92,27.3,86.6,90.0,9.2,307.0,14.1,0.0,0,0,0.0,0,12,6,2,5,0,2
2026-05-06 13:00:00,92,26.5,78.5,75.0,14.8,319.0,13.9,0.0,0,0,0.0,0,13,6,2,5,0,2
2026-05-06 14:00:00,93,26.2,71.0,55.0,22.5,330.0,13.5,0.0,0,0,0.0,0,14,6,2,5,0,2
2026-05-06 15:00:00,93,27.1,62.6,40.0,28.2,343.0,13.2,0.0,0,0,0.0,0,15,6,2,5,0,2
2026-05-06 16:00:00,93,27.4,61.7,35.0,30.1,370.0,12.9,0.0,0,0,0.0,0,16,6,2,5,0,2
2026-05-06 17:00:00,93,27.0,58.3,34.0,30.1,401.0,12.7,0.0,0,0,0.0,0,17,6,2,5,0,3
2026-05-06 18:00:00,92,26.8,55.8,35.0,29.0,409.0,12.3,0.0,0,0,0.0,0,18,6,2,5,0,3
2026-05-06 19:00:00,92,26.7,53.3,36.0,27.1,375.0,11.7,0.0,0,0,0.0,0,19,6,2,5,0,3
2026-05-06 20:00:00,91,25.4,51.0,38.0,24.1,317.0,10.9,0.0,0,0,0.0,0,20,6,2,5,0,3
2026-05-06 21:00:00,91,23.5,48.9,41.0,21.0,267.0,10.1,0.0,0,0,0.0,0,21,6,2,5,0,0
2026-05-06 22:00:00,91,21.2,45.1,45.0,17.5,229.0,9.0,0.0,0,0,0.0,0,22,6,2,5,0,0
2026-05-06 23:00:00,90,19.2,41.1,49.0,13.8,197.0,7.9,0.0,0,0,0.0,0,23,6,2,5,0,0
2026-05-07 00:00:00,90,16.1,32.2,56.0,8.6,187.0,7.2,0.0,0,0,0.0,0,0,7,3,5,0,0
2026-05-07 01:00:00,88,15.9,31.1,58.0,9.2,216.0,8.3,0.0,0,0,0.0,0,1,7,3,5,0,0
2026-05-07 02:00:00,86,16.7,33.4,62.0,9.9,265.0,9.9,0.0,0,0,0.0,0,2,7,3,5,0,0
2026-05-07 03:00:00,84,17.3,40.4,68.0,9.9,296.0,11.4,0.0,0,0,0.0,0,3,7,3,5,0,0
2026-05-07 04:00:00,83,18.6,45.6,80.0,8.5,286.0,13.0,0.0,0,0,0.0,0,4,7,3,5,0,0
2026-05-07 05:00:00,81,20.3,54.0,96.0,6.3,256.0,14.5,0.0,0,0,0.0,0,5,7,3,5,0,0
2026-05-07 06:00:00,80,21.8,60.3,107.0,4.6,234.0,15.3,0.0,0,0,0.0,0,6,7,3,5,0,1
2026-05-07 07:00:00,79,22.3,64.0,111.0,3.8,228.0,14.9,0.0,0,0,0.0,0,7,7,3,5,0,1
2026-05-07 08:00:00,77,21.5,60.3,110.0,3.4,229.0,13.8,0.0,0,0,0.0,0,8,7,3,5,0,1
2026-05-07 09:00:00,77,20.0,51.3,107.0,3.6,237.0,12.8,0.0,0,0,0.0,0,9,7,3,5,0,1
2026-05-07 10:00:00,76,18.7,44.5,102.0,4.1,256.0,12.2,0.0,0,0,0.0,0,10,7,3,5,0,2
2026-05-07 11:00:00,75,18.1,40.6,95.0,5.2,282.0,11.8,0.0,0,0,0.0,0,11,7,3,5,0,2
2026-05-07 12:00:00,75,15.8,39.0,85.0,7.1,299.0,12.2,0.0,0,0,0.0,0,12,7,3,5,0,2
2026-05-07 13:00:00,74,16.1,37.0,76.0,10.4,298.0,11.8,0.0,0,0,0.0,0,13,7,3,5,0,2
2026-05-07 14:00:00,73,16.4,35.6,63.0,14.8,288.0,11.3,0.0,0,0,0.0,0,14,7,3,5,0,2
2026-05-07 15:00:00,72,16.8,33.4,54.0,17.9,282.0,10.8,0.0,0,0,0.0,0,15,7,3,5,0,2
2026-05-07 16:00:00,72,16.6,32.6,51.0,18.3,290.0,10.4,0.0,0,0,0.0,0,16,7,3,5,0,2
2026-05-07 17:00:00,71,16.7,32.1,52.0,17.2,303.0,9.9,0.0,0,0,0.0,0,17,7,3,5,0,3
2026-05-07 18:00:00,70,17.3,32.6,52.0,16.0,305.0,9.6,0.0,0,0,0.0,0,18,7,3,5,0,3
2026-05-07 19:00:00,69,17.6,32.6,52.0,14.8,285.0,9.4,0.0,0,0,0.0,0,19,7,3,5,0,3
2026-05-07 20:00:00,68,17.2,32.0,51.0,13.4,254.0,9.3,0.0,0,0,0.0,0,20,7,3,5,0,3
2026-05-07 21:00:00,68,16.7,30.5,51.0,12.3,232.0,9.2,0.0,0,0,0.0,0,21,7,3,5,0,0
2026-05-07 22:00:00,67,16.1,29.3,50.0,11.5,222.0,8.9,0.0,0,0,0.0,0,22,7,3,5,0,0
2026-05-07 23:00:00,67,15.8,28.5,48.0,10.9,221.0,8.6,0.0,0,0,0.0,0,23,7,3,5,0,0
2026-05-08 00:00:00,67,15.4,27.6,50.0,9.9,235.0,8.7,0.0,0,0,0.0,0,0,8,4,5,0,0
2026-05-08 01:00:00,66,16.2,29.4,52.0,11.1,280.0,10.9,0.0,0,0,0.0,0,1,8,4,5,0,0
2026-05-08 02:00:00,67,17.5,31.8,57.0,12.6,341.0,14.1,0.0,0,0,0.0,0,2,8,4,5,0,0
2026-05-08 03:00:00,67,17.9,34.9,66.0,13.1,378.0,17.0,0.0,0,0,0.0,0,3,8,4,5,0,0
2026-05-08 04:00:00,67,19.4,38.3,85.0,11.6,370.0,19.7,0.0,0,0,0.0,0,4,8,4,5,0,0
2026-05-08 05:00:00,67,21.7,42.8,110.0,9.0,339.0,22.2,0.0,0,0,0.0,0,5,8,4,5,0,0
2026-05-08 06:00:00,67,24.0,47.3,127.0,6.8,310.0,23.3,0.0,0,0,0.0,0,6,8,4,5,0,1
2026-05-08 07:00:00,67,24.8,48.3,133.0,5.4,290.0,22.1,0.0,0,0,0.0,0,7,8,4,5,0,1
2026-05-08 08:00:00,67,23.3,46.1,132.0,4.5,274.0,19.5,0.0,0,0,0.0,0,8,8,4,5,0,1
2026-05-08 09:00:00,67,21.1,43.2,127.0,4.2,268.0,17.2,0.0,0,0,0.0,0,9,8,4,5,0,1
2026-05-08 10:00:00,67,19.2,41.4,116.0,4.4,282.0,15.6,0.0,0,0,0.0,0,10,8,4,5,0,2
2026-05-08 11:00:00,67,18.0,40.7,100.0,5.3,306.0,14.3,0.0,0,0,0.0,0,11,8,4,5,0,2
2026-05-08 12:00:00,67,18.6,47.4,83.0,7.8,325.0,13.0,0.0,0,0,0.0,0,12,8,4,5,0,2
2026-05-08 13:00:00,68,18.1,44.1,72.0,13.0,332.0,13.0,0.0,0,0,0.0,0,13,8,4,5,0,2
2026-05-08 14:00:00,68,17.7,39.9,56.0,20.1,332.0,12.9,0.0,0,0,0.0,0,14,8,4,5,0,2
2026-05-08 15:00:00,68,18.7,35.9,45.0,24.9,329.0,12.6,0.0,0,0,0.0,0,15,8,4,5,0,2
2026-05-08 16:00:00,68,18.7,34.2,42.0,25.2,325.0,11.7,0.0,0,0,0.0,0,16,8,4,5,0,2
2026-05-08 17:00:00,68,18.0,32.2,44.0,23.2,316.0,10.6,0.0,0,0,0.0,0,17,8,4,5,0,3
2026-05-08 18:00:00,68,17.0,30.7,45.0,21.3,299.0,9.6,0.0,0,0,0.0,0,18,8,4,5,0,3
2026-05-08 19:00:00,68,16.5,30.0,45.0,20.1,262.0,9.0,0.0,0,0,0.0,0,19,8,4,5,0,3
2026-05-08 20:00:00,68,16.2,28.9,45.0,18.9,216.0,8.6,0.0,0,0,0.0,0,20,8,4,5,0,3
2026-05-08 21:00:00,68,15.8,28.1,44.0,18.0,185.0,8.5,0.0,0,0,0.0,0,21,8,4,5,0,0
2026-05-08 22:00:00,68,15.5,28.1,41.0,17.5,173.0,8.3,0.0,0,0,0.0,0,22,8,4,5,0,0
2026-05-08 23:00:00,68,15.4,28.1,38.0,17.3,177.0,8.3,0.0,0,0,0.0,0,23,8,4,5,0,0
2026-05-09 00:00:00,68,20.1,33.3,37.0,17.5,206.0,10.0,0.0,0,0,0.0,0,0,9,5,5,1,0
2026-05-09 01:00:00,68,20.9,34.0,40.0,18.4,290.0,12.9,0.0,0,0,0.0,0,1,9,5,5,1,0
2026-05-09 02:00:00,69,21.8,37.4,44.0,19.6,399.0,17.1,0.0,0,0,0.0,0,2,9,5,5,1,0
2026-05-09 03:00:00,69,20.4,39.1,54.0,19.1,461.0,20.6,0.0,0,0,0.0,0,3,9,5,5,1,0
2026-05-09 04:00:00,69,19.8,45.1,74.0,15.6,428.0,23.4,0.0,0,0,0.0,0,4,9,5,5,1,0
2026-05-09 05:00:00,69,21.7,48.2,98.0,10.5,347.0,25.6,0.0,0,0,0.0,0,5,9,5,5,1,0
2026-05-09 06:00:00,69,23.2,49.7,116.0,6.5,283.0,26.0,0.0,0,0,0.0,0,6,9,5,5,1,1
2026-05-09 07:00:00,69,22.7,49.0,121.0,4.7,260.0,23.4,0.0,0,0,0.0,0,7,9,5,5,1,1
2026-05-09 08:00:00,69,21.1,48.3,119.0,3.9,255.0,19.1,0.0,0,0,0.0,0,8,9,5,5,1,1
2026-05-09 09:00:00,69,19.4,46.9,114.0,3.9,256.0,15.6,0.0,0,0,0.0,0,9,9,5,5,1,1
2026-05-09 10:00:00,69,18.3,45.6,107.0,4.2,265.0,14.1,0.0,0,0,0.0,0,10,9,5,5,1,2
2026-05-09 11:00:00,69,17.3,43.4,98.0,5.2,281.0,13.4,0.0,0,0,0.0,0,11,9,5,5,1,2
2026-05-09 12:00:00,69,19.0,47.8,87.0,8.1,295.0,13.2,0.0,0,0,0.0,0,12,9,5,5,1,2
2026-05-09 13:00:00,69,18.6,47.1,76.0,13.1,307.0,13.3,0.0,0,0,0.0,0,13,9,5,5,1,2
2026-05-09 14:00:00,69,18.7,44.2,60.0,20.1,317.0,13.5,0.0,0,0,0.0,0,14,9,5,5,1,2
2026-05-09 15:00:00,69,20.3,42.3,48.0,25.4,320.0,13.7,0.0,0,0,0.0,0,15,9,5,5,1,2
2026-05-09 16:00:00,69,21.1,43.0,43.0,27.8,316.0,13.9,0.0,0,0,0.0,0,16,9,5,5,1,2
2026-05-09 17:00:00,69,21.8,43.4,42.0,28.6,305.0,14.0,0.0,0,0,0.0,0,17,9,5,5,1,3
2026-05-09 18:00:00,69,22.3,42.8,42.0,28.0,285.0,13.8,0.0,0,0,0.0,0,18,9,5,5,1,3
2026-05-09 19:00:00,70,21.9,40.9,44.0,25.3,248.0,12.9,0.0,0,0,0.0,0,19,9,5,5,1,3
2026-05-09 20:00:00,70,20.4,37.6,47.0,21.2,201.0,11.5,0.0,0,0,0.0,0,20,9,5,5,1,3
2026-05-09 21:00:00,71,18.9,35.0,49.0,17.6,169.0,10.4,0.0,0,0,0.0,0,21,9,5,5,1,0
2026-05-09 22:00:00,71,17.6,32.6,49.0,15.3,157.0,9.4,0.0,0,0,0.0,0,22,9,5,5,1,0
2026-05-09 23:00:00,71,16.9,30.4,48.0,13.5,160.0,8.5,0.0,0,0,0.0,0,23,9,5,5,1,0
2026-05-10 00:00:00,71,15.8,27.9,52.0,11.2,179.0,8.1,0.0,0,0,0.0,0,0,10,6,5,1,0
2026-05-10 01:00:00,71,17.1,29.0,56.0,11.6,233.0,10.3,0.0,0,0,0.0,0,1,10,6,5,1,0
2026-05-10 02:00:00,70,18.3,36.2,61.0,12.1,303.0,13.2,0.0,0,0,0.0,0,2,10,6,5,1,0
2026-05-10 03:00:00,70,22.5,54.5,70.0,11.8,344.0,15.7,0.0,0,0,0.0,0,3,10,6,5,1,0
2026-05-10 04:00:00,70,19.8,47.3,85.0,9.9,325.0,17.2,0.0,0,0,0.0,0,4,10,6,5,1,0
2026-05-10 05:00:00,70,21.4,51.8,102.0,7.2,275.0,18.2,0.0,0,0,0.0,0,5,10,6,5,1,0
2026-05-10 06:00:00,70,22.9,55.8,115.0,5.1,237.0,18.4,0.0,0,0,0.0,0,6,10,6,5,1,1
2026-05-10 07:00:00,70,23.6,59.5,119.0,4.0,226.0,17.2,0.0,0,0,0.0,0,7,10,6,5,1,1
2026-05-10 08:00:00,70,23.7,61.7,117.0,3.6,225.0,15.2,0.0,0,0,0.0,0,8,10,6,5,1,1
2026-05-10 09:00:00,71,23.1,60.8,113.0,3.8,233.0,13.6,0.0,0,0,0.0,0,9,10,6,5,1,1
2026-05-10 10:00:00,71,21.8,57.9,106.0,4.4,250.0,12.8,0.0,0,0,0.0,0,10,10,6,5,1,2
2026-05-10 11:00:00,71,20.0,53.3,96.0,5.6,274.0,12.4,0.0,0,0,0.0,0,11,10,6,5,1,2
2026-05-10 12:00:00,71,18.4,48.8,85.0,8.4,297.0,12.3,0.0,0,0,0.0,0,12,10,6,5,1,2
2026-05-10 13:00:00,71,17.6,45.1,71.0,14.3,312.0,12.4,0.0,0,0,0.0,0,13,10,6,5,1,2
2026-05-10 14:00:00,71,17.9,41.0,56.0,21.7,326.0,12.8,0.0,0,0,0.0,0,14,10,6,5,1,2
2026-05-10 15:00:00,71,19.6,39.3,46.0,26.8,346.0,13.1,0.0,0,0,0.0,0,15,10,6,5,1,2
2026-05-10 16:00:00,71,20.4,39.9,43.0,27.9,390.0,13.2,0.0,0,0,0.0,0,16,10,6,5,1,2
2026-05-10 17:00:00,71,20.7,39.6,45.0,26.8,440.0,13.2,0.0,0,0,0.0,0,17,10,6,5,1,3
2026-05-10 18:00:00,71,20.4,38.3,47.0,24.8,450.0,12.9,0.0,0,0,0.0,0,18,10,6,5,1,3
2026-05-10 19:00:00,71,19.4,36.2,50.0,21.8,383.0,12.0,0.0,0,0,0.0,0,19,10,6,5,1,3
2026-05-10 20:00:00,71,18.2,33.8,53.0,17.9,277.0,10.8,0.0,0,0,0.0,0,20,10,6,5,1,3
2026-05-10 21:00:00,70,17.2,31.9,56.0,14.6,197.0,9.7,0.0,0,0,0.0,0,21,10,6,5,1,0
2026-05-10 22:00:00,70,16.6,31.3,57.0,12.5,169.0,8.8,0.0,0,0,0.0,0,22,10,6,5,1,0
2026-05-10 23:00:00,70,16.4,31.4,57.0,11.0,169.0,8.0,0.0,0,0,0.0,0,23,10,6,5,1,0
2026-05-11 00:00:00,70,17.1,31.8,55.0,11.4,187.0,8.0,0.0,0,0,0.0,0,0,11,0,5,0,0
2026-05-11 01:00:00,70,17.2,33.3,59.0,12.1,239.0,9.7,0.0,0,0,0.0,0,1,11,0,5,0,0
2026-05-11 02:00:00,70,18.3,37.0,64.0,13.0,309.0,12.0,0.0,0,0,0.0,0,2,11,0,5,0,0
2026-05-11 03:00:00,70,19.6,45.3,73.0,12.9,350.0,14.0,0.0,0,0,0.0,0,3,11,0,5,0,0
2026-05-11 04:00:00,70,21.2,50.6,88.0,10.7,330.0,15.4,0.0,0,0,0.0,0,4,11,0,5,0,0
2026-05-11 05:00:00,70,23.0,54.1,106.0,7.5,279.0,16.5,0.0,0,0,0.0,0,5,11,0,5,0,0
2026-05-11 06:00:00,70,23.7,55.9,119.0,5.0,240.0,16.9,0.0,0,0,0.0,0,6,11,0,5,0,1
2026-05-11 07:00:00,70,23.2,55.2,122.0,3.8,229.0,16.2,0.0,0,0,0.0,0,7,11,0,5,0,1
2026-05-11 08:00:00,70,22.7,54.7,121.0,3.4,229.0,14.8,0.0,0,0,0.0,0,8,11,0,5,0,1
2026-05-11 09:00:00,70,22.4,53.8,117.0,3.7,239.0,13.9,0.0,0,0,0.0,0,9,11,0,5,0,1
2026-05-11 10:00:00,70,22.3,53.4,114.0,4.2,261.0,14.1,0.0,0,0,0.0,0,10,11,0,5,0,2
2026-05-11 11:00:00,70,22.1,52.4,109.0,5.5,292.0,14.8,0.0,0,0,0.0,0,11,11,0,5,0,2
2026-05-11 12:00:00,70,21.9,51.1,102.0,9.1,318.0,16.4,0.0,0,0,0.0,0,12,11,0,5,0,2
2026-05-11 13:00:00,71,21.0,46.2,85.0,16.7,334.0,16.7,0.0,0,0,0.0,0,13,11,0,5,0,2
2026-05-11 14:00:00,71,20.5,41.1,63.0,27.2,346.0,17.0,0.0,0,0,0.0,0,14,11,0,5,0,2
2026-05-11 15:00:00,71,22.2,37.6,45.0,35.0,356.0,17.1,0.0,0,0,0.0,0,15,11,0,5,0,2
2026-05-11 16:00:00,71,22.4,36.0,38.0,37.9,372.0,16.7,0.0,0,0,0.0,0,16,11,0,5,0,2
2026-05-11 17:00:00,72,22.5,34.5,36.0,38.0,387.0,16.0,0.0,0,0,0.0,0,17,11,0,5,0,3
2026-05-11 18:00:00,72,21.8,33.8,36.0,36.3,383.0,15.0,0.0,0,0,0.0,0,18,11,0,5,0,3
2026-05-11 19:00:00,72,20.3,32.1,39.0,32.2,346.0,13.3,0.0,0,0,0.0,0,19,11,0,5,0,3
2026-05-11 20:00:00,72,18.7,30.4,43.0,26.2,291.0,11.3,0.0,0,0,0.0,0,20,11,0,5,0,3
2026-05-11 21:00:00,72,17.6,29.3,47.0,21.3,246.0,9.8,0.0,0,0,0.0,0,21,11,0,5,0,0
2026-05-11 22:00:00,72,17.5,30.6,47.0,18.5,215.0,8.9,0.0,0,0,0.0,0,22,11,0,5,0,0
2026-05-11 23:00:00,72,17.4,31.8,47.0,16.7,195.0,8.6,0.0,0,0,0.0,0,23,11,0,5,0,0
2026-05-12 00:00:00,72,17.0,27.8,45.0,16.9,200.0,9.6,0.0,0,0,0.0,0,0,12,1,5,0,0
2026-05-12 01:00:00,72,16.2,29.6,50.0,16.3,256.0,12.0,0.0,0,0,0.0,0,1,12,1,5,0,0
2026-05-12 02:00:00,72,16.6,36.1,58.0,15.4,338.0,15.3,0.0,0,0,0.0,0,2,12,1,5,0,0
2026-05-12 03:00:00,72,17.9,44.8,70.0,14.0,387.0,18.1,0.0,0,0,0.0,0,3,12,1,5,0,0
2026-05-12 04:00:00,72,20.1,53.2,89.0,11.5,370.0,20.1,0.0,0,0,0.0,0,4,12,1,5,0,0
2026-05-12 05:00:00,72,22.8,62.2,112.0,8.5,320.0,21.6,0.0,0,0,0.0,0,5,12,1,5,0,0
2026-05-12 06:00:00,72,25.3,68.9,129.0,6.2,281.0,22.3,0.0,0,0,0.0,0,6,12,1,5,0,1
2026-05-12 07:00:00,72,26.3,73.6,138.0,5.0,266.0,21.9,0.0,0,0,0.0,0,7,12,1,5,0,1
2026-05-12 08:00:00,72,27.0,77.5,141.0,4.5,261.0,20.8,0.0,0,0,0.0,0,8,12,1,5,0,1
2026-05-12 09:00:00,72,28.7,88.7,141.0,4.8,271.0,19.7,0.0,0,0,0.0,0,9,12,1,5,0,1
2026-05-12 10:00:00,73,31.1,102.9,137.0,5.7,302.0,19.1,0.0,0,0,0.0,0,10,12,1,5,0,2
2026-05-12 11:00:00,73,32.9,114.8,129.0,7.4,348.0,18.6,0.0,0,0,0.0,0,11,12,1,5,0,2
2026-05-12 12:00:00,83,33.8,119.0,117.0,11.2,387.0,18.0,0.0,0,0,0.0,0,12,12,1,5,0,2
2026-05-12 13:00:00,89,32.7,110.4,97.0,18.9,415.0,17.0,0.0,0,0,0.0,0,13,12,1,5,0,2
2026-05-12 14:00:00,85,30.4,88.7,72.0,28.6,436.0,15.9,0.0,0,0,0.0,0,14,12,1,5,0,2
2026-05-12 15:00:00,77,28.9,66.8,54.0,35.6,449.0,15.0,0.0,0,0,0.0,0,15,12,1,5,0,2
2026-05-12 16:00:00,78,27.6,56.6,46.0,38.0,444.0,14.6,0.0,0,0,0.0,0,16,12,1,5,0,2
2026-05-12 17:00:00,78,27.0,49.1,45.0,37.7,430.0,14.3,0.0,0,0,0.0,0,17,12,1,5,0,3
2026-05-12 18:00:00,78,24.7,42.6,46.0,35.7,432.0,13.8,0.0,0,0,0.0,0,18,12,1,5,0,3
2026-05-12 19:00:00,78,22.1,36.2,49.0,31.4,467.0,12.4,0.0,0,0,0.0,0,19,12,1,5,0,3
2026-05-12 20:00:00,79,20.4,33.6,55.0,25.5,519.0,10.7,0.0,0,0,0.0,0,20,12,1,5,0,3
2026-05-12 21:00:00,79,20.8,35.7,59.0,21.0,559.0,9.7,0.0,0,0,0.0,0,21,12,1,5,0,0
2026-05-12 22:00:00,79,22.5,40.5,59.0,19.4,575.0,9.8,0.0,0,0,0.0,0,22,12,1,5,0,0
2026-05-12 23:00:00,79,23.2,42.8,56.0,19.3,580.0,10.6,0.0,0,0,0.0,0,23,12,1,5,0,0
2026-05-13 00:00:00,80,39.7,75.9,29.0,34.5,589.0,11.1,0.0,0,0,0.0,0,0,13,2,5,0,0
2026-05-13 01:00:00,82,34.5,61.9,38.0,33.5,626.0,11.6,0.0,0,0,0.0,0,1,13,2,5,0,0
2026-05-13 02:00:00,83,31.7,51.3,51.0,31.7,667.0,12.3,0.0,0,0,0.0,0,2,13,2,5,0,0
2026-05-13 03:00:00,84,30.9,54.5,69.0,28.3,659.0,12.4,0.0,0,0,0.0,0,3,13,2,5,0,0
2026-05-13 04:00:00,85,34.1,79.9,97.0,21.6,554.0,11.4,0.0,0,0,0.0,0,4,13,2,5,0,0
2026-05-13 05:00:00,86,45.8,137.4,129.0,13.2,399.0,9.7,0.0,0,0,0.0,0,5,13,2,5,0,0
2026-05-13 06:00:00,88,59.8,194.2,149.0,6.9,282.0,8.1,0.0,0,0,0.0,0,6,13,2,5,0,1
2026-05-13 07:00:00,91,63.8,200.2,148.0,4.4,241.0,6.7,0.0,0,0,0.0,0,7,13,2,5,0,1
2026-05-13 08:00:00,94,53.9,153.2,136.0,4.1,239.0,5.4,0.0,0,0,0.0,0,8,13,2,5,0,1
2026-05-13 09:00:00,96,34.8,83.8,123.0,4.6,246.0,4.5,0.0,0,0,0.0,0,9,13,2,5,0,1
2026-05-13 10:00:00,96,20.1,38.5,112.0,5.7,254.0,4.2,0.0,0,0,0.0,0,10,13,2,5,0,2
2026-05-13 11:00:00,96,16.4,26.8,101.0,7.7,273.0,4.3,0.0,0,0,0.0,0,11,13,2,5,0,2
2026-05-13 12:00:00,94,15.5,27.8,91.0,9.5,299.0,4.1,0.0,0,0,0.0,0,12,13,2,5,0,2
2026-05-13 13:00:00,93,15.0,22.9,84.0,12.5,343.0,4.3,0.0,0,0,0.0,0,13,13,2,5,0,2
2026-05-13 14:00:00,91,15.2,22.5,73.0,16.6,395.0,4.6,0.0,0,0,0.0,0,14,13,2,5,0,2
2026-05-13 15:00:00,90,15.5,23.5,66.0,19.1,424.0,4.9,0.0,0,0,0.0,0,15,13,2,5,0,2
2026-05-13 16:00:00,89,15.8,24.6,64.0,18.8,415.0,5.1,0.0,0,0,0.0,0,16,13,2,5,0,2
2026-05-13 17:00:00,88,16.6,26.1,64.0,17.0,382.0,5.1,0.0,0,0,0.0,0,17,13,2,5,0,3
2026-05-13 18:00:00,87,17.7,28.1,65.0,14.9,340.0,5.1,0.0,0,0,0.0,0,18,13,2,5,0,3
2026-05-13 19:00:00,87,18.5,29.7,65.0,12.9,285.0,4.8,0.0,0,0,0.0,0,19,13,2,5,0,3
2026-05-13 20:00:00,87,19.0,31.1,65.0,10.7,220.0,4.5,0.0,0,0,0.0,0,20,13,2,5,0,3
2026-05-13 21:00:00,87,18.5,30.3,64.0,8.8,172.0,4.2,0.0,0,0,0.0,0,21,13,2,5,0,0
2026-05-13 22:00:00,86,13.7,22.4,62.0,7.4,150.0,4.2,0.0,0,0,0.0,0,22,13,2,5,0,0
2026-05-13 23:00:00,86,9.7,15.3,60.0,6.4,145.0,4.2,0.0,0,0,0.0,0,23,13,2,5,0,0
2026-05-14 00:00:00,85,8.2,13.6,60.0,5.5,158.0,4.0,0.0,0,0,0.0,0,0,14,3,5,0,0
2026-05-14 01:00:00,82,7.8,12.3,59.0,6.9,204.0,4.5,0.0,0,0,0.0,0,1,14,3,5,0,0
2026-05-14 02:00:00,80,8.6,13.0,58.0,8.6,268.0,5.1,0.0,0,0,0.0,0,2,14,3,5,0,0
2026-05-14 03:00:00,78,11.3,17.8,61.0,9.4,305.0,5.5,0.0,0,0,0.0,0,3,14,3,5,0,0
2026-05-14 04:00:00,77,12.6,20.5,71.0,8.1,286.0,5.5,0.0,0,0,0.0,0,4,14,3,5,0,0
2026-05-14 05:00:00,75,13.1,21.7,83.0,5.9,239.0,5.3,0.0,0,0,0.0,0,5,14,3,5,0,0
2026-05-14 06:00:00,72,12.9,21.8,92.0,4.1,203.0,5.0,0.0,0,0,0.0,0,6,14,3,5,0,1
2026-05-14 07:00:00,69,13.0,21.4,93.0,3.4,192.0,4.7,0.0,0,0,0.0,0,7,14,3,5,0,1
2026-05-14 08:00:00,65,12.5,20.8,90.0,3.2,192.0,4.4,0.0,0,0,0.0,0,8,14,3,5,0,1
2026-05-14 09:00:00,61,12.5,21.2,85.0,3.4,198.0,4.2,0.0,0,0,0.0,0,9,14,3,5,0,1
2026-05-14 10:00:00,60,12.7,21.9,79.0,3.9,215.0,4.1,0.0,0,0,0.0,0,10,14,3,5,0,2
2026-05-14 11:00:00,59,12.9,22.9,71.0,4.8,238.0,4.1,0.0,0,0,0.0,0,11,14,3,5,0,2
2026-05-14 12:00:00,59,15.9,34.1,65.0,6.3,251.0,4.2,0.0,0,0,0.0,0,12,14,3,5,0,2
2026-05-14 13:00:00,59,15.6,32.2,58.0,8.7,245.0,4.4,0.0,0,0,0.0,0,13,14,3,5,0,2
2026-05-14 14:00:00,59,15.4,30.9,49.0,11.9,230.0,4.6,0.0,0,0,0.0,0,14,14,3,5,0,2
2026-05-14 15:00:00,59,11.5,22.8,42.0,14.0,215.0,4.8,0.0,0,0,0.0,0,15,14,3,5,0,2
2026-05-14 16:00:00,59,11.1,21.2,40.0,14.2,206.0,4.9,0.0,0,0,0.0,0,16,14,3,5,0,2
2026-05-14 17:00:00,58,11.0,20.9,39.0,13.4,198.0,5.0,0.0,0,0,0.0,0,17,14,3,5,0,3
2026-05-14 18:00:00,58,10.8,20.9,40.0,12.1,187.0,4.9,0.0,0,0,0.0,0,18,14,3,5,0,3
2026-05-14 19:00:00,57,10.4,21.2,41.0,10.2,170.0,4.6,0.0,0,0,0.0,0,19,14,3,5,0,3
2026-05-14 20:00:00,57,9.8,20.9,43.0,7.9,150.0,4.1,0.0,0,0,0.0,0,20,14,3,5,0,3
2026-05-14 21:00:00,56,9.5,21.3,45.0,6.1,137.0,3.8,0.0,0,0,0.0,0,21,14,3,5,0,0
2026-05-14 22:00:00,55,9.3,21.8,46.0,5.2,133.0,3.7,0.0,0,0,0.0,0,22,14,3,5,0,0
2026-05-14 23:00:00,55,9.2,22.6,46.0,4.8,136.0,3.8,0.0,0,0,0.0,0,23,14,3,5,0,0
2026-05-15 00:00:00,55,9.9,24.3,52.0,4.9,149.0,3.7,0.0,0,0,0.0,0,0,15,4,5,0,0
2026-05-15 01:00:00,55,9.9,24.7,52.0,5.6,180.0,3.9,0.0,0,0,0.0,0,1,15,4,5,0,0
2026-05-15 02:00:00,55,12.4,32.2,52.0,6.5,221.0,4.2,0.0,0,0,0.0,0,2,15,4,5,0,0
2026-05-15 03:00:00,55,14.2,37.4,55.0,6.8,245.0,4.4,0.0,0,0,0.0,0,3,15,4,5,0,0
2026-05-15 04:00:00,56,14.4,37.7,62.0,5.9,235.0,4.5,0.0,0,0,0.0,0,4,15,4,5,0,0
2026-05-15 05:00:00,56,14.5,38.4,72.0,4.3,208.0,4.5,0.0,0,0,0.0,0,5,15,4,5,0,0
2026-05-15 06:00:00,56,14.7,38.3,79.0,3.1,188.0,4.5,0.0,0,0,0.0,0,6,15,4,5,0,1
2026-05-15 07:00:00,56,14.5,36.7,81.0,2.7,185.0,4.4,0.0,0,0,0.0,0,7,15,4,5,0,1
2026-05-15 08:00:00,56,14.1,34.7,81.0,2.6,189.0,4.3,0.0,0,0,0.0,0,8,15,4,5,0,1
2026-05-15 09:00:00,56,13.7,33.5,79.0,2.9,198.0,4.3,0.0,0,0,0.0,0,9,15,4,5,0,1
2026-05-15 10:00:00,56,13.6,34.3,75.0,3.6,215.0,4.4,0.0,0,0,0.0,0,10,15,4,5,0,2
2026-05-15 11:00:00,56,13.8,36.1,69.0,4.6,237.0,4.5,0.0,0,0,0.0,0,11,15,4,5,0,2
2026-05-15 12:00:00,57,11.9,28.6,65.0,6.5,253.0,4.8,0.0,0,0,0.0,0,12,15,4,5,0,2
2026-05-15 13:00:00,56,12.7,31.1,57.0,9.1,260.0,5.0,0.0,0,0,0.0,0,13,15,4,5,0,2
2026-05-15 14:00:00,56,13.4,30.7,47.0,12.7,261.0,5.3,0.0,0,0,0.0,0,14,15,4,5,0,2
2026-05-15 15:00:00,56,12.9,27.1,39.0,15.4,257.0,5.5,0.0,0,0,0.0,0,15,15,4,5,0,2
2026-05-15 16:00:00,56,11.6,23.4,36.0,16.6,246.0,5.7,0.0,0,0,0.0,0,16,15,4,5,0,2
2026-05-15 17:00:00,56,11.4,22.1,36.0,16.9,230.0,5.9,0.0,0,0,0.0,0,17,15,4,5,0,3
2026-05-15 18:00:00,56,11.0,21.1,37.0,16.2,212.0,5.9,0.0,0,0,0.0,0,18,15,4,5,0,3
2026-05-15 19:00:00,56,10.1,19.7,40.0,13.8,192.0,5.5,0.0,0,0,0.0,0,19,15,4,5,0,3
2026-05-15 20:00:00,56,9.3,19.2,44.0,10.3,171.0,4.8,0.0,0,0,0.0,0,20,15,4,5,0,3
2026-05-15 21:00:00,56,9.1,19.6,48.0,7.6,157.0,4.4,0.0,0,0,0.0,0,21,15,4,5,0,0
2026-05-15 22:00:00,56,9.5,22.4,49.0,6.6,149.0,4.4,0.0,0,0,0.0,0,22,15,4,5,0,0
2026-05-15 23:00:00,56,10.2,25.6,50.0,6.3,148.0,4.6,0.0,0,0,0.0,0,23,15,4,5,0,0
2026-05-16 00:00:00,56,11.4,28.2,51.0,6.9,161.0,5.3,0.0,0,0,0.0,0,0,16,5,5,1,0
2026-05-16 01:00:00,56,12.4,30.6,53.0,7.5,205.0,5.6,0.0,0,0,0.0,0,1,16,5,5,1,0
2026-05-16 02:00:00,56,15.7,44.4,57.0,8.2,263.0,6.1,0.0,0,0,0.0,0,2,16,5,5,1,0
2026-05-16 03:00:00,57,17.5,51.1,63.0,8.3,297.0,6.4,0.0,0,0,0.0,0,3,16,5,5,1,0
2026-05-16 04:00:00,57,19.2,55.9,75.0,7.1,283.0,6.5,0.0,0,0,0.0,0,4,16,5,5,1,0
2026-05-16 05:00:00,57,20.7,59.4,91.0,5.4,244.0,6.4,0.0,0,0,0.0,0,5,16,5,5,1,0
2026-05-16 06:00:00,58,22.1,62.9,102.0,4.0,215.0,6.2,0.0,0,0,0.0,0,6,16,5,5,1,1
2026-05-16 07:00:00,58,22.6,65.4,106.0,3.4,208.0,5.9,0.0,0,0,0.0,0,7,16,5,5,1,1
2026-05-16 08:00:00,59,23.0,67.5,105.0,3.2,212.0,5.4,0.0,0,0,0.0,0,8,16,5,5,1,1
2026-05-16 09:00:00,60,23.5,70.5,102.0,3.5,221.0,5.1,0.0,0,0,0.0,0,9,16,5,5,1,1
2026-05-16 10:00:00,60,24.0,73.8,96.0,4.1,239.0,5.0,0.0,0,0,0.0,0,10,16,5,5,1,2
2026-05-16 11:00:00,61,24.7,77.5,87.0,5.3,264.0,5.0,0.0,0,0,0.0,0,11,16,5,5,1,2
2026-05-16 12:00:00,62,27.0,86.6,86.0,8.0,282.0,5.6,0.0,0,0,0.0,0,12,16,5,5,1,2
2026-05-16 13:00:00,63,27.1,87.3,74.0,11.1,290.0,5.7,0.0,0,0,0.0,0,13,16,5,5,1,2
2026-05-16 14:00:00,64,26.5,82.7,57.0,15.3,291.0,5.8,0.0,0,0,0.0,0,14,16,5,5,1,2
2026-05-16 15:00:00,65,25.0,75.7,44.0,19.0,285.0,6.0,0.0,0,0,0.0,0,15,16,5,5,1,2
2026-05-16 16:00:00,66,23.2,66.6,37.0,21.9,268.0,6.4,0.0,0,0,0.0,0,16,16,5,5,1,2
2026-05-16 17:00:00,67,22.9,61.2,32.0,24.1,242.0,6.9,0.0,0,0,0.0,0,17,16,5,5,1,3
2026-05-16 18:00:00,68,22.5,59.5,31.0,24.3,216.0,7.0,0.0,0,0,0.0,0,18,16,5,5,1,3
2026-05-16 19:00:00,69,21.5,57.3,34.0,21.0,189.0,6.4,0.0,0,0,0.0,0,19,16,5,5,1,3
2026-05-16 20:00:00,70,20.4,56.1,39.0,15.5,161.0,5.5,0.0,0,0,0.0,0,20,16,5,5,1,3
2026-05-16 21:00:00,71,19.2,54.4,44.0,11.0,142.0,4.8,0.0,0,0,0.0,0,21,16,5,5,1,0
2026-05-16 22:00:00,72,18.3,52.2,47.0,8.4,136.0,4.4,0.0,0,0,0.0,0,22,16,5,5,1,0
2026-05-16 23:00:00,72,17.8,51.9,49.0,6.7,139.0,4.1,0.0,0,0,0.0,0,23,16,5,5,1,0
2026-05-17 00:00:00,73,18.1,54.5,52.0,5.4,150.0,4.0,0.0,0,0,0.0,0,0,17,6,5,1,0
2026-05-17 01:00:00,73,17.8,51.0,53.0,5.9,176.0,4.5,0.0,0,0,0.0,0,1,17,6,5,1,0
2026-05-17 02:00:00,74,19.5,60.3,56.0,6.6,211.0,5.2,0.0,0,0,0.0,0,2,17,6,5,1,0
2026-05-17 03:00:00,74,22.2,72.6,62.0,6.8,231.0,5.8,0.0,0,0,0.0,0,3,17,6,5,1,0
2026-05-17 04:00:00,75,24.9,78.7,75.0,5.9,224.0,6.1,0.0,0,0,0.0,0,4,17,6,5,1,0
2026-05-17 05:00:00,75,27.1,86.4,92.0,4.5,202.0,6.3,0.0,0,0,0.0,0,5,17,6,5,1,0
2026-05-17 06:00:00,76,27.9,88.9,104.0,3.4,186.0,6.3,0.0,0,0,0.0,0,6,17,6,5,1,1
2026-05-17 07:00:00,76,27.3,89.6,107.0,2.9,182.0,6.0,0.0,0,0,0.0,0,7,17,6,5,1,1
2026-05-17 08:00:00,76,25.9,85.0,105.0,2.7,184.0,5.5,0.0,0,0,0.0,0,8,17,6,5,1,1
2026-05-17 09:00:00,77,24.8,80.6,101.0,2.9,188.0,5.2,0.0,0,0,0.0,0,9,17,6,5,1,1
2026-05-17 10:00:00,77,23.7,76.4,95.0,3.4,198.0,5.1,0.0,0,0,0.0,0,10,17,6,5,1,2
2026-05-17 11:00:00,77,22.9,71.7,88.0,4.3,210.0,5.2,0.0,0,0,0.0,0,11,17,6,5,1,2
2026-05-17 12:00:00,77,26.0,86.1,82.0,5.7,217.0,5.3,0.0,0,0,0.0,0,12,17,6,5,1,2
2026-05-17 13:00:00,76,25.6,77.8,72.0,7.8,213.0,5.3,0.0,0,0,0.0,0,13,17,6,5,1,2
2026-05-17 14:00:00,76,25.7,70.1,58.0,10.6,203.0,5.4,0.0,0,0,0.0,0,14,17,6,5,1,2
2026-05-17 15:00:00,76,23.4,60.3,47.0,12.6,192.0,5.4,0.0,0,0,0.0,0,15,17,6,5,1,2
2026-05-17 16:00:00,76,22.2,54.0,43.0,13.1,182.0,5.5,0.0,0,0,0.0,0,16,17,6,5,1,2
2026-05-17 17:00:00,76,22.5,54.1,43.0,12.7,172.0,5.5,0.0,0,0,0.0,0,17,17,6,5,1,3
2026-05-17 18:00:00,76,22.7,54.4,44.0,11.7,162.0,5.4,0.0,0,0,0.0,0,18,17,6,5,1,3
2026-05-17 19:00:00,76,22.3,53.2,46.0,9.9,151.0,5.0,0.0,0,0,0.0,0,19,17,6,5,1,3
2026-05-17 20:00:00,76,21.5,51.7,49.0,7.5,140.0,4.3,0.0,0,0,0.0,0,20,17,6,5,1,3
2026-05-17 21:00:00,76,20.7,51.2,52.0,5.7,133.0,3.9,0.0,0,0,0.0,0,21,17,6,5,1,0
2026-05-17 22:00:00,76,20.0,50.5,54.0,4.8,129.0,3.8,0.0,0,0,0.0,0,22,17,6,5,1,0
2026-05-17 23:00:00,76,19.4,49.0,55.0,4.3,130.0,3.9,0.0,0,0,0.0,0,23,17,6,5,1,0
2026-05-18 00:00:00,77,18.4,46.6,55.0,4.2,140.0,3.5,0.0,0,0,0.0,0,0,18,0,5,0,0
2026-05-18 01:00:00,77,18.7,46.7,56.0,5.1,170.0,3.9,0.0,0,0,0.0,0,1,18,0,5,0,0
2026-05-18 02:00:00,77,20.5,55.2,57.0,6.3,210.0,4.5,0.0,0,0,0.0,0,2,18,0,5,0,0
2026-05-18 03:00:00,77,24.2,63.8,61.0,6.8,234.0,4.9,0.0,0,0,0.0,0,3,18,0,5,0,0
2026-05-18 04:00:00,77,25.3,66.6,69.0,6.0,228.0,5.1,0.0,0,0,0.0,0,4,18,0,5,0,0
2026-05-18 05:00:00,77,26.1,69.2,80.0,4.5,207.0,5.1,0.0,0,0,0.0,0,5,18,0,5,0,0
2026-05-18 06:00:00,77,26.2,70.1,87.0,3.4,191.0,5.0,0.0,0,0,0.0,0,6,18,0,5,0,1
2026-05-18 07:00:00,77,25.6,68.2,88.0,2.9,187.0,4.8,0.0,0,0,0.0,0,7,18,0,5,0,1
2026-05-18 08:00:00,77,24.9,66.4,86.0,2.7,187.0,4.5,0.0,0,0,0.0,0,8,18,0,5,0,1
2026-05-18 09:00:00,77,24.7,65.7,83.0,2.9,192.0,4.3,0.0,0,0,0.0,0,9,18,0,5,0,1
2026-05-18 10:00:00,77,24.6,64.5,78.0,3.4,206.0,4.3,0.0,0,0,0.0,0,10,18,0,5,0,2
2026-05-18 11:00:00,77,24.4,62.9,72.0,4.3,224.0,4.3,0.0,0,0,0.0,0,11,18,0,5,0,2
2026-05-18 12:00:00,77,24.7,61.9,66.0,6.0,235.0,4.4,0.0,0,0,0.0,0,12,18,0,5,0,2
2026-05-18 13:00:00,77,24.6,60.5,60.0,8.0,233.0,4.5,0.0,0,0,0.0,0,13,18,0,5,0,2
2026-05-18 14:00:00,77,24.3,56.8,52.0,10.7,224.0,4.8,0.0,0,0,0.0,0,14,18,0,5,0,2
2026-05-18 15:00:00,76,21.0,48.4,46.0,12.6,213.0,4.9,0.0,0,0,0.0,0,15,18,0,5,0,2
2026-05-18 16:00:00,76,18.7,43.8,44.0,12.9,203.0,5.0,0.0,0,0,0.0,0,16,18,0,5,0,2
2026-05-18 17:00:00,76,17.8,41.4,45.0,12.4,191.0,5.0,0.0,0,0,0.0,0,17,18,0,5,0,3
2026-05-18 18:00:00,76,17.4,40.9,46.0,11.4,179.0,4.9,0.0,0,0,0.0,0,18,18,0,5,0,3
2026-05-18 19:00:00,75,16.8,40.0,48.0,9.7,164.0,4.6,0.0,0,0,0.0,0,19,18,0,5,0,3
2026-05-18 20:00:00,75,16.2,39.5,51.0,7.5,149.0,4.1,0.0,0,0,0.0,0,20,18,0,5,0,3
2026-05-18 21:00:00,74,15.9,39.6,53.0,5.8,139.0,3.8,0.0,0,0,0.0,0,21,18,0,5,0,0
2026-05-18 22:00:00,74,15.8,39.9,54.0,5.0,134.0,3.7,0.0,0,0,0.0,0,22,18,0,5,0,0
2026-05-18 23:00:00,74,15.7,40.0,54.0,4.6,134.0,3.8,0.0,0,0,0.0,0,23,18,0,5,0,0
2026-05-19 00:00:00,73,16.1,39.6,57.0,4.5,144.0,3.7,0.0,0,0,0.0,0,0,19,1,5,0,0
2026-05-19 01:00:00,73,16.2,39.8,58.0,5.2,173.0,3.9,0.0,0,0,0.0,0,1,19,1,5,0,0
2026-05-19 02:00:00,73,19.3,48.5,59.0,6.2,211.0,4.2,0.0,0,0,0.0,0,2,19,1,5,0,0
2026-05-19 03:00:00,73,22.2,60.5,62.0,6.6,235.0,4.5,0.0,0,0,0.0,0,3,19,1,5,0,0
2026-05-19 04:00:00,73,23.5,65.4,70.0,5.8,229.0,4.7,0.0,0,0,0.0,0,4,19,1,5,0,0
2026-05-19 05:00:00,73,23.1,63.8,80.0,4.5,207.0,4.8,0.0,0,0,0.0,0,5,19,1,5,0,0
2026-05-19 06:00:00,72,23.7,67.5,87.0,3.5,192.0,4.9,0.0,0,0,0.0,0,6,19,1,5,0,1
2026-05-19 07:00:00,72,24.4,70.8,90.0,3.1,190.0,4.8,0.0,0,0,0.0,0,7,19,1,5,0,1
2026-05-19 08:00:00,72,24.8,71.0,91.0,3.0,194.0,4.7,0.0,0,0,0.0,0,8,19,1,5,0,1
2026-05-19 09:00:00,72,24.5,67.8,89.0,3.3,204.0,4.6,0.0,0,0,0.0,0,9,19,1,5,0,1
2026-05-19 10:00:00,72,24.1,64.7,84.0,4.1,224.0,4.6,0.0,0,0,0.0,0,10,19,1,5,0,2
2026-05-19 11:00:00,72,23.1,59.5,76.0,5.2,249.0,4.6,0.0,0,0,0.0,0,11,19,1,5,0,2
2026-05-19 12:00:00,72,22.8,58.7,70.0,6.8,264.0,4.7,0.0,0,0,0.0,0,12,19,1,5,0,2
2026-05-19 13:00:00,72,21.4,49.8,62.0,9.1,259.0,4.9,0.0,0,0,0.0,0,13,19,1,5,0,2
2026-05-19 14:00:00,71,20.4,42.7,52.0,12.2,245.0,5.2,0.0,0,0,0.0,0,14,19,1,5,0,2
2026-05-19 15:00:00,71,16.6,34.3,44.0,14.4,231.0,5.4,0.0,0,0,0.0,0,15,19,1,5,0,2
2026-05-19 16:00:00,71,16.2,31.4,41.0,15.1,225.0,5.5,0.0,0,0,0.0,0,16,19,1,5,0,2
2026-05-19 17:00:00,71,16.4,31.9,42.0,14.8,220.0,5.6,0.0,0,0,0.0,0,17,19,1,5,0,3
2026-05-19 18:00:00,70,16.8,33.2,43.0,13.9,210.0,5.5,0.0,0,0,0.0,0,18,19,1,5,0,3
2026-05-19 19:00:00,70,16.8,34.0,45.0,12.0,190.0,5.1,0.0,0,0,0.0,0,19,19,1,5,0,3
2026-05-19 20:00:00,70,16.4,34.0,49.0,9.5,166.0,4.6,0.0,0,0,0.0,0,20,19,1,5,0,3
2026-05-19 21:00:00,70,16.2,34.2,52.0,7.5,149.0,4.3,0.0,0,0,0.0,0,21,19,1,5,0,0
2026-05-19 22:00:00,70,16.5,36.0,54.0,6.5,141.0,4.2,0.0,0,0,0.0,0,22,19,1,5,0,0
2026-05-19 23:00:00,71,16.9,38.4,56.0,6.0,139.0,4.3,0.0,0,0,0.0,0,23,19,1,5,0,0
2026-05-20 00:00:00,71,16.7,37.3,58.0,5.9,152.0,4.4,0.0,0,0,0.0,0,0,20,2,5,0,0
2026-05-20 01:00:00,71,17.1,38.1,61.0,6.8,193.0,4.7,0.0,0,0,0.0,0,1,20,2,5,0,0
2026-05-20 02:00:00,71,19.3,48.0,65.0,8.0,249.0,5.1,0.0,0,0,0.0,0,2,20,2,5,0,0
2026-05-20 03:00:00,71,22.5,56.2,72.0,8.5,282.0,5.5,0.0,0,0,0.0,0,3,20,2,5,0,0
2026-05-20 04:00:00,71,23.9,61.7,85.0,7.5,271.0,5.8,0.0,0,0,0.0,0,4,20,2,5,0,0
2026-05-20 05:00:00,71,25.4,68.0,101.0,5.7,237.0,5.9,0.0,0,0,0.0,0,5,20,2,5,0,0
2026-05-20 06:00:00,71,26.7,73.3,113.0,4.3,212.0,6.0,0.0,0,0,0.0,0,6,20,2,5,0,1
2026-05-20 07:00:00,71,27.1,76.1,117.0,3.8,207.0,5.9,0.0,0,0,0.0,0,7,20,2,5,0,1
2026-05-20 08:00:00,71,27.4,78.0,117.0,3.6,211.0,5.6,0.0,0,0,0.0,0,8,20,2,5,0,1
2026-05-20 09:00:00,72,27.4,76.8,114.0,4.0,220.0,5.4,0.0,0,0,0.0,0,9,20,2,5,0,1
2026-05-20 10:00:00,72,27.8,77.3,108.0,4.8,237.0,5.4,0.0,0,0,0.0,0,10,20,2,5,0,2
2026-05-20 11:00:00,72,28.0,75.9,100.0,6.1,259.0,5.4,0.0,0,0,0.0,0,11,20,2,5,0,2
2026-05-20 12:00:00,73,32.4,92.2,92.0,8.0,276.0,5.2,0.0,0,0,0.0,0,12,20,2,5,0,2
2026-05-20 13:00:00,73,31.2,83.6,81.0,11.2,286.0,5.5,0.0,0,0,0.0,0,13,20,2,5,0,2
2026-05-20 14:00:00,74,30.5,74.5,67.0,15.6,292.0,6.0,0.0,0,0,0.0,0,14,20,2,5,0,2
2026-05-20 15:00:00,75,27.5,61.2,56.0,18.3,287.0,6.2,0.0,0,0,0.0,0,15,20,2,5,0,2
2026-05-20 16:00:00,76,26.0,55.4,53.0,18.0,266.0,6.1,0.0,0,0,0.0,0,16,20,2,5,0,2
2026-05-20 17:00:00,76,24.9,53.7,54.0,16.1,236.0,5.8,0.0,0,0,0.0,0,17,20,2,5,0,3
2026-05-20 18:00:00,77,23.8,52.0,55.0,13.9,208.0,5.5,0.0,0,0,0.0,0,18,20,2,5,0,3
2026-05-20 19:00:00,78,23.1,52.7,56.0,11.5,185.0,5.0,0.0,0,0,0.0,0,19,20,2,5,0,3
2026-05-20 20:00:00,78,22.5,53.6,59.0,8.7,165.0,4.5,0.0,0,0,0.0,0,20,20,2,5,0,3
2026-05-20 21:00:00,79,22.4,54.5,60.0,6.7,152.0,4.2,0.0,0,0,0.0,0,21,20,2,5,0,0
2026-05-20 22:00:00,79,22.5,55.8,60.0,5.9,145.0,4.2,0.0,0,0,0.0,0,22,20,2,5,0,0
2026-05-20 23:00:00,80,22.8,57.2,59.0,5.8,145.0,4.4,0.0,0,0,0.0,0,23,20,2,5,0,0
2026-05-21 00:00:00,80,23.8,61.0,62.0,6.0,157.0,4.6,0.0,0,0,0.0,0,0,21,3,5,0,0
2026-05-21 01:00:00,81,24.7,63.6,64.0,6.9,195.0,5.0,0.0,0,0,0.0,0,1,21,3,5,0,0
2026-05-21 02:00:00,81,28.2,80.8,66.0,8.1,245.0,5.5,0.0,0,0,0.0,0,2,21,3,5,0,0
2026-05-21 03:00:00,82,33.1,100.8,71.0,8.5,275.0,5.8,0.0,0,0,0.0,0,3,21,3,5,0,0
2026-05-21 04:00:00,83,36.1,111.3,80.0,7.3,264.0,5.8,0.0,0,0,0.0,0,4,21,3,5,0,0
2026-05-21 05:00:00,84,34.6,105.7,92.0,5.2,233.0,5.7,0.0,0,0,0.0,0,5,21,3,5,0,0
2026-05-21 06:00:00,84,34.6,104.1,100.0,3.7,209.0,5.5,0.0,0,0,0.0,0,6,21,3,5,0,1
2026-05-21 07:00:00,85,34.1,103.6,102.0,3.1,203.0,5.4,0.0,0,0,0.0,0,7,21,3,5,0,1
2026-05-21 08:00:00,86,33.5,101.0,100.0,3.1,204.0,5.2,0.0,0,0,0.0,0,8,21,3,5,0,1
2026-05-21 09:00:00,86,32.7,95.5,96.0,3.4,210.0,5.1,0.0,0,0,0.0,0,9,21,3,5,0,1
2026-05-21 10:00:00,87,31.9,91.5,89.0,4.0,223.0,5.0,0.0,0,0,0.0,0,10,21,3,5,0,2
2026-05-21 11:00:00,87,31.1,87.5,80.0,5.0,241.0,4.8,0.0,0,0,0.0,0,11,21,3,5,0,2
2026-05-21 12:00:00,87,42.3,123.4,77.0,6.6,252.0,5.1,0.0,0,0,0.0,0,12,21,3,5,0,2
2026-05-21 13:00:00,88,42.6,122.5,70.0,8.2,249.0,5.2,0.0,0,0,0.0,0,13,21,3,5,0,2
2026-05-21 14:00:00,89,42.5,118.3,61.0,10.4,238.0,5.3,0.0,0,0,0.0,0,14,21,3,5,0,2
2026-05-21 15:00:00,90,42.6,115.3,54.0,12.3,228.0,5.5,0.0,0,0,0.0,0,15,21,3,5,0,2
2026-05-21 16:00:00,91,39.2,102.2,50.0,13.6,221.0,5.7,0.0,0,0,0.0,0,16,21,3,5,0,2
2026-05-21 17:00:00,92,38.0,97.3,49.0,14.5,215.0,6.0,0.0,0,0,0.0,0,17,21,3,5,0,3
2026-05-21 18:00:00,93,37.1,92.7,48.0,14.6,206.0,6.1,0.0,0,0,0.0,0,18,21,3,5,0,3
2026-05-21 19:00:00,94,36.4,90.3,48.0,13.5,191.0,5.9,0.0,0,0,0.0,0,19,21,3,5,0,3
2026-05-21 20:00:00,95,35.3,87.3,49.0,11.6,174.0,5.6,0.0,0,0,0.0,0,20,21,3,5,0,3
2026-05-21 21:00:00,96,34.1,84.8,49.0,10.1,162.0,5.4,0.0,0,0,0.0,0,21,21,3,5,0,0
2026-05-21 22:00:00,97,33.3,83.6,48.0,9.4,156.0,5.5,0.0,0,0,0.0,0,22,21,3,5,0,0
2026-05-21 23:00:00,98,32.6,82.4,47.0,9.1,155.0,5.7,0.0,0,0,0.0,0,23,21,3,5,0,0
2026-05-22 00:00:00,99,30.9,79.9,52.0,7.6,169.0,5.4,0.0,0,0,0.0,0,0,22,4,5,0,0
2026-05-22 01:00:00,99,31.0,79.9,53.0,8.2,214.0,5.8,0.0,0,0,0.0,0,1,22,4,5,0,0
2026-05-22 02:00:00,100,34.0,98.0,55.0,9.0,274.0,6.3,0.0,0,0,0.0,0,2,22,4,5,0,0
2026-05-22 03:00:00,100,37.4,117.6,60.0,9.1,310.0,6.7,0.0,0,0,0.0,0,3,22,4,5,0,0
2026-05-22 04:00:00,101,40.2,130.4,72.0,7.8,297.0,6.8,0.0,0,0,0.0,0,4,22,4,5,0,0
2026-05-22 05:00:00,101,42.4,138.8,87.0,5.8,259.0,6.9,0.0,0,0,0.0,0,5,22,4,5,0,0
2026-05-22 06:00:00,102,43.8,139.7,98.0,4.3,231.0,6.8,0.0,0,0,0.0,0,6,22,4,5,0,1
2026-05-22 07:00:00,103,45.1,143.0,103.0,3.7,227.0,6.6,0.0,0,0,0.0,0,7,22,4,5,0,1
2026-05-22 08:00:00,104,45.5,143.9,105.0,3.5,233.0,6.4,0.0,0,0,0.0,0,8,22,4,5,0,1
2026-05-22 09:00:00,105,45.6,143.9,103.0,3.8,242.0,6.2,0.0,0,0,0.0,0,9,22,4,5,0,1
2026-05-22 10:00:00,107,45.4,141.6,95.0,4.6,256.0,6.1,0.0,0,0,0.0,0,10,22,4,5,0,2
2026-05-22 11:00:00,108,43.9,132.2,83.0,5.9,273.0,5.9,0.0,0,0,0.0,0,11,22,4,5,0,2
2026-05-22 12:00:00,109,52.6,163.0,74.0,7.5,279.0,5.8,0.0,0,0,0.0,0,12,22,4,5,0,2
2026-05-22 13:00:00,110,51.2,156.9,67.0,8.6,265.0,5.6,0.0,0,0,0.0,0,13,22,4,5,0,2
2026-05-22 14:00:00,111,49.6,148.1,57.0,10.1,239.0,5.4,0.0,0,0,0.0,0,14,22,4,5,0,2
2026-05-22 15:00:00,112,49.1,147.6,50.0,11.0,217.0,5.2,0.0,0,0,0.0,0,15,22,4,5,0,2
2026-05-22 16:00:00,113,49.1,151.3,48.0,10.9,204.0,5.1,0.0,0,0,0.0,0,16,22,4,5,0,2
2026-05-22 17:00:00,114,48.5,142.5,50.0,10.2,195.0,5.1,0.0,0,0,0.0,0,17,22,4,5,0,3
2026-05-22 18:00:00,115,48.9,139.2,51.0,9.4,185.0,5.0,0.0,0,0,0.0,0,18,22,4,5,0,3
2026-05-22 19:00:00,116,49.0,137.4,52.0,8.5,170.0,4.9,0.0,0,0,0.0,0,19,22,4,5,0,3
2026-05-22 20:00:00,117,49.1,135.0,53.0,7.6,154.0,4.7,0.0,0,0,0.0,0,20,22,4,5,0,3
2026-05-22 21:00:00,119,48.4,133.6,54.0,6.8,143.0,4.6,0.0,0,0,0.0,0,21,22,4,5,0,0
2026-05-22 22:00:00,120,46.9,127.6,55.0,6.3,136.0,4.7,0.0,0,0,0.0,0,22,22,4,5,0,0
2026-05-22 23:00:00,122,44.0,121.1,57.0,6.1,134.0,4.8,0.0,0,0,0.0,0,23,22,4,5,0,0
2026-05-23 00:00:00,123,38.0,99.0,61.0,6.2,149.0,5.0,0.0,0,0,0.0,0,0,23,5,5,1,0
2026-05-23 01:00:00,124,36.2,90.3,64.0,7.2,199.0,5.4,0.0,0,0,0.0,0,1,23,5,5,1,0
2026-05-23 02:00:00,124,38.2,105.9,68.0,8.6,265.0,5.9,0.0,0,0,0.0,0,2,23,5,5,1,0
2026-05-23 03:00:00,125,40.2,110.8,75.0,9.1,305.0,6.3,0.0,0,0,0.0,0,3,23,5,5,1,0
2026-05-23 04:00:00,125,40.4,109.4,89.0,7.9,293.0,6.5,0.0,0,0,0.0,0,4,23,5,5,1,0
2026-05-23 05:00:00,125,40.7,108.3,106.0,5.9,255.0,6.6,0.0,0,0,0.0,0,5,23,5,5,1,0
2026-05-23 06:00:00,125,40.5,106.6,118.0,4.3,226.0,6.5,0.0,0,0,0.0,0,6,23,5,5,1,1
2026-05-23 07:00:00,124,40.0,102.9,122.0,3.6,221.0,6.2,0.0,0,0,0.0,0,7,23,5,5,1,1
2026-05-23 08:00:00,124,39.6,100.1,120.0,3.5,225.0,5.8,0.0,0,0,0.0,0,8,23,5,5,1,1
2026-05-23 09:00:00,123,39.1,99.0,115.0,3.7,231.0,5.5,0.0,0,0,0.0,0,9,23,5,5,1,1
2026-05-23 10:00:00,123,38.8,99.4,105.0,4.4,239.0,5.2,0.0,0,0,0.0,0,10,23,5,5,1,2
2026-05-23 11:00:00,122,39.0,100.8,91.0,5.5,248.0,5.0,0.0,0,0,0.0,0,11,23,5,5,1,2
2026-05-23 12:00:00,121,39.0,101.0,84.0,7.1,253.0,5.0,0.0,0,0,0.0,0,12,23,5,5,1,2
2026-05-23 13:00:00,120,39.5,102.2,76.0,8.7,249.0,5.1,0.0,0,0,0.0,0,13,23,5,5,1,2
2026-05-23 14:00:00,119,39.5,101.3,65.0,11.0,240.0,5.2,0.0,0,0,0.0,0,14,23,5,5,1,2
2026-05-23 15:00:00,118,39.5,100.4,57.0,12.8,229.0,5.3,0.0,0,0,0.0,0,15,23,5,5,1,2
2026-05-23 16:00:00,117,38.6,92.2,54.0,13.9,215.0,5.4,0.0,0,0,0.0,0,16,23,5,5,1,2
2026-05-23 17:00:00,116,38.5,89.6,54.0,14.6,199.0,5.6,0.0,0,0,0.0,0,17,23,5,5,1,3
2026-05-23 18:00:00,115,38.2,88.0,55.0,14.1,183.0,5.5,0.0,0,0,0.0,0,18,23,5,5,1,3
2026-05-23 19:00:00,113,37.3,85.7,58.0,11.7,166.0,5.0,0.0,0,0,0.0,0,19,23,5,5,1,3
2026-05-23 20:00:00,112,36.2,85.2,63.0,8.3,149.0,4.2,0.0,0,0,0.0,0,20,23,5,5,1,3
2026-05-23 21:00:00,111,35.2,82.4,67.0,5.6,137.0,3.7,0.0,0,0,0.0,0,21,23,5,5,1,0
2026-05-23 22:00:00,109,34.6,82.0,68.0,4.5,132.0,3.6,0.0,0,0,0.0,0,22,23,5,5,1,0
2026-05-23 23:00:00,108,35.7,85.7,68.0,4.3,133.0,3.7,0.0,0,0,0.0,0,23,23,5,5,1,0
2026-05-24 00:00:00,107,33.4,77.8,72.0,4.2,140.0,3.7,0.0,0,0,0.0,0,0,24,6,5,1,0
2026-05-24 01:00:00,107,33.9,81.0,74.0,4.5,158.0,3.9,0.0,0,0,0.0,0,1,24,6,5,1,0
2026-05-24 02:00:00,107,39.2,104.1,76.0,5.0,182.0,4.3,0.0,0,0,0.0,0,2,24,6,5,1,0
2026-05-24 03:00:00,107,40.6,108.7,79.0,5.0,195.0,4.5,0.0,0,0,0.0,0,3,24,6,5,1,0
2026-05-24 04:00:00,107,40.7,109.0,84.0,4.3,188.0,4.6,0.0,0,0,0.0,0,4,24,6,5,1,0
2026-05-24 05:00:00,107,40.9,109.7,90.0,3.2,171.0,4.6,0.0,0,0,0.0,0,5,24,6,5,1,0
2026-05-24 06:00:00,107,40.4,108.7,94.0,2.4,158.0,4.6,0.0,0,0,0.0,0,6,24,6,5,1,1
2026-05-24 07:00:00,107,40.2,108.5,93.0,2.1,156.0,4.5,0.0,0,0,0.0,0,7,24,6,5,1,1
2026-05-24 08:00:00,107,39.7,108.0,90.0,2.0,159.0,4.3,0.0,0,0,0.0,0,8,24,6,5,1,1
2026-05-24 09:00:00,107,39.1,107.1,86.0,2.2,164.0,4.1,0.0,0,0,0.0,0,9,24,6,5,1,1
2026-05-24 10:00:00,107,37.6,102.4,80.0,2.6,175.0,4.1,0.0,0,0,0.0,0,10,24,6,5,1,2
2026-05-24 11:00:00,107,35.7,96.9,74.0,3.3,188.0,4.1,0.0,0,0,0.0,0,11,24,6,5,1,2
2026-05-24 12:00:00,106,43.9,118.5,68.0,4.3,195.0,4.1,0.0,0,0,0.0,0,12,24,6,5,1,2
2026-05-24 13:00:00,107,41.4,110.1,62.0,5.3,191.0,4.2,0.0,0,0,0.0,0,13,24,6,5,1,2
2026-05-24 14:00:00,107,39.1,99.4,55.0,6.7,181.0,4.3,0.0,0,0,0.0,0,14,24,6,5,1,2
2026-05-24 15:00:00,107,32.8,83.4,49.0,7.7,171.0,4.4,0.0,0,0,0.0,0,15,24,6,5,1,2
2026-05-24 16:00:00,106,28.6,70.1,47.0,7.9,164.0,4.4,0.0,0,0,0.0,0,16,24,6,5,1,2
2026-05-24 17:00:00,105,27.1,65.4,47.0,7.6,158.0,4.3,0.0,0,0,0.0,0,17,24,6,5,1,3
2026-05-24 18:00:00,104,25.5,62.4,48.0,7.1,151.0,4.2,0.0,0,0,0.0,0,18,24,6,5,1,3
2026-05-24 19:00:00,103,24.0,59.1,49.0,6.2,141.0,3.9,0.0,0,0,0.0,0,19,24,6,5,1,3
2026-05-24 20:00:00,101,23.3,58.2,50.0,5.1,131.0,3.6,0.0,0,0,0.0,0,20,24,6,5,1,3
2026-05-24 21:00:00,100,23.3,58.8,51.0,4.3,125.0,3.3,0.0,0,0,0.0,0,21,24,6,5,1,0
2026-05-24 22:00:00,99,23.4,58.3,52.0,3.9,121.0,3.2,0.0,0,0,0.0,0,22,24,6,5,1,0
2026-05-24 23:00:00,98,23.6,57.9,53.0,3.7,122.0,3.3,0.0,0,0,0.0,0,23,24,6,5,1,0
2026-05-25 00:00:00,97,24.9,61.9,54.0,3.8,134.0,3.3,0.0,0,0,0.0,0,0,25,0,5,0,0
2026-05-25 01:00:00,97,24.6,58.9,55.0,4.8,171.0,3.7,0.0,0,0,0.0,0,1,25,0,5,0,0
2026-05-25 02:00:00,96,27.0,69.8,58.0,6.1,220.0,4.2,0.0,0,0,0.0,0,2,25,0,5,0,0
2026-05-25 03:00:00,95,34.6,95.5,62.0,6.8,250.0,4.7,0.0,0,0,0.0,0,3,25,0,5,0,0
2026-05-25 04:00:00,94,34.8,99.0,70.0,6.1,243.0,5.0,0.0,0,0,0.0,0,4,25,0,5,0,0
2026-05-25 05:00:00,94,35.9,103.6,80.0,4.7,216.0,5.2,0.0,0,0,0.0,0,5,25,0,5,0,0
2026-05-25 06:00:00,94,36.4,105.2,87.0,3.6,196.0,5.3,0.0,0,0,0.0,0,6,25,0,5,0,1
2026-05-25 07:00:00,93,36.1,102.0,89.0,3.1,189.0,5.2,0.0,0,0,0.0,0,7,25,0,5,0,1
2026-05-25 08:00:00,93,33.5,90.3,89.0,2.9,189.0,4.9,0.0,0,0,0.0,0,8,25,0,5,0,1
2026-05-25 09:00:00,92,31.5,83.4,86.0,3.2,195.0,4.7,0.0,0,0,0.0,0,9,25,0,5,0,1
2026-05-25 10:00:00,92,30.3,79.9,81.0,4.0,213.0,4.6,0.0,0,0,0.0,0,10,25,0,5,0,2
2026-05-25 11:00:00,91,28.6,74.0,73.0,5.3,238.0,4.6,0.0,0,0,0.0,0,11,25,0,5,0,2
2026-05-25 12:00:00,91,31.0,80.3,69.0,6.9,255.0,4.9,0.0,0,0,0.0,0,12,25,0,5,0,2
2026-05-25 13:00:00,90,27.8,66.6,62.0,9.0,257.0,5.0,0.0,0,0,0.0,0,13,25,0,5,0,2
2026-05-25 14:00:00,89,22.6,50.3,52.0,11.8,250.0,5.2,0.0,0,0,0.0,0,14,25,0,5,0,2
2026-05-25 15:00:00,87,19.7,42.4,44.0,14.3,239.0,5.5,0.0,0,0,0.0,0,15,25,0,5,0,2
2026-05-25 16:00:00,86,19.4,39.9,40.0,16.2,225.0,5.9,0.0,0,0,0.0,0,16,25,0,5,0,2
2026-05-25 17:00:00,86,19.1,38.1,38.0,17.7,207.0,6.4,0.0,0,0,0.0,0,17,25,0,5,0,3
2026-05-25 18:00:00,85,19.4,37.7,38.0,17.8,189.0,6.6,0.0,0,0,0.0,0,18,25,0,5,0,3
2026-05-25 19:00:00,84,19.0,37.5,40.0,15.7,172.0,6.2,0.0,0,0,0.0,0,19,25,0,5,0,3
2026-05-25 20:00:00,84,17.9,36.6,44.0,12.3,155.0,5.4,0.0,0,0,0.0,0,20,25,0,5,0,3
2026-05-25 21:00:00,84,16.7,34.9,47.0,9.4,143.0,4.8,0.0,0,0,0.0,0,21,25,0,5,0,0
2026-05-25 22:00:00,83,16.1,35.3,49.0,7.5,134.0,4.5,0.0,0,0,0.0,0,22,25,0,5,0,0
2026-05-25 23:00:00,83,15.9,36.2,51.0,6.2,131.0,4.4,0.0,0,0,0.0,0,23,25,0,5,0,0
2026-05-26 00:00:00,82,15.4,33.2,52.0,6.0,144.0,4.3,0.0,0,0,0.0,0,0,26,1,5,0,0
2026-05-26 01:00:00,81,15.8,34.1,53.0,7.0,192.0,4.7,0.0,0,0,0.0,0,1,26,1,5,0,0
2026-05-26 02:00:00,81,18.2,41.8,54.0,8.3,256.0,5.3,0.0,0,0,0.0,0,2,26,1,5,0,0
2026-05-26 03:00:00,80,23.5,57.9,60.0,8.8,296.0,5.8,0.0,0,0,0.0,0,3,26,1,5,0,0
2026-05-26 04:00:00,79,25.8,62.9,73.0,7.7,287.0,6.0,0.0,0,0,0.0,0,4,26,1,5,0,0
2026-05-26 05:00:00,78,28.7,71.7,90.0,5.8,252.0,6.1,0.0,0,0,0.0,0,5,26,1,5,0,0
2026-05-26 06:00:00,78,30.5,77.1,103.0,4.4,226.0,6.1,0.0,0,0,0.0,0,6,26,1,5,0,1
2026-05-26 07:00:00,77,31.3,80.6,108.0,3.8,218.0,6.0,0.0,0,0,0.0,0,7,26,1,5,0,1
2026-05-26 08:00:00,77,30.7,77.8,108.0,3.7,218.0,5.7,0.0,0,0,0.0,0,8,26,1,5,0,1
2026-05-26 09:00:00,77,29.3,73.3,105.0,4.0,226.0,5.5,0.0,0,0,0.0,0,9,26,1,5,0,1
2026-05-26 10:00:00,76,27.2,65.9,98.0,4.7,248.0,5.3,0.0,0,0,0.0,0,10,26,1,5,0,2
2026-05-26 11:00:00,76,24.4,55.9,87.0,5.9,279.0,5.2,0.0,0,0,0.0,0,11,26,1,5,0,2
2026-05-26 12:00:00,76,21.5,47.1,80.0,8.0,299.0,5.5,0.0,0,0,0.0,0,12,26,1,5,0,2
2026-05-26 13:00:00,75,18.8,38.2,70.0,10.8,299.0,5.8,0.0,0,0,0.0,0,13,26,1,5,0,2
2026-05-26 14:00:00,74,17.2,30.3,56.0,14.7,288.0,6.2,0.0,0,0,0.0,0,14,26,1,5,0,2
2026-05-26 15:00:00,74,14.8,24.1,45.0,17.5,277.0,6.5,0.0,0,0,0.0,0,15,26,1,5,0,2
2026-05-26 16:00:00,74,15.0,24.2,41.0,18.3,272.0,6.7,0.0,0,0,0.0,0,16,26,1,5,0,2
2026-05-26 17:00:00,73,16.3,27.2,41.0,18.0,267.0,6.7,0.0,0,0,0.0,0,17,26,1,5,0,3
2026-05-26 18:00:00,73,17.3,30.3,41.0,17.2,254.0,6.7,0.0,0,0,0.0,0,18,26,1,5,0,3
2026-05-26 19:00:00,73,17.6,31.7,40.0,15.9,223.0,6.6,0.0,0,0,0.0,0,19,26,1,5,0,3
2026-05-26 20:00:00,73,17.4,32.5,40.0,14.1,184.0,6.3,0.0,0,0,0.0,0,20,26,1,5,0,3
2026-05-26 21:00:00,73,16.8,31.5,41.0,12.3,155.0,6.1,0.0,0,0,0.0,0,21,26,1,5,0,0
2026-05-26 22:00:00,73,16.1,30.7,42.0,10.5,140.0,5.8,0.0,0,0,0.0,0,22,26,1,5,0,0
2026-05-26 23:00:00,73,15.8,32.2,45.0,8.8,135.0,5.5,0.0,0,0,0.0,0,23,26,1,5,0,0
2026-05-27 00:00:00,73,15.4,32.0,48.0,7.4,148.0,5.4,0.0,0,0,0.0,0,0,27,2,5,0,0
2026-05-27 01:00:00,73,15.7,33.1,49.0,8.2,194.0,5.6,0.0,0,0,0.0,0,1,27,2,5,0,0
2026-05-27 02:00:00,73,17.6,38.8,51.0,9.2,258.0,6.0,0.0,0,0,0.0,0,2,27,2,5,0,0
2026-05-27 03:00:00,73,20.5,48.3,56.0,9.5,296.0,6.2,0.0,0,0,0.0,0,3,27,2,5,0,0
2026-05-27 04:00:00,72,22.6,51.6,68.0,8.2,283.0,6.2,0.0,0,0,0.0,0,4,27,2,5,0,0
2026-05-27 05:00:00,72,23.9,53.1,84.0,6.1,244.0,6.1,0.0,0,0,0.0,0,5,27,2,5,0,0
2026-05-27 06:00:00,72,24.6,52.5,96.0,4.5,214.0,5.9,0.0,0,0,0.0,0,6,27,2,5,0,1
2026-05-27 07:00:00,71,24.7,50.6,102.0,3.8,206.0,5.7,0.0,0,0,0.0,0,7,27,2,5,0,1
2026-05-27 08:00:00,71,24.6,48.8,103.0,3.7,208.0,5.5,0.0,0,0,0.0,0,8,27,2,5,0,1
2026-05-27 09:00:00,70,24.5,48.1,101.0,4.0,217.0,5.3,0.0,0,0,0.0,0,9,27,2,5,0,1
2026-05-27 10:00:00,70,24.0,47.4,93.0,4.7,236.0,5.2,0.0,0,0,0.0,0,10,27,2,5,0,2
2026-05-27 11:00:00,70,23.2,46.9,82.0,6.0,263.0,5.2,0.0,0,0,0.0,0,11,27,2,5,0,2
2026-05-27 12:00:00,70,27.8,59.5,75.0,8.1,284.0,5.3,0.0,0,0,0.0,0,12,27,2,5,0,2
2026-05-27 13:00:00,70,27.1,58.3,65.0,11.4,299.0,5.7,0.0,0,0,0.0,0,13,27,2,5,0,2
2026-05-27 14:00:00,71,26.4,54.6,50.0,15.9,309.0,6.1,0.0,0,0,0.0,0,14,27,2,5,0,2
2026-05-27 15:00:00,72,22.2,43.3,40.0,18.8,306.0,6.4,0.0,0,0,0.0,0,15,27,2,5,0,2
2026-05-27 16:00:00,72,20.7,39.2,38.0,18.6,281.0,6.3,0.0,0,0,0.0,0,16,27,2,5,0,2
2026-05-27 17:00:00,73,20.1,37.5,40.0,16.7,243.0,6.1,0.0,0,0,0.0,0,17,27,2,5,0,3
2026-05-27 18:00:00,73,19.8,37.4,43.0,14.5,207.0,5.7,0.0,0,0,0.0,0,18,27,2,5,0,3
2026-05-27 19:00:00,73,19.2,36.3,45.0,12.2,178.0,5.2,0.0,0,0,0.0,0,19,27,2,5,0,3
2026-05-27 20:00:00,73,18.5,35.2,47.0,9.6,152.0,4.7,0.0,0,0,0.0,0,20,27,2,5,0,3
2026-05-27 21:00:00,73,17.8,34.3,48.0,7.5,134.0,4.3,0.0,0,0,0.0,0,21,27,2,5,0,0
2026-05-27 22:00:00,73,17.2,33.6,48.0,6.3,124.0,4.1,0.0,0,0,0.0,0,22,27,2,5,0,0
2026-05-27 23:00:00,73,17.0,32.8,49.0,5.7,123.0,4.1,0.0,0,0,0.0,0,23,27,2,5,0,0
2026-05-28 00:00:00,74,16.9,33.3,51.0,5.4,135.0,4.1,0.0,0,0,0.0,0,0,28,3,5,0,0
2026-05-28 01:00:00,74,16.9,32.4,51.0,6.6,174.0,4.5,0.0,0,0,0.0,0,1,28,3,5,0,0
2026-05-28 02:00:00,74,18.6,35.9,51.0,8.2,227.0,5.2,0.0,0,0,0.0,0,2,28,3,5,0,0
2026-05-28 03:00:00,74,21.6,43.5,54.0,8.9,260.0,5.6,0.0,0,0,0.0,0,3,28,3,5,0,0
2026-05-28 04:00:00,74,23.3,47.0,65.0,7.8,252.0,5.7,0.0,0,0,0.0,0,4,28,3,5,0,0
2026-05-28 05:00:00,74,24.3,48.5,79.0,5.8,223.0,5.7,0.0,0,0,0.0,0,5,28,3,5,0,0
2026-05-28 06:00:00,74,24.8,48.5,89.0,4.3,201.0,5.6,0.0,0,0,0.0,0,6,28,3,5,0,1
2026-05-28 07:00:00,74,24.7,47.5,93.0,3.7,196.0,5.4,0.0,0,0,0.0,0,7,28,3,5,0,1
2026-05-28 08:00:00,74,24.5,46.9,94.0,3.4,199.0,5.0,0.0,0,0,0.0,0,8,28,3,5,0,1
2026-05-28 09:00:00,74,24.7,47.8,91.0,3.7,208.0,4.8,0.0,0,0,0.0,0,9,28,3,5,0,1
2026-05-28 10:00:00,74,24.0,46.3,85.0,4.4,227.0,4.7,0.0,0,0,0.0,0,10,28,3,5,0,2
2026-05-28 11:00:00,74,23.3,46.4,75.0,5.6,252.0,4.7,0.0,0,0,0.0,0,11,28,3,5,0,2
2026-05-28 12:00:00,74,35.3,75.7,67.0,7.2,268.0,4.7,0.0,0,0,0.0,0,12,28,3,5,0,2
2026-05-28 13:00:00,75,33.2,68.2,60.0,9.6,266.0,4.8,0.0,0,0,0.0,0,13,28,3,5,0,2
2026-05-28 14:00:00,75,27.5,55.5,51.0,12.9,254.0,5.1,0.0,0,0,0.0,0,14,28,3,5,0,2
2026-05-28 15:00:00,75,24.2,46.0,44.0,15.3,241.0,5.3,0.0,0,0,0.0,0,15,28,3,5,0,2
2026-05-28 16:00:00,75,23.2,43.5,41.0,16.2,232.0,5.6,0.0,0,0,0.0,0,16,28,3,5,0,2
2026-05-28 17:00:00,76,23.1,42.8,41.0,16.3,223.0,6.0,0.0,0,0,0.0,0,17,28,3,5,0,3
2026-05-28 18:00:00,76,22.6,41.2,41.0,15.5,209.0,6.1,0.0,0,0,0.0,0,18,28,3,5,0,3
2026-05-28 19:00:00,76,21.4,38.8,43.0,13.4,184.0,5.7,0.0,0,0,0.0,0,19,28,3,5,0,3
2026-05-28 20:00:00,76,19.8,36.4,45.0,10.4,155.0,5.0,0.0,0,0,0.0,0,20,28,3,5,0,3
2026-05-28 21:00:00,76,18.1,33.4,48.0,7.9,134.0,4.5,0.0,0,0,0.0,0,21,28,3,5,0,0
2026-05-28 22:00:00,76,16.9,31.5,50.0,6.4,124.0,4.2,0.0,0,0,0.0,0,22,28,3,5,0,0
2026-05-28 23:00:00,76,16.2,30.7,51.0,5.3,124.0,4.1,0.0,0,0,0.0,0,23,28,3,5,0,0
2026-05-29 00:00:00,76,16.2,30.9,53.0,5.0,137.0,3.9,0.0,0,0,0.0,0,0,29,4,5,0,0
2026-05-29 01:00:00,76,16.2,31.0,53.0,6.1,178.0,4.3,0.0,0,0,0.0,0,1,29,4,5,0,0
2026-05-29 02:00:00,76,17.8,34.8,53.0,7.5,234.0,4.8,0.0,0,0,0.0,0,2,29,4,5,0,0
2026-05-29 03:00:00,76,21.5,43.7,57.0,8.1,268.0,5.2,0.0,0,0,0.0,0,3,29,4,5,0,0
2026-05-29 04:00:00,76,24.4,49.4,69.0,7.3,260.0,5.5,0.0,0,0,0.0,0,4,29,4,5,0,0
2026-05-29 05:00:00,76,26.7,53.7,84.0,5.6,232.0,5.7,0.0,0,0,0.0,0,5,29,4,5,0,0
2026-05-29 06:00:00,76,28.2,57.7,95.0,4.4,211.0,5.7,0.0,0,0,0.0,0,6,29,4,5,0,1
2026-05-29 07:00:00,77,28.9,60.5,99.0,3.8,208.0,5.5,0.0,0,0,0.0,0,7,29,4,5,0,1
2026-05-29 08:00:00,77,29.2,62.6,98.0,3.6,212.0,5.2,0.0,0,0,0.0,0,8,29,4,5,0,1
2026-05-29 09:00:00,77,28.7,62.9,95.0,3.9,221.0,4.9,0.0,0,0,0.0,0,9,29,4,5,0,1
2026-05-29 10:00:00,78,27.9,62.9,88.0,4.7,238.0,4.8,0.0,0,0,0.0,0,10,29,4,5,0,2
2026-05-29 11:00:00,78,26.4,58.4,78.0,6.0,260.0,4.7,0.0,0,0,0.0,0,11,29,4,5,0,2
2026-05-29 12:00:00,78,33.3,78.2,75.0,8.0,277.0,4.6,0.0,0,0,0.0,0,12,29,4,5,0,2
2026-05-29 13:00:00,78,28.9,62.2,66.0,10.5,287.0,4.9,0.0,0,0,0.0,0,13,29,4,5,0,2
2026-05-29 14:00:00,78,23.3,44.0,54.0,13.9,293.0,5.2,0.0,0,0,0.0,0,14,29,4,5,0,2
2026-05-29 15:00:00,77,19.6,34.1,45.0,16.0,290.0,5.4,0.0,0,0,0.0,0,15,29,4,5,0,2
2026-05-29 16:00:00,77,18.4,31.1,43.0,15.6,277.0,5.3,0.0,0,0,0.0,0,16,29,4,5,0,2
2026-05-29 17:00:00,77,18.1,30.4,45.0,13.8,257.0,5.0,0.0,0,0,0.0,0,17,29,4,5,0,3
2026-05-29 18:00:00,76,17.7,30.2,47.0,11.8,232.0,4.7,0.0,0,0,0.0,0,18,29,4,5,0,3
2026-05-29 19:00:00,76,17.3,30.0,50.0,9.8,200.0,4.3,0.0,0,0,0.0,0,19,29,4,5,0,3
2026-05-29 20:00:00,75,16.7,30.2,53.0,7.7,163.0,3.9,0.0,0,0,0.0,0,20,29,4,5,0,3
2026-05-29 21:00:00,75,16.4,31.1,55.0,6.0,138.0,3.6,0.0,0,0,0.0,0,21,29,4,5,0,0
2026-05-29 22:00:00,75,16.2,31.3,56.0,5.0,126.0,3.5,0.0,0,0,0.0,0,22,29,4,5,0,0
2026-05-29 23:00:00,75,16.0,31.0,55.0,4.5,125.0,3.5,0.0,0,0,0.0,0,23,29,4,5,0,0
2026-05-30 00:00:00,75,16.3,32.5,58.0,4.8,142.0,3.7,0.0,0,0,0.0,0,0,30,5,5,1,0
2026-05-30 01:00:00,75,16.5,31.9,58.0,6.7,193.0,4.2,0.0,0,0,0.0,0,1,30,5,5,1,0
2026-05-30 02:00:00,75,17.6,33.2,58.0,9.2,262.0,5.0,0.0,0,0,0.0,0,2,30,5,5,1,0
2026-05-30 03:00:00,75,22.9,45.4,62.0,10.4,302.0,5.5,0.0,0,0,0.0,0,3,30,5,5,1,0
2026-05-30 04:00:00,75,26.0,54.0,75.0,9.2,287.0,5.7,0.0,0,0,0.0,0,4,30,5,5,1,0
2026-05-30 05:00:00,75,28.2,62.4,92.0,6.7,243.0,5.6,0.0,0,0,0.0,0,5,30,5,5,1,0
2026-05-30 06:00:00,75,29.4,69.4,104.0,4.8,210.0,5.5,0.0,0,0,0.0,0,6,30,5,5,1,1
2026-05-30 07:00:00,75,29.2,72.4,107.0,4.0,201.0,5.3,0.0,0,0,0.0,0,7,30,5,5,1,1
2026-05-30 08:00:00,75,28.8,75.4,104.0,3.8,203.0,4.9,0.0,0,0,0.0,0,8,30,5,5,1,1
2026-05-30 09:00:00,75,27.2,70.8,99.0,4.0,212.0,4.7,0.0,0,0,0.0,0,9,30,5,5,1,1
2026-05-30 10:00:00,75,25.1,59.8,91.0,4.8,234.0,4.6,0.0,0,0,0.0,0,10,30,5,5,1,2
2026-05-30 11:00:00,75,24.0,54.4,81.0,6.0,263.0,4.6,0.0,0,0,0.0,0,11,30,5,5,1,2
2026-05-30 12:00:00,75,23.4,54.1,76.0,7.9,283.0,4.6,0.0,0,0,0.0,0,12,30,5,5,1,2
2026-05-30 13:00:00,74,21.8,41.0,67.0,10.3,286.0,4.9,0.0,0,0,0.0,0,13,30,5,5,1,2
2026-05-30 14:00:00,74,21.1,34.2,54.0,13.6,280.0,5.3,0.0,0,0,0.0,0,14,30,5,5,1,2
2026-05-30 15:00:00,73,17.8,27.5,45.0,15.7,269.0,5.6,0.0,0,0,0.0,0,15,30,5,5,1,2
2026-05-30 16:00:00,73,16.5,25.8,42.0,15.8,252.0,5.7,0.0,0,0,0.0,0,16,30,5,5,1,2
2026-05-30 17:00:00,73,16.6,26.9,43.0,14.7,230.0,5.7,0.0,0,0,0.0,0,17,30,5,5,1,3
2026-05-30 18:00:00,73,16.8,27.7,44.0,13.2,207.0,5.5,0.0,0,0,0.0,0,18,30,5,5,1,3
2026-05-30 19:00:00,73,16.5,28.1,46.0,11.0,181.0,5.0,0.0,0,0,0.0,0,19,30,5,5,1,3
2026-05-30 20:00:00,73,16.3,28.3,48.0,8.3,154.0,4.4,0.0,0,0,0.0,0,20,30,5,5,1,3
2026-05-30 21:00:00,73,16.6,29.5,50.0,6.3,136.0,4.0,0.0,0,0,0.0,0,21,30,5,5,1,0
2026-05-30 22:00:00,73,17.3,31.1,50.0,5.5,129.0,3.9,0.0,0,0,0.0,0,22,30,5,5,1,0
2026-05-30 23:00:00,73,18.0,32.8,48.0,5.4,131.0,3.9,0.0,0,0,0.0,0,23,30,5,5,1,0
2026-05-31 00:00:00,73,18.3,33.3,49.0,5.9,141.0,4.4,0.0,0,0,0.0,0,0,31,6,5,1,0
2026-05-31 01:00:00,73,19.0,34.8,50.0,6.1,168.0,4.6,0.0,0,0,0.0,0,1,31,6,5,1,0
2026-05-31 02:00:00,73,20.4,38.6,52.0,6.3,203.0,4.9,0.0,0,0,0.0,0,2,31,6,5,1,0
2026-05-31 03:00:00,74,22.6,44.6,55.0,6.1,223.0,5.1,0.0,0,0,0.0,0,3,31,6,5,1,0
2026-05-31 04:00:00,74,23.3,47.3,61.0,5.3,211.0,5.1,0.0,0,0,0.0,0,4,31,6,5,1,0
2026-05-31 05:00:00,73,23.3,46.7,67.0,4.1,183.0,5.0,0.0,0,0,0.0,0,5,31,6,5,1,0
2026-05-31 06:00:00,73,22.5,44.8,73.0,3.2,162.0,4.9,0.0,0,0,0.0,0,6,31,6,5,1,1
2026-05-31 07:00:00,73,21.7,42.8,77.0,2.6,157.0,4.7,0.0,0,0,0.0,0,7,31,6,5,1,1
2026-05-31 08:00:00,72,20.4,40.5,79.0,2.3,160.0,4.5,0.0,0,0,0.0,0,8,31,6,5,1,1
2026-05-31 09:00:00,71,20.5,40.4,79.0,2.2,165.0,4.4,0.0,0,0,0.0,0,9,31,6,5,1,1
2026-05-31 10:00:00,71,19.2,38.1,76.0,2.5,173.0,4.4,0.0,0,0,0.0,0,10,31,6,5,1,2
2026-05-31 11:00:00,70,19.0,37.5,70.0,3.1,184.0,4.4,0.0,0,0,0.0,0,11,31,6,5,1,2
2026-05-31 12:00:00,70,23.4,49.9,65.0,4.1,190.0,4.6,0.0,0,0,0.0,0,12,31,6,5,1,2
2026-05-31 13:00:00,70,22.4,47.4,60.0,5.7,187.0,4.8,0.0,0,0,0.0,0,13,31,6,5,1,2
2026-05-31 14:00:00,70,21.0,42.8,52.0,7.9,179.0,5.1,0.0,0,0,0.0,0,14,31,6,5,1,2
2026-05-31 15:00:00,70,21.4,41.1,47.0,9.5,172.0,5.4,0.0,0,0,0.0,0,15,31,6,5,1,2
2026-05-31 16:00:00,70,21.4,39.5,46.0,10.1,168.0,5.6,0.0,0,0,0.0,0,16,31,6,5,1,2
2026-05-31 17:00:00,71,19.1,35.0,46.0,10.1,165.0,5.8,0.0,0,0,0.0,0,17,31,6,5,1,3
2026-05-31 18:00:00,71,18.2,33.6,47.0,9.9,159.0,5.8,0.0,0,0,0.0,0,18,31,6,5,1,3
2026-05-31 19:00:00,71,18.1,33.6,47.0,9.4,147.0,5.6,0.0,0,0,0.0,0,19,31,6,5,1,3
2026-05-31 20:00:00,71,21.1,41.4,48.0,8.6,133.0,5.2,0.0,0,0,0.0,0,20,31,6,5,1,3
2026-05-31 21:00:00,71,20.1,39.1,48.0,8.0,124.0,5.0,0.0,0,0,0.0,0,21,31,6,5,1,0
2026-05-31 22:00:00,72,20.1,39.8,47.0,7.8,117.0,5.0,0.0,0,0,0.0,0,22,31,6,5,1,0
2026-05-31 23:00:00,72,19.4,38.5,46.0,7.8,115.0,5.1,0.0,0,0,0.0,0,23,31,6,5,1,0
2026-06-01 00:00:00,72,18.9,40.9,55.0,5.9,130.0,5.0,0.0,0,0,0.0,0,0,1,0,6,0,0
2026-06-01 01:00:00,72,19.4,40.4,56.0,7.0,183.0,5.6,0.0,0,0,0.0,0,1,1,0,6,0,0
2026-06-01 02:00:00,72,23.3,55.5,59.0,8.5,253.0,6.5,0.0,0,0,0.0,0,2,1,0,6,0,0
2026-06-01 03:00:00,72,24.3,59.4,64.0,9.1,296.0,7.1,0.0,0,0,0.0,0,3,1,0,6,0,0
2026-06-01 04:00:00,72,25.6,63.6,76.0,7.9,283.0,7.2,0.0,0,0,0.0,0,4,1,0,6,0,0
2026-06-01 05:00:00,73,27.2,66.4,91.0,5.8,242.0,7.0,0.0,0,0,0.0,0,5,1,0,6,0,0
2026-06-01 06:00:00,73,28.1,67.5,101.0,4.1,210.0,6.8,0.0,0,0,0.0,0,6,1,0,6,0,1
2026-06-01 07:00:00,73,27.9,65.2,104.0,3.4,201.0,6.5,0.0,0,0,0.0,0,7,1,0,6,0,1
2026-06-01 08:00:00,74,27.1,62.4,102.0,3.1,202.0,6.0,0.0,0,0,0.0,0,8,1,0,6,0,1
2026-06-01 09:00:00,74,25.9,57.6,97.0,3.2,207.0,5.7,0.0,0,0,0.0,0,9,1,0,6,0,1
2026-06-01 10:00:00,75,24.7,53.0,89.0,3.8,219.0,5.5,0.0,0,0,0.0,0,10,1,0,6,0,2
2026-06-01 11:00:00,75,23.2,47.4,78.0,4.8,236.0,5.4,0.0,0,0,0.0,0,11,1,0,6,0,2
2026-06-01 12:00:00,76,34.7,79.2,75.0,6.3,245.0,5.8,0.0,0,0,0.0,0,12,1,0,6,0,2
2026-06-01 13:00:00,76,33.3,76.1,66.0,8.1,238.0,5.9,0.0,0,0,0.0,0,13,1,0,6,0,2
2026-06-01 14:00:00,77,32.0,73.6,54.0,10.6,224.0,6.0,0.0,0,0,0.0,0,14,1,0,6,0,2
2026-06-01 15:00:00,78,31.1,69.8,44.0,12.7,212.0,6.1,0.0,0,0,0.0,0,15,1,0,6,0,2
2026-06-01 16:00:00,79,29.9,63.8,40.0,14.0,209.0,6.3,0.0,0,0,0.0,0,16,1,0,6,0,2
2026-06-01 17:00:00,80,28.9,59.3,39.0,15.0,208.0,6.4,0.0,0,0,0.0,0,17,1,0,6,0,3
2026-06-01 18:00:00,80,25.4,52.5,38.0,15.7,202.0,6.6,0.0,0,0,0.0,0,18,1,0,6,0,3
2026-06-01 19:00:00,81,25.1,51.9,36.0,16.2,183.0,6.7,0.0,0,0,0.0,0,19,1,0,6,0,3
2026-06-01 20:00:00,82,25.2,49.6,33.0,16.5,158.0,6.8,0.0,0,0,0.0,0,20,1,0,6,0,3
2026-06-01 21:00:00,82,24.8,46.7,32.0,16.2,143.0,6.9,0.0,0,0,0.0,0,21,1,0,6,0,0
2026-06-01 22:00:00,82,24.6,47.0,33.0,15.1,142.0,6.9,0.0,0,0,0.0,0,22,1,0,6,0,0
2026-06-01 23:00:00,83,24.0,46.6,35.0,13.5,150.0,6.8,0.0,0,0,0.0,0,23,1,0,6,0,0
2026-06-02 00:00:00,83,24.2,42.0,27.0,21.1,171.0,9.6,0.0,0,0,0.0,0,0,2,1,6,0,0
2026-06-02 01:00:00,83,25.6,49.5,34.0,17.9,218.0,9.4,0.0,0,0,0.0,0,1,2,1,6,0,0
2026-06-02 02:00:00,84,26.2,57.5,44.0,13.5,277.0,9.1,0.0,0,0,0.0,0,2,2,1,6,0,0
2026-06-02 03:00:00,84,27.5,62.6,55.0,9.7,311.0,8.8,0.0,0,0,0.0,0,3,2,1,6,0,0
2026-06-02 04:00:00,84,28.1,65.2,67.0,7.3,293.0,8.3,0.0,0,0,0.0,0,4,2,1,6,0,0
2026-06-02 05:00:00,84,28.9,69.2,80.0,5.7,249.0,7.7,0.0,0,0,0.0,0,5,2,1,6,0,0
2026-06-02 06:00:00,85,29.6,72.6,93.0,4.5,221.0,7.3,0.0,0,0,0.0,0,6,2,1,6,0,1
2026-06-02 07:00:00,85,31.0,75.9,106.0,3.8,225.0,7.4,0.0,0,0,0.0,0,7,2,1,6,0,1
2026-06-02 08:00:00,85,31.7,74.5,119.0,3.6,244.0,7.7,0.0,0,0,0.0,0,8,2,1,6,0,1
2026-06-02 09:00:00,85,32.2,74.0,125.0,4.0,267.0,8.1,0.0,0,0,0.0,0,9,2,1,6,0,1
2026-06-02 10:00:00,86,32.5,73.1,123.0,4.9,297.0,8.4,0.0,0,0,0.0,0,10,2,1,6,0,2
2026-06-02 11:00:00,86,32.1,71.9,115.0,6.3,332.0,8.7,0.0,0,0,0.0,0,11,2,1,6,0,2
2026-06-02 12:00:00,87,45.2,110.1,107.0,8.3,349.0,10.1,0.0,0,0,0.0,0,12,2,1,6,0,2
2026-06-02 13:00:00,88,42.4,102.7,90.0,11.1,336.0,9.6,0.0,0,0,0.0,0,13,2,1,6,0,2
2026-06-02 14:00:00,89,40.0,95.9,66.0,15.0,306.0,8.9,0.0,0,0,0.0,0,14,2,1,6,0,2
2026-06-02 15:00:00,89,38.4,91.5,49.0,17.7,279.0,8.3,0.0,0,0,0.0,0,15,2,1,6,0,2
2026-06-02 16:00:00,90,35.0,84.3,44.0,18.0,263.0,7.8,0.0,0,0,0.0,0,16,2,1,6,0,2
2026-06-02 17:00:00,90,31.2,72.2,44.0,17.1,249.0,7.5,0.0,0,0,0.0,0,17,2,1,6,0,3
2026-06-02 18:00:00,90,29.3,68.0,45.0,16.3,231.0,7.2,0.0,0,0,0.0,0,18,2,1,6,0,3
2026-06-02 19:00:00,91,28.3,65.9,43.0,16.0,200.0,7.1,0.0,0,0,0.0,0,19,2,1,6,0,3
2026-06-02 20:00:00,91,26.8,60.1,41.0,15.9,165.0,7.2,0.0,0,0,0.0,0,20,2,1,6,0,3
2026-06-02 21:00:00,91,25.5,57.7,39.0,15.7,147.0,7.3,0.0,0,0,0.0,0,21,2,1,6,0,0
2026-06-02 22:00:00,91,24.0,55.3,36.0,15.6,156.0,7.3,0.0,0,0,0.0,0,22,2,1,6,0,0
2026-06-02 23:00:00,91,22.9,51.9,32.0,15.6,183.0,7.3,0.0,0,0,0.0,0,23,2,1,6,0,0
2026-06-03 00:00:00,91,32.8,75.0,34.0,19.2,219.0,9.7,0.0,0,0,0.0,0,0,3,2,6,0,0
2026-06-03 01:00:00,92,34.3,78.7,39.0,18.1,276.0,10.8,0.0,0,0,0.0,0,1,3,2,6,0,0
2026-06-03 02:00:00,92,34.8,86.4,46.0,16.5,344.0,12.2,0.0,0,0,0.0,0,2,3,2,6,0,0
2026-06-03 03:00:00,93,33.9,91.0,56.0,14.4,380.0,12.9,0.0,0,0,0.0,0,3,3,2,6,0,0
2026-06-03 04:00:00,94,32.7,88.7,71.0,11.4,359.0,12.4,0.0,0,0,0.0,0,4,3,2,6,0,0
2026-06-03 05:00:00,94,31.8,85.0,87.0,8.0,307.0,11.1,0.0,0,0,0.0,0,5,3,2,6,0,0
2026-06-03 06:00:00,94,31.0,80.6,99.0,5.3,263.0,9.8,0.0,0,0,0.0,0,6,3,2,6,0,1
2026-06-03 07:00:00,94,29.5,75.7,102.0,3.9,241.0,8.5,0.0,0,0,0.0,0,7,3,2,6,0,1
2026-06-03 08:00:00,94,28.0,71.9,99.0,3.3,227.0,7.1,0.0,0,0,0.0,0,8,3,2,6,0,1
2026-06-03 09:00:00,94,25.9,65.2,94.0,3.3,222.0,6.1,0.0,0,0,0.0,0,9,3,2,6,0,1
2026-06-03 10:00:00,93,25.0,61.7,87.0,3.9,233.0,5.8,0.0,0,0,0.0,0,10,3,2,6,0,2
2026-06-03 11:00:00,93,24.9,61.0,78.0,5.1,253.0,5.9,0.0,0,0,0.0,0,11,3,2,6,0,2
2026-06-03 12:00:00,92,30.6,77.3,75.0,7.1,266.0,6.6,0.0,0,0,0.0,0,12,3,2,6,0,2
2026-06-03 13:00:00,91,30.3,75.0,66.0,9.6,266.0,6.8,0.0,0,0,0.0,0,13,3,2,6,0,2
2026-06-03 14:00:00,90,30.0,71.7,54.0,12.9,260.0,7.2,0.0,0,0,0.0,0,14,3,2,6,0,2
2026-06-03 15:00:00,89,30.4,72.4,46.0,15.1,249.0,7.3,0.0,0,0,0.0,0,15,3,2,6,0,2
2026-06-03 16:00:00,89,30.0,71.2,45.0,15.1,232.0,7.0,0.0,0,0,0.0,0,16,3,2,6,0,2
2026-06-03 17:00:00,88,30.2,69.4,47.0,13.9,209.0,6.6,0.0,0,0,0.0,0,17,3,2,6,0,3
2026-06-03 18:00:00,88,31.7,75.7,49.0,12.6,190.0,6.2,0.0,0,0,0.0,0,18,3,2,6,0,3
2026-06-03 19:00:00,88,33.3,83.8,51.0,11.4,175.0,6.0,0.0,0,0,0.0,0,19,3,2,6,0,3
2026-06-03 20:00:00,89,35.5,89.6,53.0,10.0,163.0,5.9,0.0,0,0,0.0,0,20,3,2,6,0,3
2026-06-03 21:00:00,90,35.0,89.4,55.0,8.9,155.0,5.9,0.0,0,0,0.0,0,21,3,2,6,0,0
2026-06-03 22:00:00,90,32.9,84.1,56.0,8.3,146.0,5.9,0.0,0,0,0.0,0,22,3,2,6,0,0
2026-06-03 23:00:00,91,30.9,78.0,56.0,7.9,141.0,5.9,0.0,0,0,0.0,0,23,3,2,6,0,0
2026-06-04 00:00:00,92,31.2,77.5,57.0,8.5,151.0,6.2,0.0,0,0,0.0,0,0,4,3,6,0,0
2026-06-04 01:00:00,91,30.9,76.8,60.0,8.6,193.0,6.2,0.0,0,0,0.0,0,1,4,3,6,0,0
2026-06-04 02:00:00,91,33.6,91.7,65.0,8.7,249.0,6.3,0.0,0,0,0.0,0,2,4,3,6,0,0
2026-06-04 03:00:00,91,33.6,90.1,71.0,8.4,283.0,6.3,0.0,0,0,0.0,0,3,4,3,6,0,0
2026-06-04 04:00:00,91,32.9,87.8,78.0,7.2,270.0,6.2,0.0,0,0,0.0,0,4,4,3,6,0,0
2026-06-04 05:00:00,91,32.7,88.2,85.0,5.7,233.0,6.0,0.0,0,0,0.0,0,5,4,3,6,0,0
2026-06-04 06:00:00,91,31.7,85.4,91.0,4.4,206.0,5.8,0.0,0,0,0.0,0,6,4,3,6,0,1
2026-06-04 07:00:00,91,30.7,83.4,94.0,3.7,202.0,5.6,0.0,0,0,0.0,0,7,4,3,6,0,1
2026-06-04 08:00:00,91,29.9,81.3,96.0,3.2,207.0,5.4,0.0,0,0,0.0,0,8,4,3,6,0,1
2026-06-04 09:00:00,91,29.3,78.2,95.0,3.3,216.0,5.2,0.0,0,0,0.0,0,9,4,3,6,0,1
2026-06-04 10:00:00,92,27.8,71.9,90.0,4.0,231.0,5.2,0.0,0,0,0.0,0,10,4,3,6,0,2
2026-06-04 11:00:00,92,27.1,69.4,82.0,5.2,251.0,5.2,0.0,0,0,0.0,0,11,4,3,6,0,2
2026-06-04 12:00:00,92,43.0,114.8,77.0,7.3,261.0,5.6,0.0,0,0,0.0,0,12,4,3,6,0,2
2026-06-04 13:00:00,93,40.5,102.7,69.0,9.1,254.0,5.6,0.0,0,0,0.0,0,13,4,3,6,0,2
2026-06-04 14:00:00,94,38.4,91.7,58.0,11.7,237.0,5.7,0.0,0,0,0.0,0,14,4,3,6,0,2
2026-06-04 15:00:00,95,32.9,78.9,50.0,13.7,223.0,5.8,0.0,0,0,0.0,0,15,4,3,6,0,2
2026-06-04 16:00:00,95,30.9,70.8,46.0,15.0,218.0,6.1,0.0,0,0,0.0,0,16,4,3,6,0,2
2026-06-04 17:00:00,95,30.6,69.6,44.0,15.8,215.0,6.5,0.0,0,0,0.0,0,17,4,3,6,0,3
2026-06-04 18:00:00,95,30.7,68.7,44.0,15.7,208.0,6.6,0.0,0,0,0.0,0,18,4,3,6,0,3
2026-06-04 19:00:00,95,29.7,66.1,45.0,14.1,189.0,6.3,0.0,0,0,0.0,0,19,4,3,6,0,3
2026-06-04 20:00:00,95,28.7,63.8,48.0,11.6,165.0,5.7,0.0,0,0,0.0,0,20,4,3,6,0,3
2026-06-04 21:00:00,94,27.0,60.1,51.0,9.5,149.0,5.3,0.0,0,0,0.0,0,21,4,3,6,0,0
2026-06-04 22:00:00,93,26.1,59.6,53.0,8.2,143.0,5.2,0.0,0,0,0.0,0,22,4,3,6,0,0
2026-06-04 23:00:00,93,25.7,60.1,54.0,7.2,144.0,5.3,0.0,0,0,0.0,0,23,4,3,6,0,0
2026-06-05 00:00:00,92,27.1,63.8,57.0,6.8,159.0,5.3,0.0,0,0,0.0,0,0,5,4,6,0,0
2026-06-05 01:00:00,92,28.9,72.9,59.0,7.5,201.0,5.6,0.0,0,0,0.0,0,1,5,4,6,0,0
2026-06-05 02:00:00,92,31.4,90.6,62.0,8.5,257.0,6.0,0.0,0,0,0.0,0,2,5,4,6,0,0
2026-06-05 03:00:00,92,35.7,114.1,68.0,8.7,290.0,6.3,0.0,0,0,0.0,0,3,5,4,6,0,0
2026-06-05 04:00:00,92,38.5,128.1,80.0,7.5,278.0,6.6,0.0,0,0,0.0,0,4,5,4,6,0,0
2026-06-05 05:00:00,92,39.9,132.7,95.0,5.7,244.0,6.8,0.0,0,0,0.0,0,5,5,4,6,0,0
2026-06-05 06:00:00,93,40.6,134.6,106.0,4.2,219.0,6.9,0.0,0,0,0.0,0,6,5,4,6,0,1
2026-06-05 07:00:00,94,39.3,125.7,111.0,3.5,213.0,6.7,0.0,0,0,0.0,0,7,5,4,6,0,1
2026-06-05 08:00:00,94,37.0,112.0,112.0,3.2,216.0,6.3,0.0,0,0,0.0,0,8,5,4,6,0,1
2026-06-05 09:00:00,95,34.2,100.4,110.0,3.5,225.0,6.0,0.0,0,0,0.0,0,9,5,4,6,0,1
2026-06-05 10:00:00,95,32.5,92.9,104.0,4.3,245.0,5.9,0.0,0,0,0.0,0,10,5,4,6,0,2
2026-06-05 11:00:00,96,31.2,88.0,96.0,5.6,271.0,5.9,0.0,0,0,0.0,0,11,5,4,6,0,2
2026-06-05 12:00:00,96,36.8,106.6,89.0,7.6,288.0,6.4,0.0,0,0,0.0,0,12,5,4,6,0,2
2026-06-05 13:00:00,95,33.1,90.8,79.0,9.8,287.0,6.5,0.0,0,0,0.0,0,13,5,4,6,0,2
2026-06-05 14:00:00,95,29.9,75.0,66.0,12.8,276.0,6.6,0.0,0,0,0.0,0,14,5,4,6,0,2
2026-06-05 15:00:00,94,26.2,59.5,55.0,15.3,267.0,6.7,0.0,0,0,0.0,0,15,5,4,6,0,2
2026-06-05 16:00:00,94,24.0,54.6,50.0,16.7,267.0,6.9,0.0,0,0,0.0,0,16,5,4,6,0,2
2026-06-05 17:00:00,93,23.3,49.1,47.0,17.5,269.0,7.0,0.0,0,0,0.0,0,17,5,4,6,0,3
2026-06-05 18:00:00,93,24.1,51.0,46.0,17.6,261.0,7.1,0.0,0,0,0.0,0,18,5,4,6,0,3
2026-06-05 19:00:00,92,24.4,51.2,46.0,16.6,232.0,7.0,0.0,0,0,0.0,0,19,5,4,6,0,3
2026-06-05 20:00:00,92,24.1,52.0,47.0,14.8,193.0,6.8,0.0,0,0,0.0,0,20,5,4,6,0,3
2026-06-05 21:00:00,91,23.7,55.4,48.0,13.0,164.0,6.6,0.0,0,0,0.0,0,21,5,4,6,0,0
2026-06-05 22:00:00,91,23.3,57.2,49.0,11.4,151.0,6.4,0.0,0,0,0.0,0,22,5,4,6,0,0
2026-06-05 23:00:00,91,22.8,56.7,49.0,9.7,148.0,6.2,0.0,0,0,0.0,0,23,5,4,6,0,0
2026-06-06 00:00:00,91,22.8,56.8,53.0,8.3,159.0,5.8,0.0,0,0,0.0,0,0,6,5,6,1,0
2026-06-06 01:00:00,90,24.2,64.5,56.0,8.5,196.0,5.9,0.0,0,0,0.0,0,1,6,5,6,1,0
2026-06-06 02:00:00,90,26.3,80.3,60.0,8.6,246.0,5.9,0.0,0,0,0.0,0,2,6,5,6,1,0
2026-06-06 03:00:00,89,28.8,88.5,66.0,8.3,276.0,6.0,0.0,0,0,0.0,0,3,6,5,6,1,0
2026-06-06 04:00:00,89,31.5,96.9,78.0,7.0,264.0,6.1,0.0,0,0,0.0,0,4,6,5,6,1,0
2026-06-06 05:00:00,88,30.4,89.9,91.0,5.3,232.0,6.2,0.0,0,0,0.0,0,5,6,5,6,1,0
2026-06-06 06:00:00,88,29.8,85.0,101.0,3.9,208.0,6.1,0.0,0,0,0.0,0,6,6,5,6,1,1
2026-06-06 07:00:00,87,27.9,77.1,103.0,3.3,202.0,5.8,0.0,0,0,0.0,0,7,6,5,6,1,1
2026-06-06 08:00:00,86,25.8,70.3,100.0,3.0,203.0,5.3,0.0,0,0,0.0,0,8,6,5,6,1,1
2026-06-06 09:00:00,85,24.4,65.9,96.0,3.2,210.0,5.0,0.0,0,0,0.0,0,9,6,5,6,1,1
2026-06-06 10:00:00,84,23.5,61.7,90.0,3.9,227.0,4.9,0.0,0,0,0.0,0,10,6,5,6,1,2
2026-06-06 11:00:00,84,22.8,59.5,81.0,5.0,249.0,4.9,0.0,0,0,0.0,0,11,6,5,6,1,2
2026-06-06 12:00:00,83,27.4,75.9,73.0,6.4,260.0,4.8,0.0,0,0,0.0,0,12,6,5,6,1,2
2026-06-06 13:00:00,82,28.9,80.3,67.0,7.9,251.0,4.9,0.0,0,0,0.0,0,13,6,5,6,1,2
2026-06-06 14:00:00,82,24.1,66.1,58.0,9.9,232.0,4.9,0.0,0,0,0.0,0,14,6,5,6,1,2
2026-06-06 15:00:00,81,23.1,62.4,52.0,11.3,215.0,5.0,0.0,0,0,0.0,0,15,6,5,6,1,2
2026-06-06 16:00:00,81,21.8,57.6,50.0,11.7,207.0,5.1,0.0,0,0,0.0,0,16,6,5,6,1,2
2026-06-06 17:00:00,81,18.9,51.6,50.0,11.6,201.0,5.1,0.0,0,0,0.0,0,17,6,5,6,1,3
2026-06-06 18:00:00,81,18.4,51.1,51.0,11.1,191.0,5.1,0.0,0,0,0.0,0,18,6,5,6,1,3
2026-06-06 19:00:00,80,18.6,52.3,52.0,10.2,173.0,5.0,0.0,0,0,0.0,0,19,6,5,6,1,3
2026-06-06 20:00:00,80,19.0,53.3,54.0,9.1,151.0,4.8,0.0,0,0,0.0,0,20,6,5,6,1,3
2026-06-06 21:00:00,79,19.6,54.1,56.0,8.0,136.0,4.6,0.0,0,0,0.0,0,21,6,5,6,1,0
2026-06-06 22:00:00,79,20.7,56.3,58.0,7.2,133.0,4.5,0.0,0,0,0.0,0,22,6,5,6,1,0
2026-06-06 23:00:00,79,22.3,58.8,60.0,6.5,137.0,4.6,0.0,0,0,0.0,0,23,6,5,6,1,0
2026-06-07 00:00:00,79,24.6,61.9,66.0,5.3,146.0,4.2,0.0,0,0,0.0,0,0,7,6,6,1,0
2026-06-07 01:00:00,79,26.3,64.0,69.0,5.5,164.0,4.4,0.0,0,0,0.0,0,1,7,6,6,1,0
2026-06-07 02:00:00,79,30.6,78.5,73.0,5.7,187.0,4.7,0.0,0,0,0.0,0,2,7,6,6,1,0
2026-06-07 03:00:00,79,33.1,84.8,78.0,5.6,200.0,5.0,0.0,0,0,0.0,0,3,7,6,6,1,0
2026-06-07 04:00:00,80,33.8,86.1,86.0,4.7,194.0,5.1,0.0,0,0,0.0,0,4,7,6,6,1,0
2026-06-07 05:00:00,80,33.5,85.9,95.0,3.5,179.0,5.2,0.0,0,0,0.0,0,5,7,6,6,1,0
2026-06-07 06:00:00,80,32.7,86.8,101.0,2.6,167.0,5.2,0.0,0,0,0.0,0,6,7,6,6,1,1
2026-06-07 07:00:00,80,31.7,87.3,101.0,2.2,164.0,5.1,0.0,0,0,0.0,0,7,7,6,6,1,1
2026-06-07 08:00:00,81,30.7,88.9,97.0,2.2,166.0,4.9,0.0,0,0,0.0,0,8,7,6,6,1,1
2026-06-07 09:00:00,81,30.0,90.1,93.0,2.4,170.0,4.7,0.0,0,0,0.0,0,9,7,6,6,1,1
2026-06-07 10:00:00,81,29.2,88.7,88.0,2.9,179.0,4.6,0.0,0,0,0.0,0,10,7,6,6,1,2
2026-06-07 11:00:00,82,28.8,89.6,83.0,3.6,191.0,4.6,0.0,0,0,0.0,0,11,7,6,6,1,2
2026-06-07 12:00:00,82,33.8,110.6,79.0,4.6,198.0,4.6,0.0,0,0,0.0,0,12,7,6,6,1,2
2026-06-07 13:00:00,83,31.3,99.7,73.0,5.8,195.0,4.7,0.0,0,0,0.0,0,13,7,6,6,1,2
2026-06-07 14:00:00,83,28.5,83.8,64.0,7.6,187.0,4.8,0.0,0,0,0.0,0,14,7,6,6,1,2
2026-06-07 15:00:00,83,24.9,69.8,58.0,8.9,179.0,4.9,0.0,0,0,0.0,0,15,7,6,6,1,2
2026-06-07 16:00:00,84,22.9,60.3,57.0,9.5,173.0,5.1,0.0,0,0,0.0,0,16,7,6,6,1,2
2026-06-07 17:00:00,84,24.7,61.9,57.0,9.8,168.0,5.3,0.0,0,0,0.0,0,17,7,6,6,1,3
2026-06-07 18:00:00,84,26.7,64.5,59.0,9.6,161.0,5.3,0.0,0,0,0.0,0,18,7,6,6,1,3
2026-06-07 19:00:00,85,27.9,66.4,61.0,8.8,150.0,5.1,0.0,0,0,0.0,0,19,7,6,6,1,3
2026-06-07 20:00:00,85,28.1,66.8,63.0,7.6,138.0,4.8,0.0,0,0,0.0,0,20,7,6,6,1,3
2026-06-07 21:00:00,86,26.7,64.7,65.0,6.5,129.0,4.5,0.0,0,0,0.0,0,21,7,6,6,1,0
2026-06-07 22:00:00,87,24.6,60.5,66.0,5.5,121.0,4.2,0.0,0,0,0.0,0,22,7,6,6,1,0
2026-06-07 23:00:00,87,22.8,57.6,67.0,4.7,117.0,4.0,0.0,0,0,0.0,0,23,7,6,6,1,0
2026-06-08 00:00:00,87,21.7,55.2,70.0,4.3,127.0,3.8,0.0,0,0,0.0,0,0,8,0,6,0,0
2026-06-08 01:00:00,87,21.5,54.5,70.0,5.4,166.0,4.2,0.0,0,0,0.0,0,1,8,0,6,0,0
2026-06-08 02:00:00,86,25.1,68.0,70.0,6.9,219.0,4.8,0.0,0,0,0.0,0,2,8,0,6,0,0
2026-06-08 03:00:00,86,28.8,79.6,74.0,7.6,252.0,5.3,0.0,0,0,0.0,0,3,8,0,6,0,0
2026-06-08 04:00:00,86,31.0,87.8,84.0,6.8,246.0,5.6,0.0,0,0,0.0,0,4,8,0,6,0,0
2026-06-08 05:00:00,86,32.8,92.0,97.0,5.2,221.0,5.8,0.0,0,0,0.0,0,5,8,0,6,0,0
2026-06-08 06:00:00,85,34.7,98.0,106.0,4.0,201.0,5.8,0.0,0,0,0.0,0,6,8,0,6,0,1
2026-06-08 07:00:00,86,35.4,100.8,108.0,3.5,195.0,5.5,0.0,0,0,0.0,0,7,8,0,6,0,1
2026-06-08 08:00:00,86,35.2,100.4,105.0,3.3,195.0,5.1,0.0,0,0,0.0,0,8,8,0,6,0,1
2026-06-08 09:00:00,86,33.9,95.9,100.0,3.5,199.0,4.7,0.0,0,0,0.0,0,9,8,0,6,0,1
2026-06-08 10:00:00,87,30.5,82.4,93.0,4.2,210.0,4.6,0.0,0,0,0.0,0,10,8,0,6,0,2
2026-06-08 11:00:00,87,26.9,68.5,84.0,5.3,227.0,4.5,0.0,0,0,0.0,0,11,8,0,6,0,2
2026-06-08 12:00:00,87,30.4,82.0,76.0,6.6,239.0,4.5,0.0,0,0,0.0,0,12,8,0,6,0,2
2026-06-08 13:00:00,86,27.9,70.1,70.0,8.2,245.0,4.7,0.0,0,0,0.0,0,13,8,0,6,0,2
2026-06-08 14:00:00,86,24.3,59.0,61.0,10.6,247.0,4.9,0.0,0,0,0.0,0,14,8,0,6,0,2
2026-06-08 15:00:00,86,21.4,50.1,54.0,12.5,245.0,5.2,0.0,0,0,0.0,0,15,8,0,6,0,2
2026-06-08 16:00:00,85,21.0,46.4,50.0,14.0,240.0,5.6,0.0,0,0,0.0,0,16,8,0,6,0,2
2026-06-08 17:00:00,85,21.5,45.5,48.0,15.2,231.0,6.1,0.0,0,0,0.0,0,17,8,0,6,0,3
2026-06-08 18:00:00,85,22.1,45.4,47.0,15.2,216.0,6.3,0.0,0,0,0.0,0,18,8,0,6,0,3
2026-06-08 19:00:00,85,21.9,44.4,48.0,13.3,190.0,5.9,0.0,0,0,0.0,0,19,8,0,6,0,3
2026-06-08 20:00:00,84,20.5,41.7,51.0,10.2,159.0,5.1,0.0,0,0,0.0,0,20,8,0,6,0,3
2026-06-08 21:00:00,84,18.8,38.0,54.0,7.6,137.0,4.5,0.0,0,0,0.0,0,21,8,0,6,0,0
2026-06-08 22:00:00,83,17.2,33.9,55.0,6.1,127.0,4.1,0.0,0,0,0.0,0,22,8,0,6,0,0
2026-06-08 23:00:00,82,15.9,31.3,57.0,5.0,126.0,3.9,0.0,0,0,0.0,0,23,8,0,6,0,0
2026-06-09 00:00:00,82,15.2,29.9,59.0,4.4,136.0,3.7,0.0,0,0,0.0,0,0,9,1,6,0,0
2026-06-09 01:00:00,81,14.6,28.2,57.0,5.6,169.0,4.1,0.0,0,0,0.0,0,1,9,1,6,0,0
2026-06-09 02:00:00,81,15.2,29.0,55.0,7.3,215.0,4.7,0.0,0,0,0.0,0,2,9,1,6,0,0
2026-06-09 03:00:00,80,17.7,32.9,56.0,8.1,242.0,5.1,0.0,0,0,0.0,0,3,9,1,6,0,0
2026-06-09 04:00:00,79,19.4,36.8,64.0,7.2,233.0,5.2,0.0,0,0,0.0,0,4,9,1,6,0,0
2026-06-09 05:00:00,78,20.5,41.0,75.0,5.4,206.0,5.1,0.0,0,0,0.0,0,5,9,1,6,0,0
2026-06-09 06:00:00,77,21.9,46.8,83.0,4.0,186.0,5.0,0.0,0,0,0.0,0,6,9,1,6,0,1
2026-06-09 07:00:00,76,22.3,51.7,86.0,3.4,182.0,4.8,0.0,0,0,0.0,0,7,9,1,6,0,1
2026-06-09 08:00:00,75,22.6,54.8,87.0,3.2,186.0,4.6,0.0,0,0,0.0,0,8,9,1,6,0,1
2026-06-09 09:00:00,74,23.1,57.5,85.0,3.4,195.0,4.4,0.0,0,0,0.0,0,9,9,1,6,0,1
2026-06-09 10:00:00,73,23.3,57.9,80.0,4.1,216.0,4.4,0.0,0,0,0.0,0,10,9,1,6,0,2
2026-06-09 11:00:00,73,22.6,55.8,73.0,5.3,242.0,4.5,0.0,0,0,0.0,0,11,9,1,6,0,2
2026-06-09 12:00:00,72,27.2,74.5,66.0,6.4,259.0,4.4,0.0,0,0,0.0,0,12,9,1,6,0,2
2026-06-09 13:00:00,72,26.1,67.1,60.0,8.3,257.0,4.6,0.0,0,0,0.0,0,13,9,1,6,0,2
2026-06-09 14:00:00,72,23.4,57.4,53.0,10.9,245.0,5.0,0.0,0,0,0.0,0,14,9,1,6,0,2
2026-06-09 15:00:00,72,20.8,48.4,47.0,12.7,233.0,5.2,0.0,0,0,0.0,0,15,9,1,6,0,2
2026-06-09 16:00:00,72,19.6,42.1,45.0,13.3,228.0,5.3,0.0,0,0,0.0,0,16,9,1,6,0,2
2026-06-09 17:00:00,72,19.2,39.7,45.0,13.1,224.0,5.4,0.0,0,0,0.0,0,17,9,1,6,0,3
2026-06-09 18:00:00,72,18.6,38.1,46.0,12.3,213.0,5.3,0.0,0,0,0.0,0,18,9,1,6,0,3
2026-06-09 19:00:00,71,17.9,36.7,47.0,10.7,189.0,5.0,0.0,0,0,0.0,0,19,9,1,6,0,3
2026-06-09 20:00:00,71,17.1,34.8,49.0,8.6,159.0,4.5,0.0,0,0,0.0,0,20,9,1,6,0,3
2026-06-09 21:00:00,71,16.5,33.5,51.0,6.8,136.0,4.1,0.0,0,0,0.0,0,21,9,1,6,0,0
2026-06-09 22:00:00,71,15.9,32.2,52.0,5.7,123.0,3.9,0.0,0,0,0.0,0,22,9,1,6,0,0
2026-06-09 23:00:00,70,15.4,31.5,52.0,5.0,117.0,3.9,0.0,0,0,0.0,0,23,9,1,6,0,0
2026-06-10 00:00:00,70,15.2,32.0,54.0,4.5,125.0,3.6,0.0,0,0,0.0,0,0,10,2,6,0,0
2026-06-10 01:00:00,70,15.0,30.0,53.0,5.8,162.0,4.0,0.0,0,0,0.0,0,1,10,2,6,0,0
2026-06-10 02:00:00,70,15.6,29.9,52.0,7.6,213.0,4.4,0.0,0,0,0.0,0,2,10,2,6,0,0
2026-06-10 03:00:00,71,17.3,35.3,54.0,8.4,244.0,4.8,0.0,0,0,0.0,0,3,10,2,6,0,0
2026-06-10 04:00:00,70,21.0,44.8,63.0,7.4,232.0,4.9,0.0,0,0,0.0,0,4,10,2,6,0,0
2026-06-10 05:00:00,71,22.3,52.2,75.0,5.5,200.0,4.9,0.0,0,0,0.0,0,5,10,2,6,0,0
2026-06-10 06:00:00,71,23.6,59.8,84.0,4.0,177.0,4.8,0.0,0,0,0.0,0,6,10,2,6,0,1
2026-06-10 07:00:00,71,24.9,67.3,89.0,3.5,174.0,4.7,0.0,0,0,0.0,0,7,10,2,6,0,1
2026-06-10 08:00:00,71,25.9,72.9,91.0,3.4,180.0,4.6,0.0,0,0,0.0,0,8,10,2,6,0,1
2026-06-10 09:00:00,71,26.4,74.7,90.0,3.9,193.0,4.6,0.0,0,0,0.0,0,9,10,2,6,0,1
2026-06-10 10:00:00,72,27.0,76.6,86.0,4.9,218.0,4.6,0.0,0,0,0.0,0,10,10,2,6,0,2
2026-06-10 11:00:00,72,26.4,72.9,79.0,6.4,251.0,4.7,0.0,0,0,0.0,0,11,10,2,6,0,2
2026-06-10 12:00:00,72,32.5,92.0,73.0,8.9,277.0,5.1,0.0,0,0,0.0,0,12,10,2,6,0,2
2026-06-10 13:00:00,73,29.1,73.1,63.0,13.0,294.0,5.5,0.0,0,0,0.0,0,13,10,2,6,0,2
2026-06-10 14:00:00,73,24.2,54.4,49.0,18.6,305.0,6.0,0.0,0,0,0.0,0,14,10,2,6,0,2
2026-06-10 15:00:00,73,20.7,42.4,40.0,21.6,305.0,6.2,0.0,0,0,0.0,0,15,10,2,6,0,2
2026-06-10 16:00:00,73,19.2,40.5,40.0,19.7,292.0,5.9,0.0,0,0,0.0,0,16,10,2,6,0,2
2026-06-10 17:00:00,73,18.8,40.9,45.0,15.3,268.0,5.3,0.0,0,0,0.0,0,17,10,2,6,0,3
2026-06-10 18:00:00,73,18.6,42.7,50.0,11.4,240.0,4.7,0.0,0,0,0.0,0,18,10,2,6,0,3
2026-06-10 19:00:00,73,18.8,45.2,52.0,9.0,204.0,4.3,0.0,0,0,0.0,0,19,10,2,6,0,3
2026-06-10 20:00:00,73,18.9,46.6,54.0,7.1,164.0,3.9,0.0,0,0,0.0,0,20,10,2,6,0,3
2026-06-10 21:00:00,73,19.1,47.7,56.0,5.7,134.0,3.7,0.0,0,0,0.0,0,21,10,2,6,0,0
2026-06-10 22:00:00,73,19.5,48.8,57.0,4.7,117.0,3.6,0.0,0,0,0.0,0,22,10,2,6,0,0
2026-06-10 23:00:00,74,20.0,49.5,58.0,4.3,111.0,3.6,0.0,0,0,0.0,0,23,10,2,6,0,0
2026-06-11 00:00:00,74,20.8,50.9,57.0,4.9,127.0,3.8,0.0,0,0,0.0,0,0,11,3,6,0,0
2026-06-11 01:00:00,74,21.9,51.8,57.0,7.3,187.0,4.4,0.0,0,0,0.0,0,1,11,3,6,0,0
2026-06-11 02:00:00,75,24.8,60.3,57.0,10.4,268.0,5.2,0.0,0,0,0.0,0,2,11,3,6,0,0
2026-06-11 03:00:00,76,30.3,69.2,63.0,12.2,318.0,6.0,0.0,0,0,0.0,0,3,11,3,6,0,0
2026-06-11 04:00:00,77,36.6,94.3,80.0,11.3,304.0,6.7,0.0,0,0,0.0,0,4,11,3,6,0,0
2026-06-11 05:00:00,78,47.1,148.1,104.0,9.0,258.0,7.3,0.0,0,0,0.0,0,5,11,3,6,0,0
2026-06-11 06:00:00,80,58.1,200.7,121.0,7.1,224.0,7.6,0.0,0,0,0.0,0,6,11,3,6,0,1
2026-06-11 07:00:00,83,66.4,237.5,129.0,6.2,219.0,7.2,0.0,0,0,0.0,0,7,11,3,6,0,1
2026-06-11 08:00:00,86,68.7,238.4,131.0,5.8,226.0,6.5,0.0,0,0,0.0,0,8,11,3,6,0,1
2026-06-11 09:00:00,89,68.2,232.4,127.0,6.1,239.0,5.9,0.0,0,0,0.0,0,9,11,3,6,0,1
2026-06-11 10:00:00,92,65.7,221.2,116.0,7.2,263.0,5.5,0.0,0,0,0.0,0,10,11,3,6,0,2
2026-06-11 11:00:00,95,56.0,182.5,99.0,9.0,293.0,5.2,0.0,0,0,0.0,0,11,11,3,6,0,2
2026-06-11 12:00:00,98,45.2,146.7,84.0,11.7,314.0,5.1,0.0,0,0,0.0,0,12,11,3,6,0,2
2026-06-11 13:00:00,99,34.5,109.2,74.0,13.9,320.0,5.1,0.0,0,0,0.0,0,13,11,3,6,0,2
2026-06-11 14:00:00,99,26.7,72.4,60.0,16.8,316.0,5.1,0.0,0,0,0.0,0,14,11,3,6,0,2
2026-06-11 15:00:00,99,20.7,58.1,50.0,18.2,301.0,5.1,0.0,0,0,0.0,0,15,11,3,6,0,2
2026-06-11 16:00:00,99,18.6,49.7,48.0,16.6,271.0,5.0,0.0,0,0,0.0,0,16,11,3,6,0,2
2026-06-11 17:00:00,99,18.0,44.6,50.0,13.5,230.0,4.9,0.0,0,0,0.0,0,17,11,3,6,0,3
2026-06-11 18:00:00,99,16.9,40.4,52.0,10.6,193.0,4.7,0.0,0,0,0.0,0,18,11,3,6,0,3
2026-06-11 19:00:00,99,16.4,39.5,53.0,8.4,163.0,4.3,0.0,0,0,0.0,0,19,11,3,6,0,3
2026-06-11 20:00:00,99,16.1,40.0,55.0,6.5,137.0,3.9,0.0,0,0,0.0,0,20,11,3,6,0,3
2026-06-11 21:00:00,99,16.4,42.8,56.0,5.1,120.0,3.6,0.0,0,0,0.0,0,21,11,3,6,0,0
2026-06-11 22:00:00,99,16.8,44.9,56.0,4.4,112.0,3.5,0.0,0,0,0.0,0,22,11,3,6,0,0
2026-06-11 23:00:00,98,17.3,47.3,56.0,4.3,112.0,3.6,0.0,0,0,0.0,0,23,11,3,6,0,0
2026-06-12 00:00:00,98,17.2,48.5,56.0,4.4,127.0,3.6,0.0,0,0,0.0,0,0,12,4,6,0,0
2026-06-12 01:00:00,98,18.2,49.5,55.0,6.0,170.0,4.1,0.0,0,0,0.0,0,1,12,4,6,0,0
2026-06-12 02:00:00,98,20.0,53.7,54.0,8.2,228.0,4.8,0.0,0,0,0.0,0,2,12,4,6,0,0
2026-06-12 03:00:00,97,22.5,61.9,57.0,9.3,263.0,5.3,0.0,0,0,0.0,0,3,12,4,6,0,0
2026-06-12 04:00:00,97,28.1,77.5,67.0,8.3,253.0,5.4,0.0,0,0,0.0,0,4,12,4,6,0,0
2026-06-12 05:00:00,96,31.5,94.1,82.0,6.1,221.0,5.3,0.0,0,0,0.0,0,5,12,4,6,0,0
2026-06-12 06:00:00,95,34.2,107.8,92.0,4.5,197.0,5.2,0.0,0,0,0.0,0,6,12,4,6,0,1
2026-06-12 07:00:00,93,35.4,114.6,96.0,3.9,190.0,5.1,0.0,0,0,0.0,0,7,12,4,6,0,1
2026-06-12 08:00:00,90,35.2,114.1,96.0,3.8,192.0,4.9,0.0,0,0,0.0,0,8,12,4,6,0,1
2026-06-12 09:00:00,88,33.2,102.2,93.0,4.1,201.0,4.8,0.0,0,0,0.0,0,9,12,4,6,0,1
2026-06-12 10:00:00,85,31.0,91.7,87.0,5.0,225.0,4.7,0.0,0,0,0.0,0,10,12,4,6,0,2
2026-06-12 11:00:00,82,28.5,80.1,78.0,6.3,256.0,4.7,0.0,0,0,0.0,0,11,12,4,6,0,2
2026-06-12 12:00:00,80,27.0,73.1,70.0,7.8,278.0,4.8,0.0,0,0,0.0,0,12,12,4,6,0,2
2026-06-12 13:00:00,79,24.1,58.3,62.0,10.0,284.0,4.9,0.0,0,0,0.0,0,13,12,4,6,0,2
2026-06-12 14:00:00,78,19.6,43.9,52.0,12.9,280.0,5.0,0.0,0,0,0.0,0,14,12,4,6,0,2
2026-06-12 15:00:00,77,17.1,36.6,44.0,14.5,267.0,5.0,0.0,0,0,0.0,0,15,12,4,6,0,2
2026-06-12 16:00:00,77,16.9,39.3,43.0,13.8,240.0,4.9,0.0,0,0,0.0,0,16,12,4,6,0,2
2026-06-12 17:00:00,77,17.0,39.6,44.0,11.9,203.0,4.7,0.0,0,0,0.0,0,17,12,4,6,0,3
2026-06-12 18:00:00,77,17.2,41.3,46.0,9.9,171.0,4.5,0.0,0,0,0.0,0,18,12,4,6,0,3
2026-06-12 19:00:00,77,17.2,43.3,47.0,8.2,148.0,4.2,0.0,0,0,0.0,0,19,12,4,6,0,3
2026-06-12 20:00:00,77,17.0,43.3,48.0,6.5,130.0,3.9,0.0,0,0,0.0,0,20,12,4,6,0,3
2026-06-12 21:00:00,77,16.7,42.8,49.0,5.1,118.0,3.6,0.0,0,0,0.0,0,21,12,4,6,0,0
2026-06-12 22:00:00,77,16.5,43.5,49.0,4.2,112.0,3.4,0.0,0,0,0.0,0,22,12,4,6,0,0
2026-06-12 23:00:00,77,16.2,43.2,49.0,3.7,112.0,3.4,0.0,0,0,0.0,0,23,12,4,6,0,0
2026-06-13 00:00:00,77,17.1,47.4,51.0,3.8,124.0,3.3,0.0,0,0,0.0,0,0,13,5,6,1,0
2026-06-13 01:00:00,77,17.3,48.1,50.0,4.8,158.0,3.6,0.0,0,0,0.0,0,1,13,5,6,1,0
2026-06-13 02:00:00,77,20.4,59.0,50.0,6.2,204.0,4.0,0.0,0,0,0.0,0,2,13,5,6,1,0
2026-06-13 03:00:00,77,23.5,69.4,52.0,6.8,231.0,4.3,0.0,0,0,0.0,0,3,13,5,6,1,0
2026-06-13 04:00:00,77,25.5,78.2,59.0,6.0,221.0,4.3,0.0,0,0,0.0,0,4,13,5,6,1,0
2026-06-13 05:00:00,77,27.0,86.8,68.0,4.6,192.0,4.2,0.0,0,0,0.0,0,5,13,5,6,1,0
2026-06-13 06:00:00,76,28.0,92.4,75.0,3.4,171.0,4.1,0.0,0,0,0.0,0,6,13,5,6,1,1
2026-06-13 07:00:00,76,28.2,94.5,78.0,2.9,167.0,4.1,0.0,0,0,0.0,0,7,13,5,6,1,1
2026-06-13 08:00:00,75,27.0,87.3,79.0,2.7,171.0,4.0,0.0,0,0,0.0,0,8,13,5,6,1,1
2026-06-13 09:00:00,75,25.3,79.2,77.0,2.9,179.0,4.0,0.0,0,0,0.0,0,9,13,5,6,1,1
2026-06-13 10:00:00,74,23.9,70.8,73.0,3.5,193.0,4.0,0.0,0,0,0.0,0,10,13,5,6,1,2
2026-06-13 11:00:00,73,22.1,64.5,66.0,4.4,210.0,4.0,0.0,0,0,0.0,0,11,13,5,6,1,2
2026-06-13 12:00:00,73,23.3,65.7,63.0,5.8,221.0,4.2,0.0,0,0,0.0,0,12,13,5,6,1,2
2026-06-13 13:00:00,73,23.1,63.6,58.0,7.5,219.0,4.3,0.0,0,0,0.0,0,13,13,5,6,1,2
2026-06-13 14:00:00,73,22.8,61.7,51.0,9.9,210.0,4.5,0.0,0,0,0.0,0,14,13,5,6,1,2
2026-06-13 15:00:00,73,22.8,57.3,46.0,11.5,199.0,4.6,0.0,0,0,0.0,0,15,13,5,6,1,2
2026-06-13 16:00:00,73,21.9,52.9,45.0,11.6,186.0,4.7,0.0,0,0,0.0,0,16,13,5,6,1,2
2026-06-13 17:00:00,74,20.8,50.9,45.0,11.0,169.0,4.7,0.0,0,0,0.0,0,17,13,5,6,1,3
2026-06-13 18:00:00,74,21.4,52.4,46.0,10.1,154.0,4.6,0.0,0,0,0.0,0,18,13,5,6,1,3
2026-06-13 19:00:00,74,19.1,44.6,47.0,9.0,139.0,4.4,0.0,0,0,0.0,0,19,13,5,6,1,3
2026-06-13 20:00:00,74,18.2,41.3,47.0,7.6,124.0,4.2,0.0,0,0,0.0,0,20,13,5,6,1,3
2026-06-13 21:00:00,75,13.1,30.5,48.0,6.4,114.0,4.0,0.0,0,0,0.0,0,21,13,5,6,1,0
2026-06-13 22:00:00,74,11.4,26.3,48.0,5.6,111.0,3.9,0.0,0,0,0.0,0,22,13,5,6,1,0
2026-06-13 23:00:00,74,10.6,24.0,48.0,5.0,113.0,3.9,0.0,0,0,0.0,0,23,13,5,6,1,0
2026-06-14 00:00:00,73,10.4,22.4,52.0,4.6,120.0,3.8,0.0,0,0,0.0,0,0,14,6,6,1,0
2026-06-14 01:00:00,73,10.3,22.4,52.0,4.9,139.0,4.1,0.0,0,0,0.0,0,1,14,6,6,1,0
2026-06-14 02:00:00,72,11.2,25.2,53.0,5.2,163.0,4.4,0.0,0,0,0.0,0,2,14,6,6,1,0
2026-06-14 03:00:00,72,13.5,30.9,55.0,5.2,177.0,4.6,0.0,0,0,0.0,0,3,14,6,6,1,0
2026-06-14 04:00:00,71,14.1,34.1,60.0,4.4,171.0,4.5,0.0,0,0,0.0,0,4,14,6,6,1,0
2026-06-14 05:00:00,70,14.5,36.1,67.0,3.2,155.0,4.3,0.0,0,0,0.0,0,5,14,6,6,1,0
2026-06-14 06:00:00,69,14.4,36.7,72.0,2.3,143.0,4.1,0.0,0,0,0.0,0,6,14,6,6,1,1
2026-06-14 07:00:00,68,13.9,36.4,72.0,2.0,141.0,4.0,0.0,0,0,0.0,0,7,14,6,6,1,1
2026-06-14 08:00:00,67,13.3,35.3,71.0,2.0,143.0,3.9,0.0,0,0,0.0,0,8,14,6,6,1,1
2026-06-14 09:00:00,66,13.1,35.2,68.0,2.2,147.0,3.8,0.0,0,0,0.0,0,9,14,6,6,1,1
2026-06-14 10:00:00,65,13.2,35.5,65.0,2.5,155.0,3.8,0.0,0,0,0.0,0,10,14,6,6,1,2
2026-06-14 11:00:00,64,13.6,36.3,61.0,3.1,164.0,3.8,0.0,0,0,0.0,0,11,14,6,6,1,2
2026-06-14 12:00:00,63,18.9,57.9,58.0,3.7,169.0,3.4,0.0,0,0,0.0,0,12,14,6,6,1,2
2026-06-14 13:00:00,63,19.3,54.7,54.0,5.0,165.0,3.7,0.0,0,0,0.0,0,13,14,6,6,1,2
2026-06-14 14:00:00,63,19.9,52.9,49.0,6.7,157.0,4.0,0.0,0,0,0.0,0,14,14,6,6,1,2
2026-06-14 15:00:00,62,21.2,51.2,46.0,7.8,150.0,4.3,0.0,0,0,0.0,0,15,14,6,6,1,2
2026-06-14 16:00:00,62,21.0,48.9,46.0,7.7,147.0,4.3,0.0,0,0,0.0,0,16,14,6,6,1,2
2026-06-14 17:00:00,62,19.6,44.9,47.0,6.9,145.0,4.2,0.0,0,0,0.0,0,17,14,6,6,1,3
2026-06-14 18:00:00,62,18.2,42.3,48.0,6.1,141.0,4.1,0.0,0,0,0.0,0,18,14,6,6,1,3
2026-06-14 19:00:00,62,14.1,35.2,49.0,5.3,131.0,3.9,0.0,0,0,0.0,0,19,14,6,6,1,3
2026-06-14 20:00:00,61,14.0,34.8,50.0,4.4,118.0,3.6,0.0,0,0,0.0,0,20,14,6,6,1,3
2026-06-14 21:00:00,61,12.7,30.9,51.0,3.8,110.0,3.4,0.0,0,0,0.0,0,21,14,6,6,1,0
2026-06-14 22:00:00,61,12.7,31.3,51.0,3.4,105.0,3.3,0.0,0,0,0.0,0,22,14,6,6,1,0
2026-06-14 23:00:00,61,13.0,31.7,51.0,3.3,104.0,3.4,0.0,0,0,0.0,0,23,14,6,6,1,0
2026-06-15 00:00:00,61,12.6,31.2,53.0,3.5,115.0,3.4,0.0,0,0,0.0,0,0,15,0,6,0,0
2026-06-15 01:00:00,62,12.5,29.6,53.0,4.7,150.0,3.9,0.0,0,0,0.0,0,1,15,0,6,0,0
2026-06-15 02:00:00,62,14.6,33.9,52.0,6.3,196.0,4.5,0.0,0,0,0.0,0,2,15,0,6,0,0
2026-06-15 03:00:00,62,15.9,36.3,54.0,7.1,224.0,4.9,0.0,0,0,0.0,0,3,15,0,6,0,0
2026-06-15 04:00:00,62,15.2,35.0,60.0,6.2,216.0,4.9,0.0,0,0,0.0,0,4,15,0,6,0,0
2026-06-15 05:00:00,62,15.9,38.0,67.0,4.4,191.0,4.6,0.0,0,0,0.0,0,5,15,0,6,0,0
2026-06-15 06:00:00,62,17.5,43.4,73.0,3.1,172.0,4.4,0.0,0,0,0.0,0,6,15,0,6,0,1
2026-06-15 07:00:00,63,13.6,31.3,75.0,2.6,168.0,4.2,0.0,0,0,0.0,0,7,15,0,6,0,1
2026-06-15 08:00:00,63,13.2,30.3,74.0,2.6,171.0,4.1,0.0,0,0,0.0,0,8,15,0,6,0,1
2026-06-15 09:00:00,63,13.3,30.3,72.0,2.9,177.0,4.0,0.0,0,0,0.0,0,9,15,0,6,0,1
2026-06-15 10:00:00,63,13.5,30.5,68.0,3.7,189.0,4.0,0.0,0,0,0.0,0,10,15,0,6,0,2
2026-06-15 11:00:00,63,13.2,29.3,61.0,5.0,206.0,4.1,0.0,0,0,0.0,0,11,15,0,6,0,2
2026-06-15 12:00:00,63,16.6,36.3,53.0,7.0,215.0,4.0,0.0,0,0,0.0,0,12,15,0,6,0,2
2026-06-15 13:00:00,62,18.6,40.4,50.0,8.4,211.0,4.3,0.0,0,0,0.0,0,13,15,0,6,0,2
2026-06-15 14:00:00,62,18.1,37.7,46.0,10.3,201.0,4.7,0.0,0,0,0.0,0,14,15,0,6,0,2
2026-06-15 15:00:00,62,16.3,34.2,43.0,11.4,192.0,5.0,0.0,0,0,0.0,0,15,15,0,6,0,2
2026-06-15 16:00:00,62,14.6,30.6,43.0,11.1,189.0,5.1,0.0,0,0,0.0,0,16,15,0,6,0,2
2026-06-15 17:00:00,61,14.6,32.1,43.0,10.0,187.0,5.0,0.0,0,0,0.0,0,17,15,0,6,0,3
2026-06-15 18:00:00,61,14.4,32.9,44.0,9.0,180.0,4.9,0.0,0,0,0.0,0,18,15,0,6,0,3
2026-06-15 19:00:00,61,13.8,31.3,44.0,8.3,160.0,4.8,0.0,0,0,0.0,0,19,15,0,6,0,3
2026-06-15 20:00:00,61,13.8,31.2,43.0,7.8,136.0,4.6,0.0,0,0,0.0,0,20,15,0,6,0,3
2026-06-15 21:00:00,61,15.7,37.0,43.0,7.3,119.0,4.6,0.0,0,0,0.0,0,21,15,0,6,0,0
2026-06-15 22:00:00,61,14.1,31.7,43.0,6.9,113.0,4.7,0.0,0,0,0.0,0,22,15,0,6,0,0
2026-06-15 23:00:00,61,13.5,30.7,44.0,6.5,116.0,4.9,0.0,0,0,0.0,0,23,15,0,6,0,0
2026-06-16 00:00:00,61,12.1,27.9,47.0,6.0,134.0,5.0,0.0,0,0,0.0,0,0,16,1,6,0,0
2026-06-16 01:00:00,61,12.7,28.9,48.0,6.6,186.0,5.2,0.0,0,0,0.0,0,1,16,1,6,0,0
2026-06-16 02:00:00,61,14.8,36.9,50.0,7.5,254.0,5.5,0.0,0,0,0.0,0,2,16,1,6,0,0
2026-06-16 03:00:00,61,17.5,44.8,53.0,7.8,293.0,5.7,0.0,0,0,0.0,0,3,16,1,6,0,0
2026-06-16 04:00:00,61,18.9,49.8,57.0,7.1,275.0,5.6,0.0,0,0,0.0,0,4,16,1,6,0,0
2026-06-16 05:00:00,61,19.8,51.7,62.0,5.9,227.0,5.3,0.0,0,0,0.0,0,5,16,1,6,0,0
2026-06-16 06:00:00,62,20.3,54.2,67.0,4.8,191.0,5.0,0.0,0,0,0.0,0,6,16,1,6,0,1
2026-06-16 07:00:00,62,20.5,56.0,71.0,4.0,181.0,4.8,0.0,0,0,0.0,0,7,16,1,6,0,1
2026-06-16 08:00:00,62,21.0,58.2,75.0,3.4,183.0,4.7,0.0,0,0,0.0,0,8,16,1,6,0,1
2026-06-16 09:00:00,63,21.1,57.3,77.0,3.3,191.0,4.6,0.0,0,0,0.0,0,9,16,1,6,0,1
2026-06-16 10:00:00,64,21.0,54.9,75.0,3.7,208.0,4.6,0.0,0,0,0.0,0,10,16,1,6,0,2
2026-06-16 11:00:00,64,20.8,54.0,71.0,4.6,230.0,4.7,0.0,0,0,0.0,0,11,16,1,6,0,2
2026-06-16 12:00:00,65,28.8,79.4,70.0,5.7,244.0,4.7,0.0,0,0,0.0,0,12,16,1,6,0,2
2026-06-16 13:00:00,66,28.1,74.3,63.0,8.1,241.0,5.0,0.0,0,0,0.0,0,13,16,1,6,0,2
2026-06-16 14:00:00,67,27.1,69.4,53.0,11.5,229.0,5.4,0.0,0,0,0.0,0,14,16,1,6,0,2
2026-06-16 15:00:00,67,26.7,62.6,46.0,14.0,217.0,5.8,0.0,0,0,0.0,0,15,16,1,6,0,2
2026-06-16 16:00:00,68,26.0,58.9,42.0,15.1,208.0,6.2,0.0,0,0,0.0,0,16,16,1,6,0,2
2026-06-16 17:00:00,69,25.4,58.2,41.0,15.3,198.0,6.5,0.0,0,0,0.0,0,17,16,1,6,0,3
2026-06-16 18:00:00,70,24.7,57.6,41.0,14.6,186.0,6.5,0.0,0,0,0.0,0,18,16,1,6,0,3
2026-06-16 19:00:00,71,23.5,55.1,43.0,12.2,167.0,5.9,0.0,0,0,0.0,0,19,16,1,6,0,3
2026-06-16 20:00:00,71,21.7,52.6,46.0,8.9,146.0,5.1,0.0,0,0,0.0,0,20,16,1,6,0,3
2026-06-16 21:00:00,72,22.2,56.2,48.0,6.5,131.0,4.5,0.0,0,0,0.0,0,21,16,1,6,0,0
2026-06-16 22:00:00,73,20.4,50.6,47.0,5.9,121.0,4.5,0.0,0,0,0.0,0,22,16,1,6,0,0
2026-06-16 23:00:00,73,22.3,55.8,46.0,6.1,117.0,4.9,0.0,0,0,0.0,0,23,16,1,6,0,0
2026-06-17 00:00:00,74,21.6,55.6,47.0,6.7,129.0,5.4,0.0,0,0,0.0,0,0,17,2,6,0,0
2026-06-17 01:00:00,74,22.7,58.0,47.0,7.4,174.0,5.4,0.0,0,0,0.0,0,1,17,2,6,0,0
2026-06-17 02:00:00,75,21.2,55.6,48.0,8.2,235.0,5.5,0.0,0,0,0.0,0,2,17,2,6,0,0
2026-06-17 03:00:00,76,20.7,54.6,51.0,8.4,271.0,5.5,0.0,0,0,0.0,0,3,17,2,6,0,0
2026-06-17 04:00:00,76,20.8,54.7,57.0,7.3,256.0,5.5,0.0,0,0,0.0,0,4,17,2,6,0,0
2026-06-17 05:00:00,76,22.9,61.0,65.0,5.6,216.0,5.4,0.0,0,0,0.0,0,5,17,2,6,0,0
2026-06-17 06:00:00,76,20.9,53.6,71.0,4.3,186.0,5.3,0.0,0,0,0.0,0,6,17,2,6,0,1
2026-06-17 07:00:00,76,20.4,51.9,74.0,3.7,179.0,5.1,0.0,0,0,0.0,0,7,17,2,6,0,1
2026-06-17 08:00:00,76,20.1,51.5,75.0,3.5,183.0,4.9,0.0,0,0,0.0,0,8,17,2,6,0,1
2026-06-17 09:00:00,76,19.6,48.3,74.0,3.7,192.0,4.8,0.0,0,0,0.0,0,9,17,2,6,0,1
2026-06-17 10:00:00,76,19.0,45.3,71.0,4.1,210.0,4.7,0.0,0,0,0.0,0,10,17,2,6,0,2
2026-06-17 11:00:00,76,18.7,44.4,65.0,4.9,235.0,4.7,0.0,0,0,0.0,0,11,17,2,6,0,2
2026-06-17 12:00:00,76,25.3,63.1,63.0,6.0,248.0,4.7,0.0,0,0,0.0,0,12,17,2,6,0,2
2026-06-17 13:00:00,76,24.3,58.4,57.0,8.7,241.0,5.1,0.0,0,0,0.0,0,13,17,2,6,0,2
2026-06-17 14:00:00,75,23.4,51.8,48.0,12.5,224.0,5.7,0.0,0,0,0.0,0,14,17,2,6,0,2
2026-06-17 15:00:00,75,25.0,51.5,42.0,15.3,209.0,6.1,0.0,0,0,0.0,0,15,17,2,6,0,2
2026-06-17 16:00:00,75,26.3,51.6,40.0,16.5,203.0,6.4,0.0,0,0,0.0,0,16,17,2,6,0,2
2026-06-17 17:00:00,75,24.7,47.3,40.0,16.6,199.0,6.6,0.0,0,0,0.0,0,17,17,2,6,0,3
2026-06-17 18:00:00,75,23.6,45.5,41.0,15.8,190.0,6.5,0.0,0,0,0.0,0,18,17,2,6,0,3
2026-06-17 19:00:00,75,22.6,45.1,44.0,13.3,170.0,6.0,0.0,0,0,0.0,0,19,17,2,6,0,3
2026-06-17 20:00:00,75,22.2,46.3,48.0,9.9,144.0,5.2,0.0,0,0,0.0,0,20,17,2,6,0,3
2026-06-17 21:00:00,75,22.7,49.6,50.0,7.3,128.0,4.7,0.0,0,0,0.0,0,21,17,2,6,0,0
2026-06-17 22:00:00,75,23.5,53.3,49.0,6.6,124.0,4.8,0.0,0,0,0.0,0,22,17,2,6,0,0
2026-06-17 23:00:00,75,25.0,57.6,46.0,6.8,128.0,5.3,0.0,0,0,0.0,0,23,17,2,6,0,0
2026-06-18 00:00:00,75,22.2,51.7,48.0,6.7,144.0,5.3,0.0,0,0,0.0,0,0,18,3,6,0,0
2026-06-18 01:00:00,75,18.7,43.4,48.0,7.6,184.0,5.6,0.0,0,0,0.0,0,1,18,3,6,0,0
2026-06-18 02:00:00,75,19.3,47.1,48.0,8.8,236.0,5.9,0.0,0,0,0.0,0,2,18,3,6,0,0
2026-06-18 03:00:00,75,18.5,45.6,50.0,9.1,265.0,6.1,0.0,0,0,0.0,0,3,18,3,6,0,0
2026-06-18 04:00:00,75,18.3,45.4,57.0,7.9,249.0,6.0,0.0,0,0,0.0,0,4,18,3,6,0,0
2026-06-18 05:00:00,74,18.9,46.8,67.0,5.8,210.0,5.8,0.0,0,0,0.0,0,5,18,3,6,0,0
2026-06-18 06:00:00,74,19.3,47.5,74.0,4.2,181.0,5.5,0.0,0,0,0.0,0,6,18,3,6,0,1
2026-06-18 07:00:00,74,19.2,47.0,76.0,3.5,175.0,5.2,0.0,0,0,0.0,0,7,18,3,6,0,1
2026-06-18 08:00:00,74,19.0,47.1,75.0,3.3,180.0,5.0,0.0,0,0,0.0,0,8,18,3,6,0,1
2026-06-18 09:00:00,74,18.3,44.5,73.0,3.5,189.0,4.8,0.0,0,0,0.0,0,9,18,3,6,0,1
2026-06-18 10:00:00,74,18.1,43.2,68.0,4.2,204.0,4.8,0.0,0,0,0.0,0,10,18,3,6,0,2
2026-06-18 11:00:00,74,17.5,41.3,62.0,5.4,223.0,4.8,0.0,0,0,0.0,0,11,18,3,6,0,2
2026-06-18 12:00:00,74,27.5,78.9,55.0,7.1,237.0,4.7,0.0,0,0,0.0,0,12,18,3,6,0,2
2026-06-18 13:00:00,74,27.4,75.2,51.0,9.0,242.0,5.1,0.0,0,0,0.0,0,13,18,3,6,0,2
2026-06-18 14:00:00,74,28.5,75.0,45.0,11.6,241.0,5.7,0.0,0,0,0.0,0,14,18,3,6,0,2
2026-06-18 15:00:00,74,28.0,66.1,41.0,13.9,235.0,6.2,0.0,0,0,0.0,0,15,18,3,6,0,2
2026-06-18 16:00:00,75,28.2,61.5,38.0,15.7,222.0,6.6,0.0,0,0,0.0,0,16,18,3,6,0,2
2026-06-18 17:00:00,75,27.8,56.7,37.0,17.2,205.0,7.0,0.0,0,0,0.0,0,17,18,3,6,0,3
2026-06-18 18:00:00,75,23.4,48.3,37.0,17.2,187.0,7.0,0.0,0,0,0.0,0,18,18,3,6,0,3
2026-06-18 19:00:00,75,20.5,43.9,40.0,14.7,169.0,6.4,0.0,0,0,0.0,0,19,18,3,6,0,3
2026-06-18 20:00:00,75,19.7,43.2,45.0,10.7,151.0,5.5,0.0,0,0,0.0,0,20,18,3,6,0,3
2026-06-18 21:00:00,75,19.7,44.1,48.0,7.7,138.0,4.9,0.0,0,0,0.0,0,21,18,3,6,0,0
2026-06-18 22:00:00,74,19.9,45.2,48.0,6.6,130.0,4.8,0.0,0,0,0.0,0,22,18,3,6,0,0
2026-06-18 23:00:00,74,20.2,46.4,47.0,6.4,127.0,5.1,0.0,0,0,0.0,0,23,18,3,6,0,0
2026-06-19 00:00:00,74,19.3,45.3,47.0,8.3,137.0,6.1,0.0,0,0,0.0,0,0,19,4,6,0,0
2026-06-19 01:00:00,74,19.4,45.5,48.0,8.8,174.0,6.2,0.0,0,0,0.0,0,1,19,4,6,0,0
2026-06-19 02:00:00,74,21.0,51.9,49.0,9.4,224.0,6.2,0.0,0,0,0.0,0,2,19,4,6,0,0
2026-06-19 03:00:00,74,23.6,59.6,52.0,9.4,254.0,6.2,0.0,0,0,0.0,0,3,19,4,6,0,0
2026-06-19 04:00:00,74,24.9,66.6,58.0,8.0,243.0,6.0,0.0,0,0,0.0,0,4,19,4,6,0,0
2026-06-19 05:00:00,75,26.3,73.8,66.0,6.0,212.0,5.8,0.0,0,0,0.0,0,5,19,4,6,0,0
2026-06-19 06:00:00,75,24.2,66.8,72.0,4.4,189.0,5.5,0.0,0,0,0.0,0,6,19,4,6,0,1
2026-06-19 07:00:00,76,23.7,66.4,75.0,3.6,185.0,5.2,0.0,0,0,0.0,0,7,19,4,6,0,1
2026-06-19 08:00:00,76,22.6,63.3,75.0,3.2,189.0,4.9,0.0,0,0,0.0,0,8,19,4,6,0,1
2026-06-19 09:00:00,76,21.1,60.5,74.0,3.3,197.0,4.7,0.0,0,0,0.0,0,9,19,4,6,0,1
2026-06-19 10:00:00,76,19.7,55.6,69.0,4.0,213.0,4.7,0.0,0,0,0.0,0,10,19,4,6,0,2
2026-06-19 11:00:00,77,19.2,53.3,62.0,5.1,233.0,4.7,0.0,0,0,0.0,0,11,19,4,6,0,2
2026-06-19 12:00:00,77,34.9,106.4,62.0,6.0,243.0,4.9,0.0,0,0,0.0,0,12,19,4,6,0,2
2026-06-19 13:00:00,77,34.1,102.0,56.0,7.6,234.0,5.0,0.0,0,0,0.0,0,13,19,4,6,0,2
2026-06-19 14:00:00,78,31.5,87.1,49.0,9.7,215.0,5.1,0.0,0,0,0.0,0,14,19,4,6,0,2
2026-06-19 15:00:00,78,29.6,75.0,43.0,11.1,199.0,5.2,0.0,0,0,0.0,0,15,19,4,6,0,2
2026-06-19 16:00:00,78,28.5,68.9,42.0,11.3,191.0,5.3,0.0,0,0,0.0,0,16,19,4,6,0,2
2026-06-19 17:00:00,78,26.7,63.6,43.0,10.7,186.0,5.3,0.0,0,0,0.0,0,17,19,4,6,0,3
2026-06-19 18:00:00,78,26.0,61.5,44.0,10.0,177.0,5.3,0.0,0,0,0.0,0,18,19,4,6,0,3
2026-06-19 19:00:00,78,25.7,61.5,45.0,9.1,160.0,5.2,0.0,0,0,0.0,0,19,19,4,6,0,3
2026-06-19 20:00:00,79,27.1,66.8,45.0,8.1,140.0,5.0,0.0,0,0,0.0,0,20,19,4,6,0,3
2026-06-19 21:00:00,79,26.1,73.1,46.0,7.2,126.0,4.9,0.0,0,0,0.0,0,21,19,4,6,0,0
2026-06-19 22:00:00,80,18.9,48.7,46.0,6.5,120.0,4.8,0.0,0,0,0.0,0,22,19,4,6,0,0
2026-06-19 23:00:00,80,16.6,43.3,46.0,5.9,120.0,4.8,0.0,0,0,0.0,0,23,19,4,6,0,0
2026-06-20 00:00:00,79,18.6,48.0,49.0,5.9,132.0,4.8,0.0,0,0,0.0,0,0,20,5,6,1,0
2026-06-20 01:00:00,79,17.0,44.9,49.0,6.7,168.0,5.0,0.0,0,0,0.0,0,1,20,5,6,1,0
2026-06-20 02:00:00,79,18.5,51.1,50.0,7.8,216.0,5.2,0.0,0,0,0.0,0,2,20,5,6,1,0
2026-06-20 03:00:00,79,20.0,57.0,53.0,8.2,245.0,5.3,0.0,0,0,0.0,0,3,20,5,6,1,0
2026-06-20 04:00:00,79,21.0,62.2,59.0,7.3,236.0,5.3,0.0,0,0,0.0,0,4,20,5,6,1,0
2026-06-20 05:00:00,78,22.1,68.9,67.0,5.8,208.0,5.1,0.0,0,0,0.0,0,5,20,5,6,1,0
2026-06-20 06:00:00,78,22.7,71.7,73.0,4.5,187.0,5.0,0.0,0,0,0.0,0,6,20,5,6,1,1
2026-06-20 07:00:00,78,22.8,73.3,74.0,3.8,184.0,4.8,0.0,0,0,0.0,0,7,20,5,6,1,1
2026-06-20 08:00:00,78,22.9,75.4,73.0,3.4,188.0,4.6,0.0,0,0,0.0,0,8,20,5,6,1,1
2026-06-20 09:00:00,78,22.9,76.1,70.0,3.5,195.0,4.5,0.0,0,0,0.0,0,9,20,5,6,1,1
2026-06-20 10:00:00,78,23.0,76.1,66.0,4.0,207.0,4.4,0.0,0,0,0.0,0,10,20,5,6,1,2
2026-06-20 11:00:00,78,21.4,68.0,61.0,5.0,223.0,4.4,0.0,0,0,0.0,0,11,20,5,6,1,2
2026-06-20 12:00:00,79,28.5,105.7,62.0,5.9,231.0,4.4,0.0,0,0,0.0,0,12,20,5,6,1,2
2026-06-20 13:00:00,78,25.1,88.7,57.0,7.4,226.0,4.6,0.0,0,0,0.0,0,13,20,5,6,1,2
2026-06-20 14:00:00,77,22.3,70.8,50.0,9.3,214.0,4.8,0.0,0,0,0.0,0,14,20,5,6,1,2
2026-06-20 15:00:00,77,21.2,60.3,45.0,10.7,204.0,5.0,0.0,0,0,0.0,0,15,20,5,6,1,2
2026-06-20 16:00:00,76,19.8,48.9,43.0,11.0,200.0,5.0,0.0,0,0,0.0,0,16,20,5,6,1,2
2026-06-20 17:00:00,75,18.1,44.1,43.0,10.6,198.0,5.0,0.0,0,0,0.0,0,17,20,5,6,1,3
2026-06-20 18:00:00,75,17.4,43.8,44.0,9.9,191.0,4.9,0.0,0,0,0.0,0,18,20,5,6,1,3
2026-06-20 19:00:00,74,17.1,44.9,45.0,8.7,173.0,4.7,0.0,0,0,0.0,0,19,20,5,6,1,3
2026-06-20 20:00:00,73,14.8,39.2,46.0,7.1,150.0,4.4,0.0,0,0,0.0,0,20,20,5,6,1,3
2026-06-20 21:00:00,72,14.5,38.3,47.0,5.9,132.0,4.2,0.0,0,0,0.0,0,21,20,5,6,1,0
2026-06-20 22:00:00,71,14.2,36.6,47.0,5.3,122.0,4.1,0.0,0,0,0.0,0,22,20,5,6,1,0
2026-06-20 23:00:00,71,14.1,35.9,47.0,5.0,118.0,4.2,0.0,0,0,0.0,0,23,20,5,6,1,0
2026-06-21 00:00:00,71,14.6,38.1,50.0,4.3,122.0,3.9,0.0,0,0,0.0,0,0,21,6,6,1,0
2026-06-21 01:00:00,70,14.8,36.9,51.0,4.8,142.0,4.3,0.0,0,0,0.0,0,1,21,6,6,1,0
2026-06-21 02:00:00,70,16.3,44.5,53.0,5.4,171.0,4.8,0.0,0,0,0.0,0,2,21,6,6,1,0
2026-06-21 03:00:00,70,18.9,53.9,57.0,5.5,188.0,5.2,0.0,0,0,0.0,0,3,21,6,6,1,0
2026-06-21 04:00:00,70,19.9,58.9,64.0,4.7,180.0,5.2,0.0,0,0,0.0,0,4,21,6,6,1,0
2026-06-21 05:00:00,70,20.7,62.6,72.0,3.5,160.0,5.0,0.0,0,0,0.0,0,5,21,6,6,1,0
2026-06-21 06:00:00,70,20.6,60.3,78.0,2.6,145.0,4.8,0.0,0,0,0.0,0,6,21,6,6,1,1
2026-06-21 07:00:00,70,20.4,59.6,78.0,2.2,142.0,4.5,0.0,0,0,0.0,0,7,21,6,6,1,1
2026-06-21 08:00:00,69,19.4,54.9,76.0,2.0,145.0,4.2,0.0,0,0,0.0,0,8,21,6,6,1,1
2026-06-21 09:00:00,69,18.9,51.8,72.0,2.1,150.0,4.0,0.0,0,0,0.0,0,9,21,6,6,1,1
2026-06-21 10:00:00,69,18.7,49.8,67.0,2.5,159.0,3.9,0.0,0,0,0.0,0,10,21,6,6,1,2
2026-06-21 11:00:00,69,18.7,47.7,62.0,3.2,170.0,3.9,0.0,0,0,0.0,0,11,21,6,6,1,2
2026-06-21 12:00:00,68,20.7,53.9,60.0,3.7,178.0,4.0,0.0,0,0,0.0,0,12,21,6,6,1,2
2026-06-21 13:00:00,68,21.0,54.1,56.0,4.8,180.0,4.2,0.0,0,0,0.0,0,13,21,6,6,1,2
2026-06-21 14:00:00,67,21.5,51.6,52.0,6.3,180.0,4.5,0.0,0,0,0.0,0,14,21,6,6,1,2
2026-06-21 15:00:00,67,22.8,52.9,48.0,7.4,175.0,4.7,0.0,0,0,0.0,0,15,21,6,6,1,2
2026-06-21 16:00:00,67,25.1,58.6,47.0,7.7,165.0,4.8,0.0,0,0,0.0,0,16,21,6,6,1,2
2026-06-21 17:00:00,68,25.3,57.6,47.0,7.7,152.0,4.9,0.0,0,0,0.0,0,17,21,6,6,1,3
2026-06-21 18:00:00,68,24.7,55.4,47.0,7.3,140.0,4.9,0.0,0,0,0.0,0,18,21,6,6,1,3
2026-06-21 19:00:00,69,24.7,56.3,48.0,6.5,129.0,4.7,0.0,0,0,0.0,0,19,21,6,6,1,3
2026-06-21 20:00:00,70,24.4,57.4,49.0,5.3,119.0,4.3,0.0,0,0,0.0,0,20,21,6,6,1,3
2026-06-21 21:00:00,70,24.7,58.1,50.0,4.5,113.0,4.1,0.0,0,0,0.0,0,21,21,6,6,1,0
2026-06-21 22:00:00,71,27.6,63.8,50.0,4.2,108.0,4.0,0.0,0,0,0.0,0,22,21,6,6,1,0
2026-06-21 23:00:00,72,25.3,57.5,49.0,4.2,107.0,4.0,0.0,0,0,0.0,0,23,21,6,6,1,0
2026-06-22 00:00:00,73,18.7,43.3,51.0,4.1,119.0,3.8,0.0,0,0,0.0,0,0,22,0,6,0,0
2026-06-22 01:00:00,73,18.4,41.7,51.0,5.2,158.0,4.1,0.0,0,0,0.0,0,1,22,0,6,0,0
2026-06-22 02:00:00,74,19.2,44.6,50.0,6.6,210.0,4.6,0.0,0,0,0.0,0,2,22,0,6,0,0
2026-06-22 03:00:00,74,19.8,48.0,52.0,7.2,241.0,4.9,0.0,0,0,0.0,0,3,22,0,6,0,0
2026-06-22 04:00:00,74,21.0,52.0,58.0,6.4,230.0,5.0,0.0,0,0,0.0,0,4,22,0,6,0,0
2026-06-22 05:00:00,74,23.3,60.5,65.0,4.8,199.0,5.0,0.0,0,0,0.0,0,5,22,0,6,0,0
2026-06-22 06:00:00,74,22.2,56.8,71.0,3.5,175.0,4.9,0.0,0,0,0.0,0,6,22,0,6,0,1
2026-06-22 07:00:00,74,22.3,58.4,73.0,2.9,170.0,4.7,0.0,0,0,0.0,0,7,22,0,6,0,1
2026-06-22 08:00:00,75,22.2,57.9,73.0,2.7,172.0,4.5,0.0,0,0,0.0,0,8,22,0,6,0,1
2026-06-22 09:00:00,75,21.9,56.9,71.0,2.8,179.0,4.3,0.0,0,0,0.0,0,9,22,0,6,0,1
2026-06-22 10:00:00,75,23.2,60.1,67.0,3.3,193.0,4.2,0.0,0,0,0.0,0,10,22,0,6,0,2
2026-06-22 11:00:00,75,20.7,52.9,61.0,4.2,212.0,4.2,0.0,0,0,0.0,0,11,22,0,6,0,2
2026-06-22 12:00:00,76,28.9,76.1,56.0,5.4,223.0,4.3,0.0,0,0,0.0,0,12,22,0,6,0,2
2026-06-22 13:00:00,76,28.6,72.9,52.0,7.0,222.0,4.5,0.0,0,0,0.0,0,13,22,0,6,0,2
2026-06-22 14:00:00,77,29.0,72.4,48.0,9.1,213.0,4.8,0.0,0,0,0.0,0,14,22,0,6,0,2
2026-06-22 15:00:00,77,29.0,70.1,44.0,10.7,204.0,5.1,0.0,0,0,0.0,0,15,22,0,6,0,2
2026-06-22 16:00:00,78,29.3,66.6,43.0,11.4,197.0,5.4,0.0,0,0,0.0,0,16,22,0,6,0,2
2026-06-22 17:00:00,78,28.9,66.8,42.0,11.5,188.0,5.7,0.0,0,0,0.0,0,17,22,0,6,0,3
2026-06-22 18:00:00,78,28.2,65.4,43.0,11.1,178.0,5.8,0.0,0,0,0.0,0,18,22,0,6,0,3
2026-06-22 19:00:00,79,27.1,62.2,44.0,9.7,163.0,5.4,0.0,0,0,0.0,0,19,22,0,6,0,3
2026-06-22 20:00:00,79,25.3,57.4,46.0,7.7,146.0,4.8,0.0,0,0,0.0,0,20,22,0,6,0,3
2026-06-22 21:00:00,79,24.9,56.8,48.0,6.2,133.0,4.4,0.0,0,0,0.0,0,21,22,0,6,0,0
2026-06-22 22:00:00,79,24.4,54.8,48.0,5.5,123.0,4.4,0.0,0,0,0.0,0,22,22,0,6,0,0
2026-06-22 23:00:00,79,21.4,49.4,48.0,5.3,117.0,4.5,0.0,0,0,0.0,0,23,22,0,6,0,0
2026-06-23 00:00:00,78,17.2,39.9,49.0,5.1,126.0,4.4,0.0,0,0,0.0,0,0,23,1,6,0,0
2026-06-23 01:00:00,78,17.0,39.0,48.0,6.5,166.0,4.7,0.0,0,0,0.0,0,1,23,1,6,0,0
2026-06-23 02:00:00,78,17.8,42.1,47.0,8.3,221.0,5.2,0.0,0,0,0.0,0,2,23,1,6,0,0
2026-06-23 03:00:00,78,19.7,46.1,49.0,9.1,254.0,5.5,0.0,0,0,0.0,0,3,23,1,6,0,0
2026-06-23 04:00:00,78,19.6,47.6,56.0,7.9,242.0,5.5,0.0,0,0,0.0,0,4,23,1,6,0,0
2026-06-23 05:00:00,78,20.5,52.4,65.0,5.6,207.0,5.2,0.0,0,0,0.0,0,5,23,1,6,0,0
2026-06-23 06:00:00,78,21.0,53.7,72.0,3.8,181.0,5.0,0.0,0,0,0.0,0,6,23,1,6,0,1
2026-06-23 07:00:00,78,21.0,54.5,75.0,3.0,176.0,4.8,0.0,0,0,0.0,0,7,23,1,6,0,1
2026-06-23 08:00:00,78,21.5,55.2,76.0,2.8,179.0,4.5,0.0,0,0,0.0,0,8,23,1,6,0,1
2026-06-23 09:00:00,78,22.4,57.7,74.0,2.9,186.0,4.3,0.0,0,0,0.0,0,9,23,1,6,0,1
2026-06-23 10:00:00,78,22.5,58.0,70.0,3.5,199.0,4.2,0.0,0,0,0.0,0,10,23,1,6,0,2
2026-06-23 11:00:00,78,21.9,55.6,63.0,4.5,216.0,4.2,0.0,0,0,0.0,0,11,23,1,6,0,2
2026-06-23 12:00:00,78,27.4,73.8,58.0,5.5,225.0,3.9,0.0,0,0,0.0,0,12,23,1,6,0,2
2026-06-23 13:00:00,77,26.7,68.9,54.0,6.8,218.0,4.1,0.0,0,0,0.0,0,13,23,1,6,0,2
2026-06-23 14:00:00,77,26.4,65.4,48.0,8.5,203.0,4.3,0.0,0,0,0.0,0,14,23,1,6,0,2
2026-06-23 15:00:00,77,27.8,67.3,43.0,9.7,189.0,4.5,0.0,0,0,0.0,0,15,23,1,6,0,2
2026-06-23 16:00:00,77,27.9,66.1,41.0,10.0,181.0,4.7,0.0,0,0,0.0,0,16,23,1,6,0,2
2026-06-23 17:00:00,77,28.6,65.7,41.0,9.9,175.0,4.8,0.0,0,0,0.0,0,17,23,1,6,0,3
2026-06-23 18:00:00,77,28.3,65.4,42.0,9.2,166.0,4.8,0.0,0,0,0.0,0,18,23,1,6,0,3
2026-06-23 19:00:00,77,27.2,64.0,43.0,7.7,150.0,4.5,0.0,0,0,0.0,0,19,23,1,6,0,3
2026-06-23 20:00:00,77,26.0,61.5,45.0,5.7,130.0,3.9,0.0,0,0,0.0,0,20,23,1,6,0,3
2026-06-23 21:00:00,77,25.4,60.3,47.0,4.2,116.0,3.6,0.0,0,0,0.0,0,21,23,1,6,0,0
2026-06-23 22:00:00,77,24.2,56.2,47.0,3.7,106.0,3.6,0.0,0,0,0.0,0,22,23,1,6,0,0
2026-06-23 23:00:00,77,22.6,51.9,47.0,3.8,101.0,3.7,0.0,0,0,0.0,0,23,23,1,6,0,0
2026-06-24 00:00:00,77,16.7,43.8,47.0,4.3,113.0,3.9,0.0,0,0,0.0,0,0,24,2,6,0,0
2026-06-24 01:00:00,77,15.6,37.8,47.0,5.5,160.0,4.2,0.0,0,0,0.0,0,1,24,2,6,0,0
2026-06-24 02:00:00,77,18.2,44.1,46.0,7.1,224.0,4.6,0.0,0,0,0.0,0,2,24,2,6,0,0
2026-06-24 03:00:00,77,18.9,45.6,48.0,7.8,263.0,4.8,0.0,0,0,0.0,0,3,24,2,6,0,0
2026-06-24 04:00:00,77,19.7,47.6,54.0,6.8,250.0,4.7,0.0,0,0,0.0,0,4,24,2,6,0,0
2026-06-24 05:00:00,77,20.3,49.9,63.0,5.0,211.0,4.5,0.0,0,0,0.0,0,5,24,2,6,0,0
2026-06-24 06:00:00,77,20.1,48.9,69.0,3.6,182.0,4.3,0.0,0,0,0.0,0,6,24,2,6,0,1
2026-06-24 07:00:00,77,20.0,48.5,70.0,3.2,176.0,4.1,0.0,0,0,0.0,0,7,24,2,6,0,1
2026-06-24 08:00:00,77,19.7,47.4,68.0,3.2,180.0,4.0,0.0,0,0,0.0,0,8,24,2,6,0,1
2026-06-24 09:00:00,77,19.4,46.6,65.0,3.5,187.0,3.9,0.0,0,0,0.0,0,9,24,2,6,0,1
2026-06-24 10:00:00,76,19.7,47.1,61.0,4.1,200.0,3.9,0.0,0,0,0.0,0,10,24,2,6,0,2
2026-06-24 11:00:00,76,20.0,47.5,56.0,4.9,216.0,3.9,0.0,0,0,0.0,0,11,24,2,6,0,2
2026-06-24 12:00:00,76,20.3,46.4,52.0,6.0,226.0,4.0,0.0,0,0,0.0,0,12,24,2,6,0,2
2026-06-24 13:00:00,75,20.6,47.3,48.0,7.6,223.0,4.2,0.0,0,0,0.0,0,13,24,2,6,0,2
2026-06-24 14:00:00,75,20.8,46.6,44.0,9.3,213.0,4.3,0.0,0,0,0.0,0,14,24,2,6,0,2
2026-06-24 15:00:00,75,21.0,45.5,42.0,10.4,204.0,4.5,0.0,0,0,0.0,0,15,24,2,6,0,2
2026-06-24 16:00:00,74,20.7,43.9,42.0,10.3,200.0,4.6,0.0,0,0,0.0,0,16,24,2,6,0,2
2026-06-24 17:00:00,73,20.4,42.4,44.0,9.5,197.0,4.6,0.0,0,0,0.0,0,17,24,2,6,0,3
2026-06-24 18:00:00,73,20.5,44.8,45.0,8.6,189.0,4.6,0.0,0,0,0.0,0,18,24,2,6,0,3
2026-06-24 19:00:00,72,19.1,40.6,46.0,7.5,169.0,4.4,0.0,0,0,0.0,0,19,24,2,6,0,3
2026-06-24 20:00:00,72,15.1,33.3,47.0,6.2,145.0,4.0,0.0,0,0,0.0,0,20,24,2,6,0,3
2026-06-24 21:00:00,71,14.8,33.8,48.0,5.2,127.0,3.8,0.0,0,0,0.0,0,21,24,2,6,0,0
2026-06-24 22:00:00,70,16.4,36.2,48.0,4.8,119.0,3.8,0.0,0,0,0.0,0,22,24,2,6,0,0
2026-06-24 23:00:00,69,13.9,31.1,48.0,4.7,119.0,4.0,0.0,0,0,0.0,0,23,24,2,6,0,0
2026-06-25 00:00:00,69,13.3,29.6,48.0,4.9,131.0,4.2,0.0,0,0,0.0,0,0,25,3,6,0,0
2026-06-25 01:00:00,68,13.2,28.7,48.0,5.8,170.0,4.5,0.0,0,0,0.0,0,1,25,3,6,0,0
2026-06-25 02:00:00,68,16.9,37.0,48.0,7.1,221.0,4.7,0.0,0,0,0.0,0,2,25,3,6,0,0
2026-06-25 03:00:00,68,17.5,38.1,50.0,7.6,251.0,4.9,0.0,0,0,0.0,0,3,25,3,6,0,0
2026-06-25 04:00:00,68,18.1,40.4,57.0,6.5,238.0,4.9,0.0,0,0,0.0,0,4,25,3,6,0,0
2026-06-25 05:00:00,68,18.3,42.0,66.0,4.7,203.0,4.7,0.0,0,0,0.0,0,5,25,3,6,0,0
2026-06-25 06:00:00,68,18.0,41.8,73.0,3.3,177.0,4.5,0.0,0,0,0.0,0,6,25,3,6,0,1
2026-06-25 07:00:00,67,18.1,42.1,75.0,2.8,173.0,4.3,0.0,0,0,0.0,0,7,25,3,6,0,1
2026-06-25 08:00:00,67,18.2,42.1,73.0,2.8,179.0,4.1,0.0,0,0,0.0,0,8,25,3,6,0,1
2026-06-25 09:00:00,67,18.2,42.3,71.0,3.2,188.0,4.0,0.0,0,0,0.0,0,9,25,3,6,0,1
2026-06-25 10:00:00,67,18.0,40.7,67.0,3.9,204.0,4.0,0.0,0,0,0.0,0,10,25,3,6,0,2
2026-06-25 11:00:00,67,18.1,40.4,62.0,4.9,223.0,4.0,0.0,0,0,0.0,0,11,25,3,6,0,2
2026-06-25 12:00:00,67,22.6,49.2,57.0,6.5,235.0,4.5,0.0,0,0,0.0,0,12,25,3,6,0,2
2026-06-25 13:00:00,67,22.8,50.5,53.0,8.3,232.0,4.8,0.0,0,0,0.0,0,13,25,3,6,0,2
2026-06-25 14:00:00,67,22.2,48.7,47.0,10.7,221.0,5.2,0.0,0,0,0.0,0,14,25,3,6,0,2
2026-06-25 15:00:00,67,21.5,45.6,43.0,12.4,212.0,5.5,0.0,0,0,0.0,0,15,25,3,6,0,2
2026-06-25 16:00:00,67,21.4,44.2,41.0,12.9,212.0,5.7,0.0,0,0,0.0,0,16,25,3,6,0,2
2026-06-25 17:00:00,67,19.0,39.8,41.0,12.8,214.0,5.9,0.0,0,0,0.0,0,17,25,3,6,0,3
2026-06-25 18:00:00,67,18.2,38.9,41.0,12.1,207.0,5.9,0.0,0,0,0.0,0,18,25,3,6,0,3
2026-06-25 19:00:00,67,17.6,38.0,42.0,10.7,182.0,5.5,0.0,0,0,0.0,0,19,25,3,6,0,3
2026-06-25 20:00:00,67,17.5,38.8,45.0,8.7,149.0,5.0,0.0,0,0,0.0,0,20,25,3,6,0,3
2026-06-25 21:00:00,67,17.5,38.8,46.0,7.3,127.0,4.7,0.0,0,0,0.0,0,21,25,3,6,0,0
2026-06-25 22:00:00,67,17.5,38.9,45.0,6.9,122.0,4.8,0.0,0,0,0.0,0,22,25,3,6,0,0
2026-06-25 23:00:00,67,17.5,38.8,44.0,6.9,127.0,5.1,0.0,0,0,0.0,0,23,25,3,6,0,0
2026-06-26 00:00:00,68,18.2,41.7,43.0,7.4,144.0,5.5,0.0,0,0,0.0,0,0,26,4,6,0,0
2026-06-26 01:00:00,68,18.5,40.7,44.0,8.0,183.0,5.8,0.0,0,0,0.0,0,1,26,4,6,0,0
2026-06-26 02:00:00,69,20.1,48.5,45.0,8.8,232.0,6.2,0.0,0,0,0.0,0,2,26,4,6,0,0
2026-06-26 03:00:00,69,21.5,53.1,49.0,9.0,262.0,6.4,0.0,0,0,0.0,0,3,26,4,6,0,0
2026-06-26 04:00:00,69,22.2,55.8,57.0,7.9,252.0,6.3,0.0,0,0,0.0,0,4,26,4,6,0,0
2026-06-26 05:00:00,69,22.7,58.0,66.0,6.1,222.0,6.0,0.0,0,0,0.0,0,5,26,4,6,0,0
2026-06-26 06:00:00,70,23.1,59.3,73.0,4.7,199.0,5.7,0.0,0,0,0.0,0,6,26,4,6,0,1
2026-06-26 07:00:00,70,22.7,57.9,75.0,4.0,194.0,5.5,0.0,0,0,0.0,0,7,26,4,6,0,1
2026-06-26 08:00:00,71,22.7,57.2,74.0,3.7,196.0,5.2,0.0,0,0,0.0,0,8,26,4,6,0,1
2026-06-26 09:00:00,71,21.6,51.3,72.0,3.7,202.0,5.0,0.0,0,0,0.0,0,9,26,4,6,0,1
2026-06-26 10:00:00,71,20.9,48.3,68.0,4.1,213.0,4.8,0.0,0,0,0.0,0,10,26,4,6,0,2
2026-06-26 11:00:00,71,20.7,48.0,63.0,5.0,227.0,4.7,0.0,0,0,0.0,0,11,26,4,6,0,2
2026-06-26 12:00:00,72,17.3,39.2,59.0,6.0,236.0,4.5,0.0,0,0,0.0,0,12,26,4,6,0,2
2026-06-26 13:00:00,71,18.2,41.1,54.0,7.6,236.0,4.8,0.0,0,0,0.0,0,13,26,4,6,0,2
2026-06-26 14:00:00,71,19.4,43.1,48.0,9.8,231.0,5.2,0.0,0,0,0.0,0,14,26,4,6,0,2
2026-06-26 15:00:00,71,19.6,42.8,43.0,11.4,223.0,5.5,0.0,0,0,0.0,0,15,26,4,6,0,2
2026-06-26 16:00:00,70,19.8,43.0,41.0,12.0,212.0,5.7,0.0,0,0,0.0,0,16,26,4,6,0,2
2026-06-26 17:00:00,70,20.1,43.3,41.0,12.1,198.0,5.8,0.0,0,0,0.0,0,17,26,4,6,0,3
2026-06-26 18:00:00,70,19.6,41.7,41.0,11.9,183.0,5.9,0.0,0,0,0.0,0,18,26,4,6,0,3
2026-06-26 19:00:00,70,18.4,39.3,41.0,11.2,167.0,5.8,0.0,0,0,0.0,0,19,26,4,6,0,3
2026-06-26 20:00:00,71,16.9,36.3,42.0,10.2,150.0,5.6,0.0,0,0,0.0,0,20,26,4,6,0,3
2026-06-26 21:00:00,70,16.4,35.4,42.0,9.4,139.0,5.6,0.0,0,0,0.0,0,21,26,4,6,0,0
2026-06-26 22:00:00,70,16.1,34.9,41.0,9.2,132.0,5.8,0.0,0,0,0.0,0,22,26,4,6,0,0
2026-06-26 23:00:00,70,15.7,33.4,40.0,9.3,129.0,6.2,0.0,0,0,0.0,0,23,26,4,6,0,0
2026-06-27 00:00:00,70,15.5,33.4,42.0,8.3,140.0,6.2,0.0,0,0,0.0,0,0,27,5,6,1,0
2026-06-27 01:00:00,70,15.5,32.6,44.0,8.6,178.0,6.4,0.0,0,0,0.0,0,1,27,5,6,1,0
2026-06-27 02:00:00,70,16.8,38.3,46.0,9.0,229.0,6.6,0.0,0,0,0.0,0,2,27,5,6,1,0
2026-06-27 03:00:00,69,17.9,42.3,51.0,8.8,260.0,6.7,0.0,0,0,0.0,0,3,27,5,6,1,0
2026-06-27 04:00:00,69,19.3,46.4,60.0,7.4,249.0,6.4,0.0,0,0,0.0,0,4,27,5,6,1,0
2026-06-27 05:00:00,69,20.4,49.9,72.0,5.4,216.0,6.0,0.0,0,0,0.0,0,5,27,5,6,1,0
2026-06-27 06:00:00,69,21.5,52.7,81.0,3.9,193.0,5.6,0.0,0,0,0.0,0,6,27,5,6,1,1
2026-06-27 07:00:00,69,21.7,53.3,86.0,3.2,191.0,5.3,0.0,0,0,0.0,0,7,27,5,6,1,1
2026-06-27 08:00:00,69,21.2,52.7,87.0,2.9,197.0,5.0,0.0,0,0,0.0,0,8,27,5,6,1,1
2026-06-27 09:00:00,68,20.6,50.6,86.0,3.1,206.0,4.8,0.0,0,0,0.0,0,9,27,5,6,1,1
2026-06-27 10:00:00,68,19.4,46.8,80.0,3.6,218.0,4.7,0.0,0,0,0.0,0,10,27,5,6,1,2
2026-06-27 11:00:00,68,18.3,43.9,71.0,4.6,232.0,4.6,0.0,0,0,0.0,0,11,27,5,6,1,2
2026-06-27 12:00:00,68,24.4,60.5,68.0,6.3,240.0,5.1,0.0,0,0,0.0,0,12,27,5,6,1,2
2026-06-27 13:00:00,69,22.6,54.4,61.0,7.9,237.0,5.1,0.0,0,0,0.0,0,13,27,5,6,1,2
2026-06-27 14:00:00,69,21.2,49.6,51.0,10.2,228.0,5.1,0.0,0,0,0.0,0,14,27,5,6,1,2
2026-06-27 15:00:00,69,19.8,44.6,44.0,11.6,217.0,5.1,0.0,0,0,0.0,0,15,27,5,6,1,2
2026-06-27 16:00:00,69,19.8,44.6,43.0,11.6,204.0,5.1,0.0,0,0,0.0,0,16,27,5,6,1,2
2026-06-27 17:00:00,69,19.9,44.6,44.0,10.8,188.0,5.1,0.0,0,0,0.0,0,17,27,5,6,1,3
2026-06-27 18:00:00,69,20.0,44.9,46.0,9.8,172.0,5.0,0.0,0,0,0.0,0,18,27,5,6,1,3
2026-06-27 19:00:00,69,18.2,41.9,47.0,8.7,156.0,4.7,0.0,0,0,0.0,0,19,27,5,6,1,3
2026-06-27 20:00:00,69,17.4,40.5,47.0,7.4,140.0,4.4,0.0,0,0,0.0,0,20,27,5,6,1,3
2026-06-27 21:00:00,69,16.9,39.1,48.0,6.4,129.0,4.2,0.0,0,0,0.0,0,21,27,5,6,1,0
2026-06-27 22:00:00,69,16.9,38.6,48.0,6.0,124.0,4.3,0.0,0,0,0.0,0,22,27,5,6,1,0
2026-06-27 23:00:00,69,16.8,38.2,48.0,6.0,125.0,4.5,0.0,0,0,0.0,0,23,27,5,6,1,0
2026-06-28 00:00:00,69,17.1,38.6,49.0,5.5,131.0,4.4,0.0,0,0,0.0,0,0,28,6,6,1,0
2026-06-28 01:00:00,69,17.6,38.9,50.0,5.8,148.0,4.6,0.0,0,0,0.0,0,1,28,6,6,1,0
2026-06-28 02:00:00,70,19.2,45.2,51.0,6.2,171.0,4.9,0.0,0,0,0.0,0,2,28,6,6,1,0
2026-06-28 03:00:00,70,22.9,54.2,54.0,6.1,184.0,5.1,0.0,0,0,0.0,0,3,28,6,6,1,0
2026-06-28 04:00:00,70,23.9,56.6,59.0,5.2,177.0,5.1,0.0,0,0,0.0,0,4,28,6,6,1,0
2026-06-28 05:00:00,71,24.4,59.0,66.0,3.9,160.0,4.9,0.0,0,0,0.0,0,5,28,6,6,1,0
2026-06-28 06:00:00,71,24.1,58.7,71.0,2.9,148.0,4.7,0.0,0,0,0.0,0,6,28,6,6,1,1
2026-06-28 07:00:00,71,23.3,57.4,73.0,2.4,145.0,4.5,0.0,0,0,0.0,0,7,28,6,6,1,1
2026-06-28 08:00:00,71,23.0,57.3,73.0,2.2,147.0,4.3,0.0,0,0,0.0,0,8,28,6,6,1,1
2026-06-28 09:00:00,71,22.4,55.3,72.0,2.2,152.0,4.2,0.0,0,0,0.0,0,9,28,6,6,1,1
2026-06-28 10:00:00,72,24.6,62.2,69.0,2.6,162.0,4.1,0.0,0,0,0.0,0,10,28,6,6,1,2
2026-06-28 11:00:00,72,21.9,54.4,64.0,3.2,174.0,4.1,0.0,0,0,0.0,0,11,28,6,6,1,2
2026-06-28 12:00:00,72,21.9,53.6,59.0,4.0,181.0,4.1,0.0,0,0,0.0,0,12,28,6,6,1,2
2026-06-28 13:00:00,72,21.7,51.9,55.0,5.0,177.0,4.2,0.0,0,0,0.0,0,13,28,6,6,1,2
2026-06-28 14:00:00,72,21.2,49.1,51.0,6.2,167.0,4.3,0.0,0,0,0.0,0,14,28,6,6,1,2
2026-06-28 15:00:00,72,21.7,48.1,49.0,6.9,159.0,4.4,0.0,0,0,0.0,0,15,28,6,6,1,2
2026-06-28 16:00:00,72,22.6,49.2,48.0,6.9,156.0,4.4,0.0,0,0,0.0,0,16,28,6,6,1,2
2026-06-28 17:00:00,72,23.1,49.8,49.0,6.4,154.0,4.3,0.0,0,0,0.0,0,17,28,6,6,1,3
2026-06-28 18:00:00,73,22.1,46.4,49.0,5.9,149.0,4.2,0.0,0,0,0.0,0,18,28,6,6,1,3
2026-06-28 19:00:00,73,21.8,46.1,49.0,5.3,137.0,4.0,0.0,0,0,0.0,0,19,28,6,6,1,3
2026-06-28 20:00:00,73,18.3,40.4,50.0,4.6,123.0,3.7,0.0,0,0,0.0,0,20,28,6,6,1,3
2026-06-28 21:00:00,73,17.9,39.1,50.0,4.1,113.0,3.6,0.0,0,0,0.0,0,21,28,6,6,1,0
2026-06-28 22:00:00,73,17.9,38.8,50.0,3.9,107.0,3.6,0.0,0,0,0.0,0,22,28,6,6,1,0
2026-06-28 23:00:00,73,17.9,38.8,50.0,3.8,105.0,3.7,0.0,0,0,0.0,0,23,28,6,6,1,0
2026-06-29 00:00:00,73,21.9,49.4,50.0,4.5,116.0,4.0,0.0,0,0,0.0,0,0,29,0,6,0,0
2026-06-29 01:00:00,74,22.2,49.4,51.0,5.4,154.0,4.3,0.0,0,0,0.0,0,1,29,0,6,0,0
2026-06-29 02:00:00,74,25.3,60.3,52.0,6.5,204.0,4.8,0.0,0,0,0.0,0,2,29,0,6,0,0
2026-06-29 03:00:00,75,28.3,70.5,54.0,7.0,235.0,5.1,0.0,0,0,0.0,0,3,29,0,6,0,0
2026-06-29 04:00:00,75,28.5,72.6,59.0,6.1,227.0,5.0,0.0,0,0,0.0,0,4,29,0,6,0,0
2026-06-29 05:00:00,75,28.5,72.6,66.0,4.6,199.0,4.7,0.0,0,0,0.0,0,5,29,0,6,0,0
2026-06-29 06:00:00,76,27.6,71.0,71.0,3.4,177.0,4.5,0.0,0,0,0.0,0,6,29,0,6,0,1
2026-06-29 07:00:00,76,27.1,70.3,73.0,2.9,172.0,4.3,0.0,0,0,0.0,0,7,29,0,6,0,1
2026-06-29 08:00:00,76,27.0,70.3,74.0,2.7,173.0,4.2,0.0,0,0,0.0,0,8,29,0,6,0,1
2026-06-29 09:00:00,77,25.6,65.2,73.0,3.0,178.0,4.1,0.0,0,0,0.0,0,9,29,0,6,0,1
2026-06-29 10:00:00,77,25.1,63.3,68.0,3.8,189.0,4.1,0.0,0,0,0.0,0,10,29,0,6,0,2
2026-06-29 11:00:00,77,24.4,61.7,62.0,5.1,203.0,4.2,0.0,0,0,0.0,0,11,29,0,6,0,2
2026-06-29 12:00:00,77,30.7,79.9,55.0,6.6,212.0,4.0,0.0,0,0,0.0,0,12,29,0,6,0,2
2026-06-29 13:00:00,78,31.2,77.3,53.0,7.9,210.0,4.3,0.0,0,0,0.0,0,13,29,0,6,0,2
2026-06-29 14:00:00,78,31.8,75.7,49.0,9.6,203.0,4.8,0.0,0,0,0.0,0,14,29,0,6,0,2
2026-06-29 15:00:00,79,30.9,70.3,47.0,10.7,195.0,5.1,0.0,0,0,0.0,0,15,29,0,6,0,2
2026-06-29 16:00:00,80,30.0,66.6,46.0,10.6,190.0,5.1,0.0,0,0,0.0,0,16,29,0,6,0,2
2026-06-29 17:00:00,81,26.6,56.5,46.0,9.9,185.0,4.9,0.0,0,0,0.0,0,17,29,0,6,0,3
2026-06-29 18:00:00,81,25.0,50.6,47.0,8.9,176.0,4.7,0.0,0,0,0.0,0,18,29,0,6,0,3
2026-06-29 19:00:00,81,21.1,44.8,48.0,7.7,157.0,4.5,0.0,0,0,0.0,0,19,29,0,6,0,3
2026-06-29 20:00:00,81,20.5,44.6,49.0,6.3,135.0,4.2,0.0,0,0,0.0,0,20,29,0,6,0,3
2026-06-29 21:00:00,81,20.5,44.9,50.0,5.2,119.0,4.1,0.0,0,0,0.0,0,21,29,0,6,0,0
2026-06-29 22:00:00,81,20.7,46.2,50.0,4.7,113.0,4.1,0.0,0,0,0.0,0,22,29,0,6,0,0
2026-06-29 23:00:00,82,20.7,46.4,50.0,4.5,113.0,4.2,0.0,0,0,0.0,0,23,29,0,6,0,0
2026-06-30 00:00:00,82,21.2,49.6,50.0,4.5,126.0,4.1,0.0,0,0,0.0,0,0,30,1,6,0,0
2026-06-30 01:00:00,82,21.3,48.0,49.0,6.0,162.0,4.5,0.0,0,0,0.0,0,1,30,1,6,0,0
2026-06-30 02:00:00,82,22.5,51.8,48.0,7.9,210.0,5.0,0.0,0,0,0.0,0,2,30,1,6,0,0
2026-06-30 03:00:00,82,25.7,60.1,49.0,8.8,240.0,5.3,0.0,0,0,0.0,0,3,30,1,6,0,0
2026-06-30 04:00:00,81,25.0,58.9,55.0,7.7,235.0,5.2,0.0,0,0,0.0,0,4,30,1,6,0,0
2026-06-30 05:00:00,81,24.9,59.6,64.0,5.5,213.0,5.0,0.0,0,0,0.0,0,5,30,1,6,0,0
2026-06-30 06:00:00,81,25.4,61.0,70.0,3.9,196.0,4.7,0.0,0,0,0.0,0,6,30,1,6,0,1
2026-06-30 07:00:00,81,24.7,58.8,71.0,3.4,191.0,4.5,0.0,0,0,0.0,0,7,30,1,6,0,1
2026-06-30 08:00:00,80,23.5,55.6,70.0,3.4,191.0,4.4,0.0,0,0,0.0,0,8,30,1,6,0,1
2026-06-30 09:00:00,80,23.6,57.3,68.0,3.8,195.0,4.3,0.0,0,0,0.0,0,9,30,1,6,0,1
2026-06-30 10:00:00,80,24.0,58.6,65.0,4.5,207.0,4.3,0.0,0,0,0.0,0,10,30,1,6,0,2
2026-06-30 11:00:00,80,22.9,55.4,60.0,5.6,223.0,4.3,0.0,0,0,0.0,0,11,30,1,6,0,2
2026-06-30 12:00:00,80,25.7,61.9,56.0,6.9,232.0,4.4,0.0,0,0,0.0,0,12,30,1,6,0,2
2026-06-30 13:00:00,79,23.9,56.8,52.0,8.5,227.0,4.6,0.0,0,0,0.0,0,13,30,1,6,0,2
2026-06-30 14:00:00,79,22.0,50.1,47.0,10.7,214.0,4.9,0.0,0,0,0.0,0,14,30,1,6,0,2
2026-06-30 15:00:00,78,21.3,45.8,44.0,12.0,203.0,5.1,0.0,0,0,0.0,0,15,30,1,6,0,2
2026-06-30 16:00:00,77,17.6,37.5,43.0,11.9,197.0,5.1,0.0,0,0,0.0,0,16,30,1,6,0,2
2026-06-30 17:00:00,76,17.3,38.4,44.0,10.9,192.0,5.1,0.0,0,0,0.0,0,17,30,1,6,0,3
2026-06-30 18:00:00,76,18.0,40.6,45.0,9.8,183.0,5.0,0.0,0,0,0.0,0,18,30,1,6,0,3
2026-06-30 19:00:00,75,19.6,44.7,46.0,8.6,164.0,4.8,0.0,0,0,0.0,0,19,30,1,6,0,3
2026-06-30 20:00:00,75,18.3,41.2,47.0,7.2,141.0,4.5,0.0,0,0,0.0,0,20,30,1,6,0,3
2026-06-30 21:00:00,75,17.6,39.7,48.0,6.1,125.0,4.3,0.0,0,0,0.0,0,21,30,1,6,0,0
2026-06-30 22:00:00,74,17.2,38.5,48.0,5.5,116.0,4.3,0.0,0,0,0.0,0,22,30,1,6,0,0
2026-06-30 23:00:00,74,17.1,38.0,49.0,5.3,114.0,4.4,0.0,0,0,0.0,0,23,30,1,6,0,0
2026-07-01 00:00:00,74,17.2,39.1,49.0,5.4,127.0,4.6,0.0,0,0,0.0,0,0,1,2,7,0,0
2026-07-01 01:00:00,74,17.6,38.9,49.0,6.7,171.0,4.9,0.0,0,0,0.0,0,1,1,2,7,0,0
2026-07-01 02:00:00,73,19.2,44.5,50.0,8.3,231.0,5.3,0.0,0,0,0.0,0,2,1,2,7,0,0
2026-07-01 03:00:00,73,21.9,51.6,52.0,9.1,267.0,5.5,0.0,0,0,0.0,0,3,1,2,7,0,0
2026-07-01 04:00:00,73,22.2,52.2,58.0,8.1,255.0,5.5,0.0,0,0,0.0,0,4,1,2,7,0,0
2026-07-01 05:00:00,73,21.6,51.1,66.0,6.3,218.0,5.3,0.0,0,0,0.0,0,5,1,2,7,0,0
2026-07-01 06:00:00,72,21.1,48.2,71.0,4.9,192.0,5.2,0.0,0,0,0.0,0,6,1,2,7,0,1
2026-07-01 07:00:00,72,20.1,45.8,72.0,4.4,189.0,5.1,0.0,0,0,0.0,0,7,1,2,7,0,1
2026-07-01 08:00:00,72,24.2,59.6,71.0,4.3,196.0,5.0,0.0,0,0,0.0,0,8,1,2,7,0,1
2026-07-01 09:00:00,72,21.4,48.3,69.0,4.6,207.0,4.9,0.0,0,0,0.0,0,9,1,2,7,0,1
2026-07-01 10:00:00,71,21.2,47.4,65.0,5.3,224.0,4.9,0.0,0,0,0.0,0,10,1,2,7,0,2
2026-07-01 11:00:00,71,22.0,49.1,60.0,6.3,246.0,4.8,0.0,0,0,0.0,0,11,1,2,7,0,2
2026-07-01 12:00:00,71,20.5,48.7,56.0,7.4,258.0,4.6,0.0,0,0,0.0,0,12,1,2,7,0,2
2026-07-01 13:00:00,71,21.1,49.5,51.0,9.4,253.0,4.9,0.0,0,0,0.0,0,13,1,2,7,0,2
2026-07-01 14:00:00,71,21.2,48.5,45.0,12.2,238.0,5.3,0.0,0,0,0.0,0,14,1,2,7,0,2
2026-07-01 15:00:00,70,19.6,44.1,40.0,14.2,224.0,5.6,0.0,0,0,0.0,0,15,1,2,7,0,2
2026-07-01 16:00:00,70,18.2,39.1,38.0,14.7,216.0,5.7,0.0,0,0,0.0,0,16,1,2,7,0,2
2026-07-01 17:00:00,70,18.3,38.6,37.0,14.4,210.0,5.7,0.0,0,0,0.0,0,17,1,2,7,0,3
2026-07-01 18:00:00,70,19.0,40.7,37.0,13.5,199.0,5.6,0.0,0,0,0.0,0,18,1,2,7,0,3
2026-07-01 19:00:00,71,19.5,42.4,38.0,11.7,180.0,5.3,0.0,0,0,0.0,0,19,1,2,7,0,3
2026-07-01 20:00:00,71,20.0,44.5,40.0,9.4,157.0,4.9,0.0,0,0,0.0,0,20,1,2,7,0,3
2026-07-01 21:00:00,71,20.2,45.2,41.0,7.6,140.0,4.7,0.0,0,0,0.0,0,21,1,2,7,0,0
2026-07-01 22:00:00,71,20.2,45.8,41.0,6.8,127.0,4.7,0.0,0,0,0.0,0,22,1,2,7,0,0
2026-07-01 23:00:00,71,19.9,45.2,40.0,6.7,120.0,4.9,0.0,0,0,0.0,0,23,1,2,7,0,0
2026-07-02 00:00:00,71,19.2,44.4,41.0,7.3,131.0,5.3,0.0,0,0,0.0,0,0,2,3,7,0,0
2026-07-02 01:00:00,71,19.0,43.4,41.0,8.5,181.0,5.9,0.0,0,0,0.0,0,1,2,3,7,0,0
2026-07-02 02:00:00,72,20.8,51.2,41.0,10.2,250.0,6.6,0.0,0,0,0.0,0,2,2,3,7,0,0
2026-07-02 03:00:00,72,22.7,59.4,43.0,10.9,292.0,7.1,0.0,0,0,0.0,0,3,2,3,7,0,0
2026-07-02 04:00:00,72,22.8,58.9,50.0,9.8,278.0,7.0,0.0,0,0,0.0,0,4,2,3,7,0,0
2026-07-02 05:00:00,72,23.2,61.2,59.0,7.8,236.0,6.6,0.0,0,0,0.0,0,5,2,3,7,0,0
2026-07-02 06:00:00,72,24.4,64.7,66.0,6.2,204.0,6.3,0.0,0,0,0.0,0,6,2,3,7,0,1
2026-07-02 07:00:00,72,24.3,65.9,68.0,5.3,195.0,6.1,0.0,0,0,0.0,0,7,2,3,7,0,1
2026-07-02 08:00:00,73,24.4,66.4,68.0,4.8,195.0,5.9,0.0,0,0,0.0,0,8,2,3,7,0,1
2026-07-02 09:00:00,73,25.0,66.6,67.0,4.8,201.0,5.7,0.0,0,0,0.0,0,9,2,3,7,0,1
2026-07-02 10:00:00,73,24.7,65.4,65.0,5.4,215.0,5.6,0.0,0,0,0.0,0,10,2,3,7,0,2
2026-07-02 11:00:00,73,23.8,61.7,61.0,6.6,234.0,5.5,0.0,0,0,0.0,0,11,2,3,7,0,2
2026-07-02 12:00:00,73,28.3,75.9,57.0,7.7,246.0,5.4,0.0,0,0,0.0,0,12,2,3,7,0,2
2026-07-02 13:00:00,74,27.2,74.5,53.0,9.5,244.0,5.7,0.0,0,0,0.0,0,13,2,3,7,0,2
2026-07-02 14:00:00,74,27.6,74.0,48.0,12.2,234.0,6.2,0.0,0,0,0.0,0,14,2,3,7,0,2
2026-07-02 15:00:00,75,27.1,69.4,43.0,14.7,226.0,6.7,0.0,0,0,0.0,0,15,2,3,7,0,2
2026-07-02 16:00:00,75,24.9,61.9,39.0,17.5,225.0,7.4,0.0,0,0,0.0,0,16,2,3,7,0,2
2026-07-02 17:00:00,76,25.0,60.5,35.0,20.2,225.0,8.1,0.0,0,0,0.0,0,17,2,3,7,0,3
2026-07-02 18:00:00,77,24.3,56.0,33.0,20.9,216.0,8.3,0.0,0,0,0.0,0,18,2,3,7,0,3
2026-07-02 19:00:00,77,22.8,52.7,35.0,17.9,190.0,7.5,0.0,0,0,0.0,0,19,2,3,7,0,3
2026-07-02 20:00:00,77,20.8,48.2,40.0,13.0,155.0,6.2,0.0,0,0,0.0,0,20,2,3,7,0,3
2026-07-02 21:00:00,77,19.9,46.6,44.0,9.1,130.0,5.3,0.0,0,0,0.0,0,21,2,3,7,0,0
2026-07-02 22:00:00,77,19.5,45.9,45.0,7.5,119.0,5.1,0.0,0,0,0.0,0,22,2,3,7,0,0
2026-07-02 23:00:00,77,19.2,45.4,45.0,7.0,117.0,5.3,0.0,0,0,0.0,0,23,2,3,7,0,0
2026-07-03 00:00:00,77,21.0,51.1,46.0,8.0,132.0,6.0,0.0,0,0,0.0,0,0,3,4,7,0,0
2026-07-03 01:00:00,77,20.6,49.9,47.0,8.5,180.0,6.2,0.0,0,0,0.0,0,1,3,4,7,0,0
2026-07-03 02:00:00,77,21.6,56.7,50.0,9.2,245.0,6.5,0.0,0,0,0.0,0,2,3,4,7,0,0
2026-07-03 03:00:00,77,22.4,61.2,53.0,9.3,282.0,6.6,0.0,0,0,0.0,0,3,3,4,7,0,0
2026-07-03 04:00:00,77,24.1,65.7,58.0,8.3,262.0,6.5,0.0,0,0,0.0,0,4,3,4,7,0,0
2026-07-03 05:00:00,78,25.1,71.7,65.0,6.8,215.0,6.3,0.0,0,0,0.0,0,5,3,4,7,0,0
2026-07-03 06:00:00,78,26.1,76.1,70.0,5.6,181.0,6.1,0.0,0,0,0.0,0,6,3,4,7,0,1
2026-07-03 07:00:00,78,26.1,73.6,72.0,5.0,178.0,5.9,0.0,0,0,0.0,0,7,3,4,7,0,1
2026-07-03 08:00:00,78,26.6,76.6,73.0,4.8,188.0,5.6,0.0,0,0,0.0,0,8,3,4,7,0,1
2026-07-03 09:00:00,78,24.6,67.8,72.0,4.8,200.0,5.4,0.0,0,0,0.0,0,9,3,4,7,0,1
2026-07-03 10:00:00,78,23.6,65.2,69.0,5.1,215.0,5.3,0.0,0,0,0.0,0,10,3,4,7,0,2
2026-07-03 11:00:00,78,22.4,60.5,65.0,5.7,233.0,5.2,0.0,0,0,0.0,0,11,3,4,7,0,2
2026-07-03 12:00:00,78,28.1,78.2,65.0,7.0,242.0,5.7,0.0,0,0,0.0,0,12,3,4,7,0,2
2026-07-03 13:00:00,78,27.2,74.3,58.0,8.8,235.0,5.8,0.0,0,0,0.0,0,13,3,4,7,0,2
2026-07-03 14:00:00,78,26.1,67.8,49.0,11.2,219.0,5.9,0.0,0,0,0.0,0,14,3,4,7,0,2
2026-07-03 15:00:00,78,26.0,64.0,42.0,12.7,203.0,5.9,0.0,0,0,0.0,0,15,3,4,7,0,2
2026-07-03 16:00:00,78,25.2,61.0,41.0,12.4,191.0,5.8,0.0,0,0,0.0,0,16,3,4,7,0,2
2026-07-03 17:00:00,78,22.3,54.0,43.0,11.2,178.0,5.6,0.0,0,0,0.0,0,17,3,4,7,0,3
2026-07-03 18:00:00,77,23.5,57.7,45.0,9.9,165.0,5.4,0.0,0,0,0.0,0,18,3,4,7,0,3
2026-07-03 19:00:00,77,22.6,53.7,47.0,8.7,148.0,5.1,0.0,0,0,0.0,0,19,3,4,7,0,3
2026-07-03 20:00:00,77,22.6,52.9,49.0,7.4,131.0,4.9,0.0,0,0,0.0,0,20,3,4,7,0,3
2026-07-03 21:00:00,78,21.1,47.1,51.0,6.4,119.0,4.7,0.0,0,0,0.0,0,21,3,4,7,0,0
2026-07-03 22:00:00,78,20.5,46.0,52.0,5.8,112.0,4.7,0.0,0,0,0.0,0,22,3,4,7,0,0
2026-07-03 23:00:00,78,20.7,48.0,52.0,5.5,109.0,4.9,0.0,0,0,0.0,0,23,3,4,7,0,0
2026-07-04 00:00:00,78,21.4,51.9,53.0,5.4,121.0,5.0,0.0,0,0,0.0,0,0,4,5,7,1,0
2026-07-04 01:00:00,78,22.6,55.2,53.0,6.5,161.0,5.2,0.0,0,0,0.0,0,1,4,5,7,1,0
2026-07-04 02:00:00,78,25.4,68.9,54.0,8.0,214.0,5.4,0.0,0,0,0.0,0,2,4,5,7,1,0
2026-07-04 03:00:00,78,31.2,88.0,56.0,8.7,246.0,5.6,0.0,0,0,0.0,0,3,4,5,7,1,0
2026-07-04 04:00:00,79,34.3,100.4,61.0,7.8,236.0,5.6,0.0,0,0,0.0,0,4,4,5,7,1,0
2026-07-04 05:00:00,80,35.9,108.3,68.0,6.1,206.0,5.5,0.0,0,0,0.0,0,5,4,5,7,1,0
2026-07-04 06:00:00,81,37.0,116.9,74.0,4.7,183.0,5.3,0.0,0,0,0.0,0,6,4,5,7,1,1
2026-07-04 07:00:00,82,37.5,119.2,78.0,3.9,178.0,5.1,0.0,0,0,0.0,0,7,4,5,7,1,1
2026-07-04 08:00:00,82,38.4,121.5,81.0,3.3,182.0,4.8,0.0,0,0,0.0,0,8,4,5,7,1,1
2026-07-04 09:00:00,83,34.8,108.5,82.0,3.3,190.0,4.7,0.0,0,0,0.0,0,9,4,5,7,1,1
2026-07-04 10:00:00,84,33.8,104.5,79.0,4.0,207.0,4.8,0.0,0,0,0.0,0,10,4,5,7,1,2
2026-07-04 11:00:00,85,33.6,105.2,73.0,5.2,230.0,5.1,0.0,0,0,0.0,0,11,4,5,7,1,2
2026-07-04 12:00:00,86,41.4,143.4,68.0,6.4,242.0,5.0,0.0,0,0,0.0,0,12,4,5,7,1,2
2026-07-04 13:00:00,87,39.8,132.7,61.0,8.8,236.0,5.3,0.0,0,0,0.0,0,13,4,5,7,1,2
2026-07-04 14:00:00,88,38.2,121.1,52.0,12.1,219.0,5.7,0.0,0,0,0.0,0,14,4,5,7,1,2
2026-07-04 15:00:00,89,36.8,106.9,46.0,14.3,203.0,5.9,0.0,0,0,0.0,0,15,4,5,7,1,2
2026-07-04 16:00:00,90,33.6,99.7,45.0,14.3,191.0,5.9,0.0,0,0,0.0,0,16,4,5,7,1,2
2026-07-04 17:00:00,90,35.4,104.1,46.0,13.2,180.0,5.8,0.0,0,0,0.0,0,17,4,5,7,1,3
2026-07-04 18:00:00,91,37.0,107.8,48.0,11.8,167.0,5.6,0.0,0,0,0.0,0,18,4,5,7,1,3
2026-07-04 19:00:00,92,34.6,96.4,49.0,10.3,148.0,5.3,0.0,0,0,0.0,0,19,4,5,7,1,3
2026-07-04 20:00:00,93,31.4,86.1,50.0,8.5,128.0,4.9,0.0,0,0,0.0,0,20,4,5,7,1,3
2026-07-04 21:00:00,94,29.8,82.0,51.0,7.1,113.0,4.6,0.0,0,0,0.0,0,21,4,5,7,1,0
2026-07-04 22:00:00,95,28.6,78.7,52.0,6.2,107.0,4.5,0.0,0,0,0.0,0,22,4,5,7,1,0
2026-07-04 23:00:00,95,27.8,77.1,52.0,5.6,107.0,4.5,0.0,0,0,0.0,0,23,4,5,7,1,0
2026-07-05 00:00:00,96,30.3,84.5,56.0,4.8,115.0,4.3,0.0,0,0,0.0,0,0,5,6,7,1,0
2026-07-05 01:00:00,97,30.6,87.1,56.0,5.4,140.0,4.7,0.0,0,0,0.0,0,1,5,6,7,1,0
2026-07-05 02:00:00,97,32.4,99.0,57.0,6.1,174.0,5.2,0.0,0,0,0.0,0,2,5,6,7,1,0
2026-07-05 03:00:00,98,36.7,114.1,60.0,6.3,194.0,5.6,0.0,0,0,0.0,0,3,5,6,7,1,0
2026-07-05 04:00:00,98,39.3,122.5,69.0,5.5,186.0,5.8,0.0,0,0,0.0,0,4,5,6,7,1,0
2026-07-05 05:00:00,99,39.7,122.0,80.0,4.3,165.0,6.0,0.0,0,0,0.0,0,5,5,6,7,1,0
2026-07-05 06:00:00,99,39.0,119.0,89.0,3.3,150.0,6.0,0.0,0,0,0.0,0,6,5,6,7,1,1
2026-07-05 07:00:00,99,37.8,114.3,93.0,2.8,149.0,5.9,0.0,0,0,0.0,0,7,5,6,7,1,1
2026-07-05 08:00:00,99,37.0,111.5,95.0,2.6,154.0,5.7,0.0,0,0,0.0,0,8,5,6,7,1,1
2026-07-05 09:00:00,99,36.7,110.4,93.0,2.7,161.0,5.5,0.0,0,0,0.0,0,9,5,6,7,1,1
2026-07-05 10:00:00,99,36.8,109.7,87.0,3.0,172.0,5.4,0.0,0,0,0.0,0,10,5,6,7,1,2
2026-07-05 11:00:00,99,36.3,105.9,78.0,3.6,186.0,5.3,0.0,0,0,0.0,0,11,5,6,7,1,2
2026-07-05 12:00:00,100,46.8,134.1,71.0,4.4,192.0,5.2,0.0,0,0,0.0,0,12,5,6,7,1,2
2026-07-05 13:00:00,100,46.4,131.3,65.0,5.6,185.0,5.3,0.0,0,0,0.0,0,13,5,6,7,1,2
2026-07-05 14:00:00,101,44.4,120.1,57.0,7.3,172.0,5.5,0.0,0,0,0.0,0,14,5,6,7,1,2
2026-07-05 15:00:00,101,42.7,110.6,50.0,8.8,160.0,5.7,0.0,0,0,0.0,0,15,5,6,7,1,2
2026-07-05 16:00:00,102,41.3,102.4,47.0,9.9,154.0,5.9,0.0,0,0,0.0,0,16,5,6,7,1,2
2026-07-05 17:00:00,103,35.9,88.7,46.0,10.7,149.0,6.2,0.0,0,0,0.0,0,17,5,6,7,1,3
2026-07-05 18:00:00,103,34.0,83.6,46.0,11.0,143.0,6.3,0.0,0,0,0.0,0,18,5,6,7,1,3
2026-07-05 19:00:00,103,33.3,82.4,46.0,10.4,133.0,6.1,0.0,0,0,0.0,0,19,5,6,7,1,3
2026-07-05 20:00:00,102,32.4,78.9,46.0,9.3,121.0,5.7,0.0,0,0,0.0,0,20,5,6,7,1,3
2026-07-05 21:00:00,103,31.8,77.8,46.0,8.3,114.0,5.5,0.0,0,0,0.0,0,21,5,6,7,1,0
2026-07-05 22:00:00,103,32.2,78.2,46.0,7.7,108.0,5.5,0.0,0,0,0.0,0,22,5,6,7,1,0
2026-07-05 23:00:00,103,40.7,103.6,46.0,7.3,105.0,5.7,0.0,0,0,0.0,0,23,5,6,7,1,0
2026-07-06 00:00:00,104,28.9,64.5,48.0,7.2,121.0,5.6,0.0,0,0,0.0,0,0,6,0,7,0,0
2026-07-06 01:00:00,104,29.9,70.3,49.0,8.2,175.0,6.2,0.0,0,0,0.0,0,1,6,0,7,0,0
2026-07-06 02:00:00,104,34.2,93.8,51.0,9.5,247.0,7.1,0.0,0,0,0.0,0,2,6,0,7,0,0
2026-07-06 03:00:00,104,38.5,111.5,56.0,10.0,292.0,7.7,0.0,0,0,0.0,0,3,6,0,7,0,0
2026-07-06 04:00:00,105,43.1,126.7,68.0,8.7,281.0,8.0,0.0,0,0,0.0,0,4,6,0,7,0,0
2026-07-06 05:00:00,105,45.9,134.1,84.0,6.6,242.0,8.1,0.0,0,0,0.0,0,5,6,0,7,0,0
2026-07-06 06:00:00,106,47.7,133.6,97.0,4.9,213.0,8.0,0.0,0,0,0.0,0,6,6,0,7,0,1
2026-07-06 07:00:00,107,46.9,125.7,104.0,4.1,210.0,7.6,0.0,0,0,0.0,0,7,6,0,7,0,1
2026-07-06 08:00:00,107,45.1,117.3,107.0,3.7,218.0,7.1,0.0,0,0,0.0,0,8,6,0,7,0,1
2026-07-06 09:00:00,108,42.0,106.9,106.0,3.8,228.0,6.7,0.0,0,0,0.0,0,9,6,0,7,0,1
2026-07-06 10:00:00,109,38.4,95.9,99.0,4.5,240.0,6.6,0.0,0,0,0.0,0,10,6,0,7,0,2
2026-07-06 11:00:00,109,35.0,85.7,89.0,5.6,254.0,6.6,0.0,0,0,0.0,0,11,6,0,7,0,2
2026-07-06 12:00:00,109,42.6,110.8,91.0,8.0,262.0,7.5,0.0,0,0,0.0,0,12,6,0,7,0,2
2026-07-06 13:00:00,108,39.0,97.6,78.0,10.9,259.0,7.5,0.0,0,0,0.0,0,13,6,0,7,0,2
2026-07-06 14:00:00,108,35.0,83.8,60.0,15.0,249.0,7.6,0.0,0,0,0.0,0,14,6,0,7,0,2
2026-07-06 15:00:00,107,30.4,69.6,46.0,18.6,239.0,7.8,0.0,0,0,0.0,0,15,6,0,7,0,2
2026-07-06 16:00:00,105,27.2,60.1,39.0,21.4,230.0,8.3,0.0,0,0,0.0,0,16,6,0,7,0,2
2026-07-06 17:00:00,104,26.8,57.5,36.0,23.8,221.0,8.9,0.0,0,0,0.0,0,17,6,0,7,0,3
2026-07-06 18:00:00,103,26.7,54.2,35.0,24.6,210.0,9.2,0.0,0,0,0.0,0,18,6,0,7,0,3
2026-07-06 19:00:00,102,27.3,54.4,36.0,23.0,195.0,8.9,0.0,0,0,0.0,0,19,6,0,7,0,3
2026-07-06 20:00:00,102,26.1,50.3,39.0,19.8,178.0,8.3,0.0,0,0,0.0,0,20,6,0,7,0,3
2026-07-06 21:00:00,101,24.7,47.0,42.0,17.0,165.0,7.8,0.0,0,0,0.0,0,21,6,0,7,0,0
2026-07-06 22:00:00,100,23.5,43.4,44.0,15.1,152.0,7.7,0.0,0,0,0.0,0,22,6,0,7,0,0
2026-07-06 23:00:00,99,22.8,41.7,46.0,13.6,143.0,7.7,0.0,0,0,0.0,0,23,6,0,7,0,0
2026-07-07 00:00:00,98,24.4,48.3,45.0,14.0,155.0,8.2,0.0,0,0,0.0,0,0,7,1,7,0,0
2026-07-07 01:00:00,98,25.0,49.5,51.0,13.5,211.0,8.2,0.0,0,0,0.0,0,1,7,1,7,0,0
2026-07-07 02:00:00,97,27.9,60.3,59.0,12.7,288.0,8.1,0.0,0,0,0.0,0,2,7,1,7,0,0
2026-07-07 03:00:00,97,28.1,63.3,69.0,11.6,336.0,8.1,0.0,0,0,0.0,0,3,7,1,7,0,0
2026-07-07 04:00:00,96,29.2,67.1,83.0,9.8,325.0,8.3,0.0,0,0,0.0,0,4,7,1,7,0,0
2026-07-07 05:00:00,95,31.1,69.8,100.0,7.5,285.0,8.5,0.0,0,0,0.0,0,5,7,1,7,0,0
2026-07-07 06:00:00,94,31.3,68.5,112.0,5.8,254.0,8.6,0.0,0,0,0.0,0,6,7,1,7,0,1
2026-07-07 07:00:00,92,31.2,67.5,118.0,4.9,247.0,8.4,0.0,0,0,0.0,0,7,7,1,7,0,1
2026-07-07 08:00:00,91,30.4,65.9,120.0,4.4,250.0,8.1,0.0,0,0,0.0,0,8,7,1,7,0,1
2026-07-07 09:00:00,90,29.9,65.0,118.0,4.5,259.0,7.8,0.0,0,0,0.0,0,9,7,1,7,0,1
2026-07-07 10:00:00,89,29.6,65.2,110.0,5.2,278.0,7.5,0.0,0,0,0.0,0,10,7,1,7,0,2
2026-07-07 11:00:00,88,29.3,64.5,97.0,6.5,303.0,7.1,0.0,0,0,0.0,0,11,7,1,7,0,2
2026-07-07 12:00:00,88,29.3,61.9,94.0,7.8,319.0,7.6,0.0,0,0,0.0,0,12,7,1,7,0,2
2026-07-07 13:00:00,87,29.4,65.2,83.0,9.5,318.0,7.5,0.0,0,0,0.0,0,13,7,1,7,0,2
2026-07-07 14:00:00,86,28.1,63.6,68.0,11.8,308.0,7.3,0.0,0,0,0.0,0,14,7,1,7,0,2
2026-07-07 15:00:00,86,25.2,58.6,57.0,13.4,292.0,7.1,0.0,0,0,0.0,0,15,7,1,7,0,2
2026-07-07 16:00:00,85,25.4,59.6,53.0,13.8,270.0,7.0,0.0,0,0,0.0,0,16,7,1,7,0,2
2026-07-07 17:00:00,85,24.2,51.1,52.0,13.5,242.0,6.9,0.0,0,0,0.0,0,17,7,1,7,0,3
2026-07-07 18:00:00,85,24.1,49.5,52.0,12.7,214.0,6.7,0.0,0,0,0.0,0,18,7,1,7,0,3
2026-07-07 19:00:00,85,23.7,46.9,52.0,11.4,185.0,6.3,0.0,0,0,0.0,0,19,7,1,7,0,3
2026-07-07 20:00:00,84,23.6,46.9,53.0,9.6,156.0,5.8,0.0,0,0,0.0,0,20,7,1,7,0,3
2026-07-07 21:00:00,84,23.1,45.3,54.0,8.1,137.0,5.4,0.0,0,0,0.0,0,21,7,1,7,0,0
2026-07-07 22:00:00,84,23.0,46.4,54.0,7.1,128.0,5.2,0.0,0,0,0.0,0,22,7,1,7,0,0
2026-07-07 23:00:00,84,22.9,47.5,54.0,6.3,128.0,5.1,0.0,0,0,0.0,0,23,7,1,7,0,0
2026-07-08 00:00:00,84,23.2,49.0,54.0,6.7,146.0,5.5,0.0,0,0,0.0,0,0,8,2,7,0,0
2026-07-08 01:00:00,84,23.7,52.0,53.0,8.7,198.0,6.0,0.0,0,0,0.0,0,1,8,2,7,0,0
2026-07-08 02:00:00,84,25.7,60.3,52.0,11.3,268.0,6.8,0.0,0,0,0.0,0,2,8,2,7,0,0
2026-07-08 03:00:00,84,28.4,74.0,55.0,12.6,310.0,7.3,0.0,0,0,0.0,0,3,8,2,7,0,0
2026-07-08 04:00:00,84,32.5,87.1,67.0,11.1,299.0,7.4,0.0,0,0,0.0,0,4,8,2,7,0,0
2026-07-08 05:00:00,84,34.1,91.7,85.0,8.3,260.0,7.3,0.0,0,0,0.0,0,5,8,2,7,0,0
2026-07-08 06:00:00,84,35.0,94.5,97.0,5.9,229.0,7.0,0.0,0,0,0.0,0,6,8,2,7,0,1
2026-07-08 07:00:00,85,34.9,93.4,101.0,4.7,217.0,6.5,0.0,0,0,0.0,0,7,8,2,7,0,1
2026-07-08 08:00:00,85,33.9,88.2,101.0,4.0,213.0,6.0,0.0,0,0,0.0,0,8,8,2,7,0,1
2026-07-08 09:00:00,85,32.8,82.2,98.0,3.9,217.0,5.5,0.0,0,0,0.0,0,9,8,2,7,0,1
2026-07-08 10:00:00,85,31.7,76.6,92.0,4.5,234.0,5.3,0.0,0,0,0.0,0,10,8,2,7,0,2
2026-07-08 11:00:00,85,30.6,72.6,82.0,5.7,259.0,5.1,0.0,0,0,0.0,0,11,8,2,7,0,2
2026-07-08 12:00:00,86,37.5,89.9,72.0,7.5,272.0,5.2,0.0,0,0,0.0,0,12,8,2,7,0,2
2026-07-08 13:00:00,86,35.5,81.0,66.0,9.0,263.0,5.3,0.0,0,0,0.0,0,13,8,2,7,0,2
2026-07-08 14:00:00,87,30.9,67.5,58.0,11.1,242.0,5.4,0.0,0,0,0.0,0,14,8,2,7,0,2
2026-07-08 15:00:00,87,27.6,59.0,52.0,12.7,224.0,5.5,0.0,0,0,0.0,0,15,8,2,7,0,2
2026-07-08 16:00:00,87,26.5,53.1,49.0,13.4,214.0,5.7,0.0,0,0,0.0,0,16,8,2,7,0,2
2026-07-08 17:00:00,87,25.6,51.9,48.0,13.5,207.0,5.9,0.0,0,0,0.0,0,17,8,2,7,0,3
2026-07-08 18:00:00,87,25.3,52.7,47.0,13.0,196.0,6.0,0.0,0,0,0.0,0,18,8,2,7,0,3
2026-07-08 19:00:00,87,24.8,53.1,47.0,11.6,177.0,5.7,0.0,0,0,0.0,0,19,8,2,7,0,3
2026-07-08 20:00:00,87,23.7,52.3,48.0,9.5,155.0,5.3,0.0,0,0,0.0,0,20,8,2,7,0,3
2026-07-08 21:00:00,87,22.6,51.7,48.0,7.7,138.0,4.9,0.0,0,0,0.0,0,21,8,2,7,0,0
2026-07-08 22:00:00,87,21.5,50.6,48.0,6.4,126.0,4.7,0.0,0,0,0.0,0,22,8,2,7,0,0
2026-07-08 23:00:00,87,20.0,47.8,48.0,5.3,119.0,4.5,0.0,0,0,0.0,0,23,8,2,7,0,0
2026-07-09 00:00:00,87,20.2,48.3,50.0,5.4,128.0,4.5,0.0,0,0,0.0,0,0,9,3,7,0,0
2026-07-09 01:00:00,87,19.4,46.2,49.0,6.5,169.0,4.7,0.0,0,0,0.0,0,1,9,3,7,0,0
2026-07-09 02:00:00,87,22.1,55.8,49.0,7.8,227.0,5.1,0.0,0,0,0.0,0,2,9,3,7,0,0
2026-07-09 03:00:00,86,24.1,61.7,51.0,8.4,261.0,5.3,0.0,0,0,0.0,0,3,9,3,7,0,0
2026-07-09 04:00:00,86,26.3,66.6,58.0,7.3,249.0,5.4,0.0,0,0,0.0,0,4,9,3,7,0,0
2026-07-09 05:00:00,85,26.3,66.6,67.0,5.4,213.0,5.4,0.0,0,0,0.0,0,5,9,3,7,0,0
2026-07-09 06:00:00,85,26.0,65.4,74.0,3.9,186.0,5.3,0.0,0,0,0.0,0,6,9,3,7,0,1
2026-07-09 07:00:00,84,25.5,64.3,77.0,3.3,179.0,5.2,0.0,0,0,0.0,0,7,9,3,7,0,1
2026-07-09 08:00:00,83,26.6,67.8,78.0,3.0,181.0,5.1,0.0,0,0,0.0,0,8,9,3,7,0,1
2026-07-09 09:00:00,83,26.7,67.3,77.0,3.2,187.0,5.0,0.0,0,0,0.0,0,9,9,3,7,0,1
2026-07-09 10:00:00,82,25.3,61.5,73.0,3.8,198.0,4.9,0.0,0,0,0.0,0,10,9,3,7,0,2
2026-07-09 11:00:00,82,24.7,57.0,68.0,4.7,214.0,4.9,0.0,0,0,0.0,0,11,9,3,7,0,2
2026-07-09 12:00:00,81,29.0,67.8,63.0,6.2,224.0,5.2,0.0,0,0,0.0,0,12,9,3,7,0,2
2026-07-09 13:00:00,81,29.2,65.2,58.0,7.9,225.0,5.3,0.0,0,0,0.0,0,13,9,3,7,0,2
2026-07-09 14:00:00,80,28.9,62.9,51.0,10.2,220.0,5.3,0.0,0,0,0.0,0,14,9,3,7,0,2
2026-07-09 15:00:00,80,26.1,55.6,46.0,11.7,212.0,5.4,0.0,0,0,0.0,0,15,9,3,7,0,2
2026-07-09 16:00:00,80,23.8,49.9,44.0,11.8,203.0,5.4,0.0,0,0,0.0,0,16,9,3,7,0,2
2026-07-09 17:00:00,80,23.3,49.5,44.0,11.0,191.0,5.4,0.0,0,0,0.0,0,17,9,3,7,0,3
2026-07-09 18:00:00,80,22.4,48.2,44.0,9.9,176.0,5.3,0.0,0,0,0.0,0,18,9,3,7,0,3
2026-07-09 19:00:00,79,21.1,46.1,44.0,8.2,156.0,4.9,0.0,0,0,0.0,0,19,9,3,7,0,3
2026-07-09 20:00:00,79,19.6,42.4,45.0,6.2,134.0,4.4,0.0,0,0,0.0,0,20,9,3,7,0,3
2026-07-09 21:00:00,79,18.3,39.1,45.0,4.7,118.0,4.0,0.0,0,0,0.0,0,21,9,3,7,0,0
2026-07-09 22:00:00,78,17.1,36.1,45.0,4.1,109.0,3.9,0.0,0,0,0.0,0,22,9,3,7,0,0
2026-07-09 23:00:00,78,16.2,34.0,44.0,4.0,106.0,4.0,0.0,0,0,0.0,0,23,9,3,7,0,0
2026-07-10 00:00:00,78,15.7,31.9,45.0,4.2,117.0,3.9,0.0,0,0,0.0,0,0,10,4,7,0,0
2026-07-10 01:00:00,77,15.4,31.7,45.0,5.4,156.0,4.1,0.0,0,0,0.0,0,1,10,4,7,0,0
2026-07-10 02:00:00,77,16.5,34.8,44.0,6.9,209.0,4.5,0.0,0,0,0.0,0,2,10,4,7,0,0
2026-07-10 03:00:00,77,21.0,45.6,46.0,7.6,241.0,4.7,0.0,0,0,0.0,0,3,10,4,7,0,0
2026-07-10 04:00:00,76,23.4,53.9,51.0,6.7,232.0,4.8,0.0,0,0,0.0,0,4,10,4,7,0,0
2026-07-10 05:00:00,76,23.4,55.1,58.0,5.0,202.0,4.8,0.0,0,0,0.0,0,5,10,4,7,0,0
2026-07-10 06:00:00,76,24.0,57.4,64.0,3.7,179.0,4.7,0.0,0,0,0.0,0,6,10,4,7,0,1
2026-07-10 07:00:00,76,24.9,60.8,68.0,3.1,172.0,4.6,0.0,0,0,0.0,0,7,10,4,7,0,1
2026-07-10 08:00:00,76,25.1,60.5,70.0,2.8,171.0,4.5,0.0,0,0,0.0,0,8,10,4,7,0,1
2026-07-10 09:00:00,76,24.9,60.3,70.0,2.9,175.0,4.4,0.0,0,0,0.0,0,9,10,4,7,0,1
2026-07-10 10:00:00,75,25.1,60.1,67.0,3.5,187.0,4.3,0.0,0,0,0.0,0,10,10,4,7,0,2
2026-07-10 11:00:00,75,25.1,59.0,63.0,4.4,204.0,4.3,0.0,0,0,0.0,0,11,10,4,7,0,2
2026-07-10 12:00:00,75,33.1,80.1,61.0,5.3,215.0,4.2,0.0,0,0,0.0,0,12,10,4,7,0,2
2026-07-10 13:00:00,76,32.9,76.8,58.0,6.2,213.0,4.3,0.0,0,0,0.0,0,13,10,4,7,0,2
2026-07-10 14:00:00,76,32.6,74.3,54.0,7.5,204.0,4.3,0.0,0,0,0.0,0,14,10,4,7,0,2
2026-07-10 15:00:00,76,31.2,68.9,51.0,8.4,195.0,4.4,0.0,0,0,0.0,0,15,10,4,7,0,2
2026-07-10 16:00:00,77,29.6,63.6,49.0,8.9,191.0,4.5,0.0,0,0,0.0,0,16,10,4,7,0,2
2026-07-10 17:00:00,77,23.6,52.3,47.0,9.0,187.0,4.6,0.0,0,0,0.0,0,17,10,4,7,0,3
2026-07-10 18:00:00,77,20.0,44.8,46.0,8.6,178.0,4.5,0.0,0,0,0.0,0,18,10,4,7,0,3
2026-07-10 19:00:00,77,18.2,41.2,47.0,7.3,158.0,4.2,0.0,0,0,0.0,0,19,10,4,7,0,3
2026-07-10 20:00:00,77,16.8,38.5,48.0,5.5,132.0,3.7,0.0,0,0,0.0,0,20,10,4,7,0,3
2026-07-10 21:00:00,77,15.7,35.6,49.0,4.1,113.0,3.4,0.0,0,0,0.0,0,21,10,4,7,0,0
2026-07-10 22:00:00,76,14.8,33.4,49.0,3.5,102.0,3.3,0.0,0,0,0.0,0,22,10,4,7,0,0
2026-07-10 23:00:00,76,14.3,32.0,48.0,3.3,99.0,3.3,0.0,0,0,0.0,0,23,10,4,7,0,0
2026-07-11 00:00:00,76,14.4,30.4,50.0,3.4,109.0,3.3,0.0,0,0,0.0,0,0,11,5,7,1,0
2026-07-11 01:00:00,76,14.8,31.9,49.0,4.5,148.0,3.5,0.0,0,0,0.0,0,1,11,5,7,1,0
2026-07-11 02:00:00,76,16.5,37.0,47.0,6.1,202.0,3.7,0.0,0,0,0.0,0,2,11,5,7,1,0
2026-07-11 03:00:00,76,21.2,47.8,48.0,6.8,234.0,3.9,0.0,0,0,0.0,0,3,11,5,7,1,0
2026-07-11 04:00:00,76,24.3,54.9,53.0,6.0,224.0,4.0,0.0,0,0,0.0,0,4,11,5,7,1,0
2026-07-11 05:00:00,76,25.3,59.6,60.0,4.5,193.0,4.1,0.0,0,0,0.0,0,5,11,5,7,1,0
2026-07-11 06:00:00,76,26.0,63.6,66.0,3.3,169.0,4.2,0.0,0,0,0.0,0,6,11,5,7,1,1
2026-07-11 07:00:00,76,26.5,66.4,70.0,2.8,164.0,4.2,0.0,0,0,0.0,0,7,11,5,7,1,1
2026-07-11 08:00:00,76,26.7,68.0,72.0,2.7,166.0,4.1,0.0,0,0,0.0,0,8,11,5,7,1,1
2026-07-11 09:00:00,77,26.3,67.5,72.0,2.9,173.0,4.1,0.0,0,0,0.0,0,9,11,5,7,1,1
2026-07-11 10:00:00,77,25.8,66.4,69.0,3.6,187.0,4.1,0.0,0,0,0.0,0,10,11,5,7,1,2
2026-07-11 11:00:00,77,25.1,62.9,64.0,4.7,206.0,4.0,0.0,0,0,0.0,0,11,11,5,7,1,2
2026-07-11 12:00:00,77,27.6,74.5,59.0,5.5,220.0,3.8,0.0,0,0,0.0,0,12,11,5,7,1,2
2026-07-11 13:00:00,76,26.1,64.3,56.0,6.9,226.0,3.9,0.0,0,0,0.0,0,13,11,5,7,1,2
2026-07-11 14:00:00,76,25.7,58.8,52.0,8.8,228.0,4.1,0.0,0,0,0.0,0,14,11,5,7,1,2
2026-07-11 15:00:00,75,19.7,43.5,49.0,10.1,228.0,4.3,0.0,0,0,0.0,0,15,11,5,7,1,2
2026-07-11 16:00:00,74,18.2,40.0,48.0,10.1,228.0,4.4,0.0,0,0,0.0,0,16,11,5,7,1,2
2026-07-11 17:00:00,73,17.9,41.1,48.0,9.5,225.0,4.5,0.0,0,0,0.0,0,17,11,5,7,1,3
2026-07-11 18:00:00,73,17.2,38.4,49.0,8.6,214.0,4.4,0.0,0,0,0.0,0,18,11,5,7,1,3
2026-07-11 19:00:00,73,17.5,39.6,50.0,7.3,186.0,4.1,0.0,0,0,0.0,0,19,11,5,7,1,3
2026-07-11 20:00:00,73,17.6,41.8,51.0,5.7,149.0,3.6,0.0,0,0,0.0,0,20,11,5,7,1,3
2026-07-11 21:00:00,73,17.3,41.9,52.0,4.5,122.0,3.3,0.0,0,0,0.0,0,21,11,5,7,1,0
2026-07-11 22:00:00,73,17.1,41.7,52.0,3.9,109.0,3.2,0.0,0,0,0.0,0,22,11,5,7,1,0
2026-07-11 23:00:00,73,17.2,42.7,51.0,3.7,106.0,3.2,0.0,0,0,0.0,0,23,11,5,7,1,0
2026-07-12 00:00:00,73,18.3,45.6,52.0,3.8,114.0,3.2,0.0,0,0,0.0,0,0,12,6,7,1,0
2026-07-12 01:00:00,74,18.6,47.3,51.0,4.8,143.0,3.6,0.0,0,0,0.0,0,1,12,6,7,1,0
2026-07-12 02:00:00,74,19.0,48.3,50.0,6.1,183.0,4.1,0.0,0,0,0.0,0,2,12,6,7,1,0
2026-07-12 03:00:00,74,23.1,61.5,51.0,6.6,206.0,4.5,0.0,0,0,0.0,0,3,12,6,7,1,0
2026-07-12 04:00:00,74,26.0,72.4,57.0,5.6,196.0,4.6,0.0,0,0,0.0,0,4,12,6,7,1,0
2026-07-12 05:00:00,74,26.9,76.1,65.0,3.8,170.0,4.5,0.0,0,0,0.0,0,5,12,6,7,1,0
2026-07-12 06:00:00,74,26.9,75.2,71.0,2.5,151.0,4.4,0.0,0,0,0.0,0,6,12,6,7,1,1
2026-07-12 07:00:00,75,26.8,74.3,75.0,2.1,147.0,4.4,0.0,0,0,0.0,0,7,12,6,7,1,1
2026-07-12 08:00:00,75,27.2,74.3,77.0,2.2,150.0,4.3,0.0,0,0,0.0,0,8,12,6,7,1,1
2026-07-12 09:00:00,75,27.9,74.7,77.0,2.5,156.0,4.3,0.0,0,0,0.0,0,9,12,6,7,1,1
2026-07-12 10:00:00,75,29.0,76.8,76.0,3.0,167.0,4.2,0.0,0,0,0.0,0,10,12,6,7,1,2
2026-07-12 11:00:00,75,29.4,76.1,73.0,3.8,182.0,4.2,0.0,0,0,0.0,0,11,12,6,7,1,2
2026-07-12 12:00:00,75,30.6,82.4,69.0,4.9,194.0,4.3,0.0,0,0,0.0,0,12,12,6,7,1,2
2026-07-12 13:00:00,76,31.5,86.6,64.0,6.9,202.0,4.5,0.0,0,0,0.0,0,13,12,6,7,1,2
2026-07-12 14:00:00,76,33.5,93.6,56.0,9.6,207.0,4.8,0.0,0,0,0.0,0,14,12,6,7,1,2
2026-07-12 15:00:00,77,32.2,87.8,51.0,11.2,208.0,5.0,0.0,0,0,0.0,0,15,12,6,7,1,2
2026-07-12 16:00:00,78,31.0,91.7,49.0,10.8,203.0,4.9,0.0,0,0,0.0,0,16,12,6,7,1,2
2026-07-12 17:00:00,79,29.6,89.9,49.0,9.3,194.0,4.6,0.0,0,0,0.0,0,17,12,6,7,1,3
2026-07-12 18:00:00,80,26.3,79.4,50.0,7.7,181.0,4.3,0.0,0,0,0.0,0,18,12,6,7,1,3
2026-07-12 19:00:00,80,21.4,63.8,51.0,6.3,160.0,3.9,0.0,0,0,0.0,0,19,12,6,7,1,3
2026-07-12 20:00:00,81,16.7,47.6,52.0,4.8,135.0,3.4,0.0,0,0,0.0,0,20,12,6,7,1,3
2026-07-12 21:00:00,80,14.0,38.0,52.0,3.7,116.0,3.1,0.0,0,0,0.0,0,21,12,6,7,1,0
2026-07-12 22:00:00,80,13.2,34.0,52.0,3.1,103.0,3.0,0.0,0,0,0.0,0,22,12,6,7,1,0
2026-07-12 23:00:00,80,13.2,32.8,51.0,2.9,97.0,3.0,0.0,0,0,0.0,0,23,12,6,7,1,0
2026-07-13 00:00:00,80,19.4,50.8,52.0,3.2,109.0,2.9,0.0,0,0,0.0,0,0,13,0,7,0,0
2026-07-13 01:00:00,80,17.6,45.2,49.0,5.5,159.0,3.5,0.0,0,0,0.0,0,1,13,0,7,0,0
2026-07-13 02:00:00,80,19.7,49.4,46.0,8.5,228.0,4.4,0.0,0,0,0.0,0,2,13,0,7,0,0
2026-07-13 03:00:00,80,22.4,55.3,46.0,10.0,268.0,5.0,0.0,0,0,0.0,0,3,13,0,7,0,0
2026-07-13 04:00:00,80,23.6,62.2,52.0,8.6,252.0,5.1,0.0,0,0,0.0,0,4,13,0,7,0,0
2026-07-13 05:00:00,79,23.9,62.9,61.0,5.6,208.0,4.9,0.0,0,0,0.0,0,5,13,0,7,0,0
2026-07-13 06:00:00,79,24.0,64.3,68.0,3.4,174.0,4.7,0.0,0,0,0.0,0,6,13,0,7,0,1
2026-07-13 07:00:00,79,23.4,59.6,70.0,2.7,164.0,4.6,0.0,0,0,0.0,0,7,13,0,7,0,1
2026-07-13 08:00:00,79,22.9,54.9,69.0,2.6,165.0,4.4,0.0,0,0,0.0,0,8,13,0,7,0,1
2026-07-13 09:00:00,78,22.4,52.0,67.0,3.0,171.0,4.3,0.0,0,0,0.0,0,9,13,0,7,0,1
2026-07-13 10:00:00,78,21.8,49.5,63.0,3.8,186.0,4.2,0.0,0,0,0.0,0,10,13,0,7,0,2
2026-07-13 11:00:00,77,21.0,45.4,58.0,4.9,207.0,4.1,0.0,0,0,0.0,0,11,13,0,7,0,2
2026-07-13 12:00:00,77,32.0,77.1,52.0,6.2,221.0,4.0,0.0,0,0,0.0,0,12,13,0,7,0,2
2026-07-13 13:00:00,77,31.5,73.3,49.0,7.3,221.0,4.1,0.0,0,0,0.0,0,13,13,0,7,0,2
2026-07-13 14:00:00,77,30.7,68.5,45.0,8.7,214.0,4.3,0.0,0,0,0.0,0,14,13,0,7,0,2
2026-07-13 15:00:00,77,28.7,60.1,42.0,9.6,205.0,4.4,0.0,0,0,0.0,0,15,13,0,7,0,2
2026-07-13 16:00:00,76,22.2,46.8,41.0,9.5,195.0,4.5,0.0,0,0,0.0,0,16,13,0,7,0,2
2026-07-13 17:00:00,76,20.1,43.9,41.0,8.7,184.0,4.5,0.0,0,0,0.0,0,17,13,0,7,0,3
2026-07-13 18:00:00,75,19.8,45.2,41.0,7.9,170.0,4.5,0.0,0,0,0.0,0,18,13,0,7,0,3
2026-07-13 19:00:00,74,19.4,44.2,41.0,7.0,151.0,4.3,0.0,0,0,0.0,0,19,13,0,7,0,3
2026-07-13 20:00:00,74,19.2,46.2,42.0,5.9,130.0,4.1,0.0,0,0,0.0,0,20,13,0,7,0,3
2026-07-13 21:00:00,74,19.0,46.8,42.0,5.1,115.0,3.9,0.0,0,0,0.0,0,21,13,0,7,0,0
2026-07-13 22:00:00,75,18.2,44.1,42.0,4.6,106.0,3.8,0.0,0,0,0.0,0,22,13,0,7,0,0
2026-07-13 23:00:00,75,17.8,45.1,42.0,4.3,104.0,3.9,0.0,0,0,0.0,0,23,13,0,7,0,0
2026-07-14 00:00:00,76,17.9,44.8,43.0,4.7,118.0,4.0,0.0,0,0,0.0,0,0,14,1,7,0,0
2026-07-14 01:00:00,75,17.2,43.7,41.0,6.4,164.0,4.4,0.0,0,0,0.0,0,1,14,1,7,0,0
2026-07-14 02:00:00,75,18.4,48.1,39.0,8.7,226.0,4.9,0.0,0,0,0.0,0,2,14,1,7,0,0
2026-07-14 03:00:00,75,20.7,54.7,40.0,9.8,264.0,5.3,0.0,0,0,0.0,0,3,14,1,7,0,0
2026-07-14 04:00:00,75,22.2,59.6,46.0,8.6,254.0,5.4,0.0,0,0,0.0,0,4,14,1,7,0,0
2026-07-14 05:00:00,75,23.2,65.0,56.0,6.3,221.0,5.4,0.0,0,0,0.0,0,5,14,1,7,0,0
2026-07-14 06:00:00,75,26.1,78.9,62.0,4.6,195.0,5.3,0.0,0,0,0.0,0,6,14,1,7,0,1
2026-07-14 07:00:00,75,30.6,98.7,63.0,4.2,187.0,5.2,0.0,0,0,0.0,0,7,14,1,7,0,1
2026-07-14 08:00:00,76,22.9,64.5,61.0,4.5,187.0,5.1,0.0,0,0,0.0,0,8,14,1,7,0,1
2026-07-14 09:00:00,76,22.2,61.9,59.0,5.0,194.0,5.0,0.0,0,0,0.0,0,9,14,1,7,0,1
2026-07-14 10:00:00,76,21.9,60.8,56.0,5.5,213.0,4.9,0.0,0,0,0.0,0,10,14,1,7,0,2
2026-07-14 11:00:00,76,21.5,57.4,53.0,6.3,238.0,4.8,0.0,0,0,0.0,0,11,14,1,7,0,2
2026-07-14 12:00:00,76,24.4,65.9,48.0,8.2,255.0,5.0,0.0,0,0,0.0,0,12,14,1,7,0,2
2026-07-14 13:00:00,75,25.8,68.2,44.0,10.4,256.0,5.3,0.0,0,0,0.0,0,13,14,1,7,0,2
2026-07-14 14:00:00,75,23.8,55.8,39.0,13.3,247.0,5.8,0.0,0,0,0.0,0,14,14,1,7,0,2
2026-07-14 15:00:00,74,20.8,48.2,36.0,15.1,236.0,6.1,0.0,0,0,0.0,0,15,14,1,7,0,2
2026-07-14 16:00:00,74,19.0,39.9,35.0,14.9,223.0,6.1,0.0,0,0,0.0,0,16,14,1,7,0,2
2026-07-14 17:00:00,73,18.6,41.1,36.0,13.5,208.0,6.0,0.0,0,0,0.0,0,17,14,1,7,0,3
2026-07-14 18:00:00,73,18.7,43.0,37.0,11.9,190.0,5.8,0.0,0,0,0.0,0,18,14,1,7,0,3
2026-07-14 19:00:00,73,18.2,42.4,38.0,10.0,167.0,5.4,0.0,0,0,0.0,0,19,14,1,7,0,3
2026-07-14 20:00:00,73,17.4,41.3,40.0,7.8,142.0,4.9,0.0,0,0,0.0,0,20,14,1,7,0,3
2026-07-14 21:00:00,73,16.7,39.9,41.0,6.2,125.0,4.5,0.0,0,0,0.0,0,21,14,1,7,0,0
2026-07-14 22:00:00,73,16.2,38.2,41.0,5.4,116.0,4.4,0.0,0,0,0.0,0,22,14,1,7,0,0
2026-07-14 23:00:00,73,15.9,37.1,41.0,5.1,115.0,4.5,0.0,0,0,0.0,0,23,14,1,7,0,0
2026-07-15 00:00:00,72,15.2,32.6,40.0,5.9,129.0,4.8,0.0,0,0,0.0,0,0,15,2,7,0,0
2026-07-15 01:00:00,72,15.7,34.0,39.0,7.6,176.0,5.3,0.0,0,0,0.0,0,1,15,2,7,0,0
2026-07-15 02:00:00,72,17.3,38.9,38.0,9.8,238.0,6.0,0.0,0,0,0.0,0,2,15,2,7,0,0
2026-07-15 03:00:00,72,18.2,43.9,39.0,10.8,276.0,6.5,0.0,0,0,0.0,0,3,15,2,7,0,0
2026-07-15 04:00:00,72,21.1,51.6,46.0,9.6,264.0,6.5,0.0,0,0,0.0,0,4,15,2,7,0,0
2026-07-15 05:00:00,72,21.8,54.0,55.0,7.2,227.0,6.2,0.0,0,0,0.0,0,5,15,2,7,0,0
2026-07-15 06:00:00,72,23.0,57.4,62.0,5.3,199.0,5.9,0.0,0,0,0.0,0,6,15,2,7,0,1
2026-07-15 07:00:00,71,28.9,79.6,65.0,4.5,192.0,5.8,0.0,0,0,0.0,0,7,15,2,7,0,1
2026-07-15 08:00:00,71,23.9,58.4,66.0,4.3,195.0,5.7,0.0,0,0,0.0,0,8,15,2,7,0,1
2026-07-15 09:00:00,71,23.9,56.9,65.0,4.5,203.0,5.6,0.0,0,0,0.0,0,9,15,2,7,0,1
2026-07-15 10:00:00,71,24.2,57.3,61.0,5.3,221.0,5.5,0.0,0,0,0.0,0,10,15,2,7,0,2
2026-07-15 11:00:00,72,25.1,59.8,55.0,6.7,245.0,5.5,0.0,0,0,0.0,0,11,15,2,7,0,2
2026-07-15 12:00:00,72,32.6,83.8,54.0,7.0,261.0,5.5,0.0,0,0,0.0,0,12,15,2,7,0,2
2026-07-15 13:00:00,72,31.4,78.5,50.0,9.0,263.0,5.8,0.0,0,0,0.0,0,13,15,2,7,0,2
2026-07-15 14:00:00,73,31.3,77.3,43.0,11.7,257.0,6.3,0.0,0,0,0.0,0,14,15,2,7,0,2
2026-07-15 15:00:00,74,28.4,67.8,38.0,14.1,248.0,6.7,0.0,0,0,0.0,0,15,15,2,7,0,2
2026-07-15 16:00:00,74,27.1,62.2,35.0,16.1,239.0,7.2,0.0,0,0,0.0,0,16,15,2,7,0,2
2026-07-15 17:00:00,75,25.2,56.0,32.0,17.7,226.0,7.6,0.0,0,0,0.0,0,17,15,2,7,0,3
2026-07-15 18:00:00,75,24.0,51.3,31.0,18.1,210.0,7.8,0.0,0,0,0.0,0,18,15,2,7,0,3
2026-07-15 19:00:00,76,22.8,48.3,32.0,16.4,185.0,7.4,0.0,0,0,0.0,0,19,15,2,7,0,3
2026-07-15 20:00:00,76,21.5,45.9,34.0,13.6,156.0,6.6,0.0,0,0,0.0,0,20,15,2,7,0,3
2026-07-15 21:00:00,76,20.3,43.4,35.0,11.4,136.0,6.2,0.0,0,0,0.0,0,21,15,2,7,0,0
2026-07-15 22:00:00,77,19.4,41.7,34.0,10.8,125.0,6.3,0.0,0,0,0.0,0,22,15,2,7,0,0
2026-07-15 23:00:00,77,18.7,39.8,32.0,10.8,122.0,6.7,0.0,0,0,0.0,0,23,15,2,7,0,0
2026-07-16 00:00:00,77,17.9,35.6,34.0,9.7,139.0,6.7,0.0,0,0,0.0,0,0,16,3,7,0,0
2026-07-16 01:00:00,77,17.5,36.0,35.0,10.1,195.0,7.0,0.0,0,0,0.0,0,1,16,3,7,0,0
2026-07-16 02:00:00,77,18.6,42.4,37.0,10.7,270.0,7.4,0.0,0,0,0.0,0,2,16,3,7,0,0
2026-07-16 03:00:00,78,18.0,44.0,41.0,10.5,314.0,7.6,0.0,0,0,0.0,0,3,16,3,7,0,0
2026-07-16 04:00:00,78,18.3,47.4,48.0,9.0,296.0,7.3,0.0,0,0,0.0,0,4,16,3,7,0,0
2026-07-16 05:00:00,77,19.2,52.5,58.0,6.7,247.0,6.8,0.0,0,0,0.0,0,5,16,3,7,0,0
2026-07-16 06:00:00,77,20.7,59.3,65.0,5.0,210.0,6.4,0.0,0,0,0.0,0,6,16,3,7,0,1
2026-07-16 07:00:00,77,21.6,61.7,69.0,4.3,200.0,6.3,0.0,0,0,0.0,0,7,16,3,7,0,1
2026-07-16 08:00:00,76,21.7,61.2,71.0,4.1,202.0,6.4,0.0,0,0,0.0,0,8,16,3,7,0,1
2026-07-16 09:00:00,76,21.8,61.5,71.0,4.2,210.0,6.4,0.0,0,0,0.0,0,9,16,3,7,0,1
2026-07-16 10:00:00,76,21.8,60.8,68.0,4.6,227.0,6.3,0.0,0,0,0.0,0,10,16,3,7,0,2
2026-07-16 11:00:00,76,20.4,56.3,64.0,5.4,250.0,6.2,0.0,0,0,0.0,0,11,16,3,7,0,2
2026-07-16 12:00:00,75,28.3,85.9,56.0,7.1,264.0,6.4,0.0,0,0,0.0,0,12,16,3,7,0,2
2026-07-16 13:00:00,75,25.8,74.5,51.0,9.0,262.0,6.5,0.0,0,0,0.0,0,13,16,3,7,0,2
2026-07-16 14:00:00,75,23.7,63.3,43.0,11.6,251.0,6.7,0.0,0,0,0.0,0,14,16,3,7,0,2
2026-07-16 15:00:00,74,22.5,57.5,37.0,13.9,239.0,7.0,0.0,0,0,0.0,0,15,16,3,7,0,2
2026-07-16 16:00:00,74,22.0,55.2,33.0,15.7,228.0,7.5,0.0,0,0,0.0,0,16,16,3,7,0,2
2026-07-16 17:00:00,73,21.9,51.8,31.0,17.1,217.0,8.1,0.0,0,0,0.0,0,17,16,3,7,0,3
2026-07-16 18:00:00,73,19.6,43.8,30.0,17.5,202.0,8.3,0.0,0,0,0.0,0,18,16,3,7,0,3
2026-07-16 19:00:00,73,18.5,40.3,31.0,16.1,182.0,7.8,0.0,0,0,0.0,0,19,16,3,7,0,3
2026-07-16 20:00:00,72,17.1,36.2,33.0,13.6,158.0,6.9,0.0,0,0,0.0,0,20,16,3,7,0,3
2026-07-16 21:00:00,72,16.6,36.1,35.0,11.3,141.0,6.2,0.0,0,0,0.0,0,21,16,3,7,0,0
2026-07-16 22:00:00,72,15.6,32.9,36.0,9.6,128.0,5.9,0.0,0,0,0.0,0,22,16,3,7,0,0
2026-07-16 23:00:00,71,15.0,32.1,37.0,8.2,121.0,5.8,0.0,0,0,0.0,0,23,16,3,7,0,0
2026-07-17 00:00:00,71,14.5,31.8,37.0,8.3,132.0,6.1,0.0,0,0,0.0,0,0,17,4,7,0,0
2026-07-17 01:00:00,71,14.8,32.7,38.0,8.9,181.0,6.4,0.0,0,0,0.0,0,1,17,4,7,0,0
2026-07-17 02:00:00,71,16.6,39.1,39.0,9.6,248.0,6.8,0.0,0,0,0.0,0,2,17,4,7,0,0
2026-07-17 03:00:00,70,16.7,40.4,42.0,9.7,287.0,7.0,0.0,0,0,0.0,0,3,17,4,7,0,0
2026-07-17 04:00:00,70,19.5,46.9,47.0,8.7,270.0,6.7,0.0,0,0,0.0,0,4,17,4,7,0,0
2026-07-17 05:00:00,70,21.0,51.5,53.0,7.1,225.0,6.2,0.0,0,0,0.0,0,5,17,4,7,0,0
2026-07-17 06:00:00,71,21.4,53.2,59.0,5.7,192.0,5.8,0.0,0,0,0.0,0,6,17,4,7,0,1
2026-07-17 07:00:00,71,22.6,56.2,64.0,4.6,186.0,5.6,0.0,0,0,0.0,0,7,17,4,7,0,1
2026-07-17 08:00:00,71,22.5,53.7,69.0,3.7,191.0,5.4,0.0,0,0,0.0,0,8,17,4,7,0,1
2026-07-17 09:00:00,71,23.5,56.6,71.0,3.3,201.0,5.3,0.0,0,0,0.0,0,9,17,4,7,0,1
2026-07-17 10:00:00,71,23.0,53.3,67.0,3.7,217.0,5.2,0.0,0,0,0.0,0,10,17,4,7,0,2
2026-07-17 11:00:00,71,23.1,52.7,60.0,4.7,237.0,5.1,0.0,0,0,0.0,0,11,17,4,7,0,2
2026-07-17 12:00:00,71,23.9,57.9,53.0,6.2,249.0,5.0,0.0,0,0,0.0,0,12,17,4,7,0,2
2026-07-17 13:00:00,71,23.2,53.9,49.0,8.2,244.0,5.2,0.0,0,0,0.0,0,13,17,4,7,0,2
2026-07-17 14:00:00,71,22.8,51.5,44.0,10.8,231.0,5.6,0.0,0,0,0.0,0,14,17,4,7,0,2
2026-07-17 15:00:00,71,22.0,47.6,40.0,12.7,218.0,5.8,0.0,0,0,0.0,0,15,17,4,7,0,2
2026-07-17 16:00:00,71,19.1,41.1,39.0,13.1,209.0,5.9,0.0,0,0,0.0,0,16,17,4,7,0,2
2026-07-17 17:00:00,70,15.9,31.3,39.0,12.7,201.0,5.9,0.0,0,0,0.0,0,17,17,4,7,0,3
2026-07-17 18:00:00,70,14.7,28.9,40.0,11.8,188.0,5.8,0.0,0,0,0.0,0,18,17,4,7,0,3
2026-07-17 19:00:00,69,13.6,26.9,41.0,10.3,166.0,5.4,0.0,0,0,0.0,0,19,17,4,7,0,3
2026-07-17 20:00:00,69,12.5,24.7,43.0,8.3,140.0,4.9,0.0,0,0,0.0,0,20,17,4,7,0,3
2026-07-17 21:00:00,69,11.6,22.9,44.0,6.7,123.0,4.5,0.0,0,0,0.0,0,21,17,4,7,0,0
2026-07-17 22:00:00,68,11.1,22.2,45.0,5.8,116.0,4.4,0.0,0,0,0.0,0,22,17,4,7,0,0
2026-07-17 23:00:00,68,10.9,21.7,45.0,5.3,118.0,4.5,0.0,0,0,0.0,0,23,17,4,7,0,0
2026-07-18 00:00:00,68,11.5,23.5,46.0,5.3,132.0,4.7,0.0,0,0,0.0,0,0,18,5,7,1,0
2026-07-18 01:00:00,67,11.9,24.6,46.0,6.0,172.0,4.8,0.0,0,0,0.0,0,1,18,5,7,1,0
2026-07-18 02:00:00,67,13.3,28.9,46.0,7.0,225.0,4.9,0.0,0,0,0.0,0,2,18,5,7,1,0
2026-07-18 03:00:00,67,16.3,36.2,48.0,7.3,256.0,5.0,0.0,0,0,0.0,0,3,18,5,7,1,0
2026-07-18 04:00:00,67,18.1,41.4,54.0,6.3,242.0,4.9,0.0,0,0,0.0,0,4,18,5,7,1,0
2026-07-18 05:00:00,67,19.1,44.9,62.0,4.7,205.0,4.7,0.0,0,0,0.0,0,5,18,5,7,1,0
2026-07-18 06:00:00,67,19.4,47.1,68.0,3.5,178.0,4.5,0.0,0,0,0.0,0,6,18,5,7,1,1
2026-07-18 07:00:00,66,18.7,45.2,69.0,3.0,172.0,4.4,0.0,0,0,0.0,0,7,18,5,7,1,1
2026-07-18 08:00:00,66,17.8,43.7,69.0,2.9,176.0,4.3,0.0,0,0,0.0,0,8,18,5,7,1,1
2026-07-18 09:00:00,66,17.4,41.3,66.0,3.2,183.0,4.3,0.0,0,0,0.0,0,9,18,5,7,1,1
2026-07-18 10:00:00,65,17.1,39.6,61.0,3.9,196.0,4.3,0.0,0,0,0.0,0,10,18,5,7,1,2
2026-07-18 11:00:00,65,16.4,36.9,55.0,5.0,213.0,4.3,0.0,0,0,0.0,0,11,18,5,7,1,2
2026-07-18 12:00:00,64,19.6,45.9,49.0,6.7,224.0,4.1,0.0,0,0,0.0,0,12,18,5,7,1,2
2026-07-18 13:00:00,64,19.7,44.1,46.0,8.7,224.0,4.4,0.0,0,0,0.0,0,13,18,5,7,1,2
2026-07-18 14:00:00,64,21.7,47.0,43.0,11.4,218.0,4.7,0.0,0,0,0.0,0,14,18,5,7,1,2
2026-07-18 15:00:00,64,20.5,40.3,40.0,13.1,211.0,5.0,0.0,0,0,0.0,0,15,18,5,7,1,2
2026-07-18 16:00:00,64,20.3,39.1,40.0,13.1,206.0,5.1,0.0,0,0,0.0,0,16,18,5,7,1,2
2026-07-18 17:00:00,64,17.7,33.1,41.0,12.1,200.0,5.1,0.0,0,0,0.0,0,17,18,5,7,1,3
2026-07-18 18:00:00,64,16.8,30.0,42.0,10.8,189.0,5.0,0.0,0,0,0.0,0,18,18,5,7,1,3
2026-07-18 19:00:00,64,16.5,29.0,43.0,9.4,167.0,4.7,0.0,0,0,0.0,0,19,18,5,7,1,3
2026-07-18 20:00:00,64,16.5,29.9,45.0,7.7,140.0,4.3,0.0,0,0,0.0,0,20,18,5,7,1,3
2026-07-18 21:00:00,64,16.2,30.5,46.0,6.3,121.0,4.0,0.0,0,0,0.0,0,21,18,5,7,1,0
2026-07-18 22:00:00,65,15.8,31.2,47.0,5.4,114.0,3.9,0.0,0,0,0.0,0,22,18,5,7,1,0
2026-07-18 23:00:00,65,15.3,31.2,47.0,4.8,116.0,3.9,0.0,0,0,0.0,0,23,18,5,7,1,0
2026-07-19 00:00:00,66,15.5,32.9,49.0,4.8,126.0,4.1,0.0,0,0,0.0,0,0,19,6,7,1,0
2026-07-19 01:00:00,66,15.7,33.8,49.0,5.3,152.0,4.4,0.0,0,0,0.0,0,1,19,6,7,1,0
2026-07-19 02:00:00,66,17.4,40.2,50.0,6.0,186.0,4.9,0.0,0,0,0.0,0,2,19,6,7,1,0
2026-07-19 03:00:00,66,18.7,43.5,52.0,6.2,207.0,5.2,0.0,0,0,0.0,0,3,19,6,7,1,0
2026-07-19 04:00:00,67,28.8,77.3,57.0,5.5,203.0,5.2,0.0,0,0,0.0,0,4,19,6,7,1,0
2026-07-19 05:00:00,68,21.4,53.4,64.0,4.4,186.0,5.0,0.0,0,0,0.0,0,5,19,6,7,1,0
2026-07-19 06:00:00,68,22.2,56.5,69.0,3.6,172.0,4.9,0.0,0,0,0.0,0,6,19,6,7,1,1
2026-07-19 07:00:00,68,21.9,56.1,70.0,3.3,166.0,4.9,0.0,0,0,0.0,0,7,19,6,7,1,1
2026-07-19 08:00:00,68,22.2,58.1,69.0,3.3,162.0,4.9,0.0,0,0,0.0,0,8,19,6,7,1,1
2026-07-19 09:00:00,68,21.9,57.3,67.0,3.5,163.0,4.9,0.0,0,0,0.0,0,9,19,6,7,1,1
2026-07-19 10:00:00,69,22.2,59.0,64.0,3.9,172.0,4.9,0.0,0,0,0.0,0,10,19,6,7,1,2
2026-07-19 11:00:00,69,22.0,57.4,61.0,4.5,185.0,4.9,0.0,0,0,0.0,0,11,19,6,7,1,2
2026-07-19 12:00:00,70,22.8,65.2,55.0,5.8,194.0,5.1,0.0,0,0,0.0,0,12,19,6,7,1,2
2026-07-19 13:00:00,70,23.8,66.1,52.0,7.3,195.0,5.4,0.0,0,0,0.0,0,13,19,6,7,1,2
2026-07-19 14:00:00,70,22.7,59.8,47.0,9.4,192.0,5.9,0.0,0,0,0.0,0,14,19,6,7,1,2
2026-07-19 15:00:00,70,23.9,63.6,44.0,10.8,188.0,6.2,0.0,0,0,0.0,0,15,19,6,7,1,2
2026-07-19 16:00:00,71,19.2,44.5,42.0,11.2,184.0,6.3,0.0,0,0,0.0,0,16,19,6,7,1,2
2026-07-19 17:00:00,71,18.2,43.5,42.0,10.9,179.0,6.4,0.0,0,0,0.0,0,17,19,6,7,1,3
2026-07-19 18:00:00,71,17.8,43.2,42.0,10.3,172.0,6.2,0.0,0,0,0.0,0,18,19,6,7,1,3
2026-07-19 19:00:00,71,16.9,40.4,43.0,9.2,161.0,5.8,0.0,0,0,0.0,0,19,19,6,7,1,3
2026-07-19 20:00:00,71,16.4,39.3,45.0,7.7,149.0,5.1,0.0,0,0,0.0,0,20,19,6,7,1,3
2026-07-19 21:00:00,71,15.9,38.8,46.0,6.5,139.0,4.7,0.0,0,0,0.0,0,21,19,6,7,1,0
2026-07-19 22:00:00,71,15.3,36.7,47.0,5.7,127.0,4.5,0.0,0,0,0.0,0,22,19,6,7,1,0
2026-07-19 23:00:00,71,15.0,36.1,47.0,5.2,117.0,4.6,0.0,0,0,0.0,0,23,19,6,7,1,0
2026-07-20 00:00:00,71,16.0,39.0,47.0,5.8,128.0,4.9,0.0,0,0,0.0,0,0,20,0,7,0,0
2026-07-20 01:00:00,71,16.3,39.0,48.0,6.9,182.0,5.6,0.0,0,0,0.0,0,1,20,0,7,0,0
2026-07-20 02:00:00,71,18.2,46.3,50.0,8.3,256.0,6.5,0.0,0,0,0.0,0,2,20,0,7,0,0
2026-07-20 03:00:00,71,19.4,52.9,52.0,9.2,302.0,7.2,0.0,0,0,0.0,0,3,20,0,7,0,0
2026-07-20 04:00:00,71,21.1,56.9,56.0,9.0,291.0,7.3,0.0,0,0,0.0,0,4,20,0,7,0,0
2026-07-20 05:00:00,70,21.9,56.8,61.0,8.3,251.0,7.1,0.0,0,0,0.0,0,5,20,0,7,0,0
2026-07-20 06:00:00,70,21.8,55.2,65.0,7.6,219.0,6.8,0.0,0,0,0.0,0,6,20,0,7,0,1
2026-07-20 07:00:00,70,21.3,52.6,66.0,6.9,207.0,6.4,0.0,0,0,0.0,0,7,20,0,7,0,1
2026-07-20 08:00:00,70,20.7,49.6,65.0,6.2,204.0,6.0,0.0,0,0,0.0,0,8,20,0,7,0,1
2026-07-20 09:00:00,70,22.6,54.5,64.0,5.9,207.0,5.7,0.0,0,0,0.0,0,9,20,0,7,0,1
2026-07-20 10:00:00,70,21.1,47.5,62.0,6.2,222.0,5.6,0.0,0,0,0.0,0,10,20,0,7,0,2
2026-07-20 11:00:00,70,21.0,47.1,59.0,6.9,244.0,5.6,0.0,0,0,0.0,0,11,20,0,7,0,2
2026-07-20 12:00:00,70,26.1,63.8,55.0,8.2,258.0,5.5,0.0,0,0,0.0,0,12,20,0,7,0,2
2026-07-20 13:00:00,70,26.5,65.7,51.0,10.1,258.0,5.8,0.0,0,0,0.0,0,13,20,0,7,0,2
2026-07-20 14:00:00,70,26.3,64.0,46.0,12.7,251.0,6.2,0.0,0,0,0.0,0,14,20,0,7,0,2
2026-07-20 15:00:00,71,27.7,67.5,42.0,14.6,240.0,6.5,0.0,0,0,0.0,0,15,20,0,7,0,2
2026-07-20 16:00:00,71,24.3,54.8,40.0,15.3,227.0,6.8,0.0,0,0,0.0,0,16,20,0,7,0,2
2026-07-20 17:00:00,71,23.2,49.7,40.0,15.3,212.0,7.1,0.0,0,0,0.0,0,17,20,0,7,0,3
2026-07-20 18:00:00,72,22.7,47.6,40.0,14.5,195.0,7.1,0.0,0,0,0.0,0,18,20,0,7,0,3
2026-07-20 19:00:00,72,21.0,42.8,42.0,12.4,175.0,6.6,0.0,0,0,0.0,0,19,20,0,7,0,3
2026-07-20 20:00:00,72,20.1,41.9,44.0,9.5,153.0,5.8,0.0,0,0,0.0,0,20,20,0,7,0,3
2026-07-20 21:00:00,73,19.3,40.6,46.0,7.3,138.0,5.2,0.0,0,0,0.0,0,21,20,0,7,0,0
2026-07-20 22:00:00,73,18.6,39.6,47.0,6.2,125.0,5.1,0.0,0,0,0.0,0,22,20,0,7,0,0
2026-07-20 23:00:00,73,18.3,40.0,47.0,5.9,119.0,5.2,0.0,0,0,0.0,0,23,20,0,7,0,0
2026-07-21 00:00:00,74,18.4,42.8,46.0,7.0,138.0,6.2,0.0,0,0,0.0,0,0,21,1,7,0,0
2026-07-21 01:00:00,74,18.0,40.3,44.0,9.8,210.0,7.2,0.0,0,0,0.0,0,1,21,1,7,0,0
2026-07-21 02:00:00,74,19.3,45.8,41.0,13.6,308.0,8.5,0.0,0,0,0.0,0,2,21,1,7,0,0
2026-07-21 03:00:00,74,20.8,50.6,40.0,15.7,368.0,9.2,0.0,0,0,0.0,0,3,21,1,7,0,0
2026-07-21 04:00:00,74,21.4,52.2,44.0,14.6,352.0,8.9,0.0,0,0,0.0,0,4,21,1,7,0,0
2026-07-21 05:00:00,74,21.9,51.7,50.0,11.9,299.0,8.1,0.0,0,0,0.0,0,5,21,1,7,0,0
2026-07-21 06:00:00,74,22.1,52.3,55.0,9.4,258.0,7.3,0.0,0,0,0.0,0,6,21,1,7,0,1
2026-07-21 07:00:00,74,22.8,53.2,59.0,7.7,249.0,6.8,0.0,0,0,0.0,0,7,21,1,7,0,1
2026-07-21 08:00:00,74,21.2,48.3,62.0,6.2,252.0,6.3,0.0,0,0,0.0,0,8,21,1,7,0,1
2026-07-21 09:00:00,74,27.3,68.5,63.0,5.5,258.0,6.0,0.0,0,0,0.0,0,9,21,1,7,0,1
2026-07-21 10:00:00,75,22.0,52.3,61.0,5.9,268.0,5.8,0.0,0,0,0.0,0,10,21,1,7,0,2
2026-07-21 11:00:00,75,23.5,57.2,57.0,7.0,281.0,5.8,0.0,0,0,0.0,0,11,21,1,7,0,2
2026-07-21 12:00:00,75,25.1,63.6,52.0,9.0,289.0,6.2,0.0,0,0,0.0,0,12,21,1,7,0,2
2026-07-21 13:00:00,75,25.3,62.4,47.0,11.4,289.0,6.5,0.0,0,0,0.0,0,13,21,1,7,0,2
2026-07-21 14:00:00,75,21.2,49.1,40.0,14.7,284.0,6.9,0.0,0,0,0.0,0,14,21,1,7,0,2
2026-07-21 15:00:00,74,21.0,47.3,35.0,17.0,279.0,7.3,0.0,0,0,0.0,0,15,21,1,7,0,2
2026-07-21 16:00:00,74,20.6,45.4,33.0,17.6,277.0,7.7,0.0,0,0,0.0,0,16,21,1,7,0,2
2026-07-21 17:00:00,74,18.2,38.0,33.0,17.2,274.0,8.0,0.0,0,0,0.0,0,17,21,1,7,0,3
2026-07-21 18:00:00,73,17.4,34.1,34.0,16.3,261.0,8.1,0.0,0,0,0.0,0,18,21,1,7,0,3
2026-07-21 19:00:00,73,17.3,32.7,35.0,14.8,227.0,7.6,0.0,0,0,0.0,0,19,21,1,7,0,3
2026-07-21 20:00:00,72,17.9,36.7,37.0,12.9,182.0,6.9,0.0,0,0,0.0,0,20,21,1,7,0,3
2026-07-21 21:00:00,72,17.8,37.1,38.0,11.2,149.0,6.4,0.0,0,0,0.0,0,21,21,1,7,0,0
2026-07-21 22:00:00,72,17.5,38.8,39.0,9.9,129.0,6.3,0.0,0,0,0.0,0,22,21,1,7,0,0
2026-07-21 23:00:00,72,18.0,41.4,40.0,8.8,122.0,6.4,0.0,0,0,0.0,0,23,21,1,7,0,0
2026-07-22 00:00:00,72,16.8,37.4,43.0,8.5,147.0,6.9,0.0,0,0,0.0,0,0,22,2,7,0,0
2026-07-22 01:00:00,72,17.0,37.6,43.0,9.7,239.0,7.8,0.0,0,0,0.0,0,1,22,2,7,0,0
2026-07-22 02:00:00,72,19.1,45.8,43.0,11.4,364.0,8.9,0.0,0,0,0.0,0,2,22,2,7,0,0
2026-07-22 03:00:00,72,20.9,54.5,46.0,12.2,437.0,9.7,0.0,0,0,0.0,0,3,22,2,7,0,0
2026-07-22 04:00:00,72,24.6,68.7,53.0,11.4,406.0,9.6,0.0,0,0,0.0,0,4,22,2,7,0,0
2026-07-22 05:00:00,72,27.5,77.5,62.0,9.7,322.0,9.2,0.0,0,0,0.0,0,5,22,2,7,0,0
2026-07-22 06:00:00,72,29.6,82.2,69.0,8.3,256.0,8.7,0.0,0,0,0.0,0,6,22,2,7,0,1
2026-07-22 07:00:00,73,39.2,112.2,72.0,7.5,234.0,8.4,0.0,0,0,0.0,0,7,22,2,7,0,1
2026-07-22 08:00:00,74,30.0,79.2,72.0,7.0,230.0,8.1,0.0,0,0,0.0,0,8,22,2,7,0,1
2026-07-22 09:00:00,75,28.7,74.0,70.0,6.9,234.0,7.9,0.0,0,0,0.0,0,9,22,2,7,0,1
2026-07-22 10:00:00,75,27.6,70.3,67.0,7.3,248.0,7.7,0.0,0,0,0.0,0,10,22,2,7,0,2
2026-07-22 11:00:00,76,26.5,66.6,62.0,8.1,271.0,7.6,0.0,0,0,0.0,0,11,22,2,7,0,2
2026-07-22 12:00:00,76,24.7,61.9,56.0,12.2,290.0,9.0,0.0,0,0,0.0,0,12,22,2,7,0,2
2026-07-22 13:00:00,76,24.6,60.5,49.0,15.0,302.0,9.0,0.0,0,0,0.0,0,13,22,2,7,0,2
2026-07-22 14:00:00,76,25.1,60.3,40.0,18.8,310.0,9.0,0.0,0,0,0.0,0,14,22,2,7,0,2
2026-07-22 15:00:00,76,23.1,54.2,34.0,20.9,305.0,8.9,0.0,0,0,0.0,0,15,22,2,7,0,2
2026-07-22 16:00:00,76,21.5,50.3,34.0,19.7,280.0,8.6,0.0,0,0,0.0,0,16,22,2,7,0,2
2026-07-22 17:00:00,76,20.4,47.3,36.0,16.7,243.0,8.1,0.0,0,0,0.0,0,17,22,2,7,0,3
2026-07-22 18:00:00,76,18.9,43.3,39.0,13.8,207.0,7.6,0.0,0,0,0.0,0,18,22,2,7,0,3
2026-07-22 19:00:00,77,18.6,44.0,41.0,11.4,175.0,6.9,0.0,0,0,0.0,0,19,22,2,7,0,3
2026-07-22 20:00:00,77,18.3,44.7,44.0,9.0,144.0,6.2,0.0,0,0,0.0,0,20,22,2,7,0,3
2026-07-22 21:00:00,77,19.2,52.9,46.0,7.4,127.0,5.8,0.0,0,0,0.0,0,21,22,2,7,0,0
2026-07-22 22:00:00,77,20.0,58.4,46.0,6.7,115.0,5.8,0.0,0,0,0.0,0,22,22,2,7,0,0
2026-07-22 23:00:00,77,21.2,66.6,46.0,6.7,115.0,6.0,0.0,0,0,0.0,0,23,22,2,7,0,0
2026-07-23 00:00:00,77,22.2,67.1,46.0,6.9,162.0,7.0,0.0,0,0,0.0,0,0,23,3,7,0,0
2026-07-23 01:00:00,78,24.3,68.5,43.0,9.3,306.0,9.0,0.0,0,0,0.0,0,1,23,3,7,0,0
2026-07-23 02:00:00,78,24.6,68.9,40.0,12.5,496.0,11.8,0.0,0,0,0.0,0,2,23,3,7,0,0
2026-07-23 03:00:00,79,25.4,71.9,43.0,14.2,612.0,13.8,0.0,0,0,0.0,0,3,23,3,7,0,0
2026-07-23 04:00:00,79,26.2,77.8,55.0,13.1,585.0,14.4,0.0,0,0,0.0,0,4,23,3,7,0,0
2026-07-23 05:00:00,79,27.0,80.1,73.0,10.4,485.0,14.1,0.0,0,0,0.0,0,5,23,3,7,0,0
2026-07-23 06:00:00,79,29.7,82.7,91.0,8.1,399.0,13.7,0.0,0,0,0.0,0,6,23,3,7,0,1
2026-07-23 07:00:00,79,32.8,84.8,110.0,6.6,361.0,13.2,0.0,0,0,0.0,0,7,23,3,7,0,1
2026-07-23 08:00:00,79,34.2,84.3,127.0,5.3,337.0,12.4,0.0,0,0,0.0,0,8,23,3,7,0,1
2026-07-23 09:00:00,79,33.5,80.3,134.0,4.9,321.0,11.5,0.0,0,0,0.0,0,9,23,3,7,0,1
2026-07-23 10:00:00,79,31.0,75.7,121.0,5.4,314.0,10.4,0.0,0,0,0.0,0,10,23,3,7,0,2
2026-07-23 11:00:00,80,28.1,71.9,96.0,6.6,315.0,9.1,0.0,0,0,0.0,0,11,23,3,7,0,2
2026-07-23 12:00:00,80,38.2,99.9,93.0,9.5,310.0,10.6,0.0,0,0,0.0,0,12,23,3,7,0,2
2026-07-23 13:00:00,81,35.3,95.7,74.0,13.2,293.0,9.9,0.0,0,0,0.0,0,13,23,3,7,0,2
2026-07-23 14:00:00,82,32.0,87.1,48.0,18.2,272.0,9.0,0.0,0,0,0.0,0,14,23,3,7,0,2
2026-07-23 15:00:00,82,31.0,85.0,30.0,21.2,250.0,8.2,0.0,0,0,0.0,0,15,23,3,7,0,2
2026-07-23 16:00:00,83,28.6,78.2,28.0,20.1,230.0,7.8,0.0,0,0,0.0,0,16,23,3,7,0,2
2026-07-23 17:00:00,83,25.9,70.3,33.0,16.9,211.0,7.5,0.0,0,0,0.0,0,17,23,3,7,0,3
2026-07-23 18:00:00,84,24.6,69.2,38.0,14.4,194.0,7.4,0.0,0,0,0.0,0,18,23,3,7,0,3
2026-07-23 19:00:00,84,23.9,67.3,39.0,13.6,178.0,7.5,0.0,0,0,0.0,0,19,23,3,7,0,3
2026-07-23 20:00:00,85,23.9,66.8,38.0,13.4,164.0,7.8,0.0,0,0,0.0,0,20,23,3,7,0,3
2026-07-23 21:00:00,85,23.3,64.3,38.0,13.3,157.0,8.2,0.0,0,0,0.0,0,21,23,3,7,0,0
2026-07-23 22:00:00,85,22.6,61.5,37.0,13.1,157.0,8.6,0.0,0,0,0.0,0,22,23,3,7,0,0
2026-07-23 23:00:00,86,22.1,58.2,36.0,13.1,164.0,9.0,0.0,0,0,0.0,0,23,23,3,7,0,0
2026-07-24 00:00:00,86,24.5,70.3,38.0,12.5,189.0,10.9,0.0,0,0,0.0,0,0,24,4,7,0,0
2026-07-24 01:00:00,86,24.5,66.6,38.0,13.0,252.0,11.4,0.0,0,0,0.0,0,1,24,4,7,0,0
2026-07-24 02:00:00,86,26.0,74.0,39.0,13.5,332.0,12.0,0.0,0,0,0.0,0,2,24,4,7,0,0
2026-07-24 03:00:00,86,27.4,79.6,44.0,13.2,383.0,12.3,0.0,0,0,0.0,0,3,24,4,7,0,0
2026-07-24 04:00:00,86,31.1,94.5,57.0,11.4,378.0,11.9,0.0,0,0,0.0,0,4,24,4,7,0,0
2026-07-24 05:00:00,87,29.9,88.7,74.0,8.8,344.0,11.1,0.0,0,0,0.0,0,5,24,4,7,0,0
2026-07-24 06:00:00,87,32.0,89.9,88.0,6.6,311.0,10.2,0.0,0,0,0.0,0,6,24,4,7,0,1
2026-07-24 07:00:00,87,32.9,87.5,97.0,5.2,286.0,9.1,0.0,0,0,0.0,0,7,24,4,7,0,1
2026-07-24 08:00:00,87,32.2,83.1,103.0,4.3,262.0,7.8,0.0,0,0,0.0,0,8,24,4,7,0,1
2026-07-24 09:00:00,87,30.3,77.1,103.0,4.2,250.0,6.9,0.0,0,0,0.0,0,9,24,4,7,0,1
2026-07-24 10:00:00,87,29.0,75.4,94.0,5.1,261.0,6.5,0.0,0,0,0.0,0,10,24,4,7,0,2
2026-07-24 11:00:00,86,27.9,72.9,79.0,6.8,285.0,6.5,0.0,0,0,0.0,0,11,24,4,7,0,2
2026-07-24 12:00:00,86,30.9,75.9,77.0,10.8,299.0,7.2,0.0,0,0,0.0,0,12,24,4,7,0,2
2026-07-24 13:00:00,86,29.5,77.3,66.0,13.2,295.0,7.1,0.0,0,0,0.0,0,13,24,4,7,0,2
2026-07-24 14:00:00,85,29.6,78.0,50.0,16.5,281.0,6.9,0.0,0,0,0.0,0,14,24,4,7,0,2
2026-07-24 15:00:00,85,29.6,76.1,40.0,18.2,264.0,6.7,0.0,0,0,0.0,0,15,24,4,7,0,2
2026-07-24 16:00:00,85,26.5,68.9,39.0,17.0,244.0,6.6,0.0,0,0,0.0,0,16,24,4,7,0,2
2026-07-24 17:00:00,85,25.4,67.1,43.0,14.3,219.0,6.4,0.0,0,0,0.0,0,17,24,4,7,0,3
2026-07-24 18:00:00,85,24.4,63.6,47.0,11.8,195.0,6.3,0.0,0,0,0.0,0,18,24,4,7,0,3
2026-07-24 19:00:00,85,26.6,69.4,49.0,10.1,169.0,6.1,0.0,0,0,0.0,0,19,24,4,7,0,3
2026-07-24 20:00:00,85,26.1,70.8,50.0,8.8,144.0,5.8,0.0,0,0,0.0,0,20,24,4,7,0,3
2026-07-24 21:00:00,85,24.4,63.6,50.0,7.8,126.0,5.7,0.0,0,0,0.0,0,21,24,4,7,0,0
2026-07-24 22:00:00,85,22.6,57.0,49.0,7.3,114.0,5.9,0.0,0,0,0.0,0,22,24,4,7,0,0
2026-07-24 23:00:00,85,21.7,53.6,48.0,7.2,110.0,6.3,0.0,0,0,0.0,0,23,24,4,7,0,0
2026-07-25 00:00:00,85,27.0,76.8,48.0,8.0,126.0,7.0,0.0,0,0,0.0,0,0,25,5,7,1,0
2026-07-25 01:00:00,85,25.8,66.8,47.0,9.4,183.0,7.3,0.0,0,0,0.0,0,1,25,5,7,1,0
2026-07-25 02:00:00,86,27.4,75.2,45.0,11.4,260.0,7.8,0.0,0,0,0.0,0,2,25,5,7,1,0
2026-07-25 03:00:00,86,29.4,80.6,46.0,12.5,309.0,8.2,0.0,0,0,0.0,0,3,25,5,7,1,0
2026-07-25 04:00:00,86,30.0,81.7,51.0,12.0,301.0,8.5,0.0,0,0,0.0,0,4,25,5,7,1,0
2026-07-25 05:00:00,86,31.0,85.9,57.0,10.7,265.0,8.7,0.0,0,0,0.0,0,5,25,5,7,1,0
2026-07-25 06:00:00,86,31.3,86.4,63.0,9.6,238.0,8.8,0.0,0,0,0.0,0,6,25,5,7,1,1
2026-07-25 07:00:00,86,30.6,82.4,67.0,8.9,236.0,8.8,0.0,0,0,0.0,0,7,25,5,7,1,1
2026-07-25 08:00:00,86,29.2,76.8,70.0,8.5,243.0,8.8,0.0,0,0,0.0,0,8,25,5,7,1,1
2026-07-25 09:00:00,85,27.5,70.5,70.0,8.5,251.0,8.6,0.0,0,0,0.0,0,9,25,5,7,1,1
2026-07-25 10:00:00,85,24.9,62.2,65.0,9.2,261.0,8.1,0.0,0,0,0.0,0,10,25,5,7,1,2
2026-07-25 11:00:00,85,25.9,66.6,58.0,10.4,272.0,7.5,0.0,0,0,0.0,0,11,25,5,7,1,2
2026-07-25 12:00:00,85,28.7,82.9,52.0,10.8,276.0,6.7,0.0,0,0,0.0,0,12,25,5,7,1,2
2026-07-25 13:00:00,85,26.3,75.4,47.0,12.8,270.0,6.9,0.0,0,0,0.0,0,13,25,5,7,1,2
2026-07-25 14:00:00,84,24.8,69.2,41.0,15.5,257.0,7.2,0.0,0,0,0.0,0,14,25,5,7,1,2
2026-07-25 15:00:00,84,23.6,63.8,37.0,16.8,241.0,7.3,0.0,0,0,0.0,0,15,25,5,7,1,2
2026-07-25 16:00:00,83,21.2,58.8,38.0,15.5,220.0,7.0,0.0,0,0,0.0,0,16,25,5,7,1,2
2026-07-25 17:00:00,83,20.2,57.0,41.0,12.8,196.0,6.6,0.0,0,0,0.0,0,17,25,5,7,1,3
2026-07-25 18:00:00,83,21.1,62.4,44.0,10.6,175.0,6.3,0.0,0,0,0.0,0,18,25,5,7,1,3
2026-07-25 19:00:00,82,22.3,67.5,45.0,9.4,158.0,6.3,0.0,0,0,0.0,0,19,25,5,7,1,3
2026-07-25 20:00:00,82,24.1,74.7,46.0,8.7,143.0,6.3,0.0,0,0,0.0,0,20,25,5,7,1,3
2026-07-25 21:00:00,82,23.2,70.3,46.0,8.1,133.0,6.4,0.0,0,0,0.0,0,21,25,5,7,1,0
2026-07-25 22:00:00,82,22.5,66.4,46.0,7.6,125.0,6.4,0.0,0,0,0.0,0,22,25,5,7,1,0
2026-07-25 23:00:00,82,22.7,68.2,46.0,7.3,120.0,6.5,0.0,0,0,0.0,0,23,25,5,7,1,0
2026-07-26 00:00:00,82,23.4,76.1,45.0,8.4,127.0,7.1,0.0,0,0,0.0,0,0,26,6,7,1,0
2026-07-26 01:00:00,82,23.1,74.7,46.0,8.5,156.0,7.0,0.0,0,0,0.0,0,1,26,6,7,1,0
2026-07-26 02:00:00,81,24.4,82.9,47.0,8.6,195.0,6.9,0.0,0,0,0.0,0,2,26,6,7,1,0
2026-07-26 03:00:00,81,27.8,96.2,51.0,8.4,220.0,7.1,0.0,0,0,0.0,0,3,26,6,7,1,0
2026-07-26 04:00:00,81,28.5,98.3,58.0,7.7,216.0,7.8,0.0,0,0,0.0,0,4,26,6,7,1,0
2026-07-26 05:00:00,81,30.7,104.8,67.0,6.7,197.0,8.7,0.0,0,0,0.0,0,5,26,6,7,1,0
2026-07-26 06:00:00,81,32.9,109.7,75.0,5.7,182.0,9.2,0.0,0,0,0.0,0,6,26,6,7,1,1
2026-07-26 07:00:00,81,34.1,109.2,83.0,4.7,177.0,8.7,0.0,0,0,0.0,0,7,26,6,7,1,1
2026-07-26 08:00:00,81,33.9,104.8,91.0,3.7,175.0,7.7,0.0,0,0,0.0,0,8,26,6,7,1,1
2026-07-26 09:00:00,82,33.5,100.6,95.0,3.2,176.0,6.9,0.0,0,0,0.0,0,9,26,6,7,1,1
2026-07-26 10:00:00,82,32.1,92.2,93.0,3.3,183.0,6.5,0.0,0,0,0.0,0,10,26,6,7,1,2
2026-07-26 11:00:00,83,28.8,79.2,86.0,4.0,193.0,6.3,0.0,0,0,0.0,0,11,26,6,7,1,2
2026-07-26 12:00:00,83,28.3,81.3,88.0,5.6,200.0,7.0,0.0,0,0,0.0,0,12,26,6,7,1,2
2026-07-26 13:00:00,83,25.7,73.8,75.0,8.0,202.0,6.7,0.0,0,0,0.0,0,13,26,6,7,1,2
2026-07-26 14:00:00,83,23.8,66.4,57.0,11.3,201.0,6.4,0.0,0,0,0.0,0,14,26,6,7,1,2
2026-07-26 15:00:00,83,22.9,60.3,44.0,13.4,196.0,6.1,0.0,0,0,0.0,0,15,26,6,7,1,2
2026-07-26 16:00:00,83,21.2,56.1,41.0,13.1,186.0,6.1,0.0,0,0,0.0,0,16,26,6,7,1,2
2026-07-26 17:00:00,83,21.1,55.6,42.0,11.5,173.0,6.3,0.0,0,0,0.0,0,17,26,6,7,1,3
2026-07-26 18:00:00,83,21.2,56.8,44.0,10.0,159.0,6.3,0.0,0,0,0.0,0,18,26,6,7,1,3
2026-07-26 19:00:00,83,20.6,52.6,45.0,8.8,143.0,6.0,0.0,0,0,0.0,0,19,26,6,7,1,3
2026-07-26 20:00:00,83,20.9,54.9,45.0,7.6,126.0,5.5,0.0,0,0,0.0,0,20,26,6,7,1,3
2026-07-26 21:00:00,82,21.2,57.2,46.0,6.7,115.0,5.2,0.0,0,0,0.0,0,21,26,6,7,1,0
2026-07-26 22:00:00,82,21.5,59.6,46.0,6.1,108.0,5.1,0.0,0,0,0.0,0,22,26,6,7,1,0
2026-07-26 23:00:00,82,21.9,62.2,46.0,5.7,107.0,5.2,0.0,0,0,0.0,0,23,26,6,7,1,0
2026-07-27 00:00:00,82,20.8,58.9,49.0,4.6,121.0,4.7,0.0,0,0,0.0,0,0,27,0,7,0,0
2026-07-27 01:00:00,82,21.4,61.7,49.0,5.7,165.0,5.0,0.0,0,0,0.0,0,1,27,0,7,0,0
2026-07-27 02:00:00,82,24.3,78.2,48.0,7.1,225.0,5.5,0.0,0,0,0.0,0,2,27,0,7,0,0
2026-07-27 03:00:00,82,30.7,105.0,52.0,7.9,262.0,6.0,0.0,0,0,0.0,0,3,27,0,7,0,0
2026-07-27 04:00:00,82,31.4,106.4,63.0,7.3,256.0,6.5,0.0,0,0,0.0,0,4,27,0,7,0,0
2026-07-27 05:00:00,82,35.6,120.1,77.0,6.0,228.0,7.0,0.0,0,0,0.0,0,5,27,0,7,0,0
2026-07-27 06:00:00,83,37.4,121.5,88.0,4.9,205.0,7.1,0.0,0,0,0.0,0,6,27,0,7,0,1
2026-07-27 07:00:00,83,37.7,118.3,92.0,4.1,196.0,6.7,0.0,0,0,0.0,0,7,27,0,7,0,1
2026-07-27 08:00:00,83,36.8,113.4,91.0,3.4,192.0,5.9,0.0,0,0,0.0,0,8,27,0,7,0,1
2026-07-27 09:00:00,83,36.6,113.2,88.0,3.3,193.0,5.3,0.0,0,0,0.0,0,9,27,0,7,0,1
2026-07-27 10:00:00,84,36.1,110.6,81.0,3.9,203.0,5.1,0.0,0,0,0.0,0,10,27,0,7,0,2
2026-07-27 11:00:00,84,34.8,103.6,71.0,4.9,217.0,5.1,0.0,0,0,0.0,0,11,27,0,7,0,2
2026-07-27 12:00:00,84,29.3,89.9,54.0,7.5,226.0,5.0,0.0,0,0,0.0,0,12,27,0,7,0,2
2026-07-27 13:00:00,85,27.8,82.0,51.0,9.2,224.0,5.2,0.0,0,0,0.0,0,13,27,0,7,0,2
2026-07-27 14:00:00,85,26.2,74.0,46.0,11.5,215.0,5.4,0.0,0,0,0.0,0,14,27,0,7,0,2
2026-07-27 15:00:00,85,25.6,70.5,43.0,12.9,205.0,5.6,0.0,0,0,0.0,0,15,27,0,7,0,2
2026-07-27 16:00:00,85,25.2,70.3,43.0,12.5,193.0,5.6,0.0,0,0,0.0,0,16,27,0,7,0,2
2026-07-27 17:00:00,85,21.7,61.9,44.0,11.3,179.0,5.6,0.0,0,0,0.0,0,17,27,0,7,0,3
2026-07-27 18:00:00,85,18.9,55.3,45.0,10.0,165.0,5.5,0.0,0,0,0.0,0,18,27,0,7,0,3
2026-07-27 19:00:00,85,18.4,52.6,45.0,9.1,149.0,5.4,0.0,0,0,0.0,0,19,27,0,7,0,3
2026-07-27 20:00:00,85,16.6,44.8,45.0,8.2,133.0,5.2,0.0,0,0,0.0,0,20,27,0,7,0,3
2026-07-27 21:00:00,85,15.6,40.0,45.0,7.4,121.0,5.0,0.0,0,0,0.0,0,21,27,0,7,0,0
2026-07-27 22:00:00,84,14.4,35.6,46.0,6.4,112.0,4.8,0.0,0,0,0.0,0,22,27,0,7,0,0
2026-07-27 23:00:00,84,13.3,32.4,46.0,5.5,107.0,4.7,0.0,0,0,0.0,0,23,27,0,7,0,0
2026-07-28 00:00:00,83,14.5,41.2,47.0,5.4,120.0,4.7,0.0,0,0,0.0,0,0,28,1,7,0,0
2026-07-28 01:00:00,83,14.7,38.9,47.0,6.4,169.0,4.9,0.0,0,0,0.0,0,1,28,1,7,0,0
2026-07-28 02:00:00,82,16.2,44.4,48.0,7.7,235.0,5.3,0.0,0,0,0.0,0,2,28,1,7,0,0
2026-07-28 03:00:00,81,20.1,56.3,51.0,8.2,275.0,5.5,0.0,0,0,0.0,0,3,28,1,7,0,0
2026-07-28 04:00:00,81,22.0,61.5,60.0,7.3,262.0,5.6,0.0,0,0,0.0,0,4,28,1,7,0,0
2026-07-28 05:00:00,80,23.4,65.9,71.0,5.6,224.0,5.6,0.0,0,0,0.0,0,5,28,1,7,0,0
2026-07-28 06:00:00,79,24.4,67.5,80.0,4.2,195.0,5.6,0.0,0,0,0.0,0,6,28,1,7,0,1
2026-07-28 07:00:00,78,25.0,68.9,85.0,3.5,190.0,5.5,0.0,0,0,0.0,0,7,28,1,7,0,1
2026-07-28 08:00:00,77,25.5,69.8,87.0,3.1,194.0,5.3,0.0,0,0,0.0,0,8,28,1,7,0,1
2026-07-28 09:00:00,76,25.1,67.5,86.0,3.2,203.0,5.1,0.0,0,0,0.0,0,9,28,1,7,0,1
2026-07-28 10:00:00,75,25.0,66.4,81.0,3.8,218.0,5.0,0.0,0,0,0.0,0,10,28,1,7,0,2
2026-07-28 11:00:00,74,24.8,66.6,73.0,4.8,236.0,5.0,0.0,0,0,0.0,0,11,28,1,7,0,2
2026-07-28 12:00:00,73,31.8,92.9,68.0,6.1,248.0,4.9,0.0,0,0,0.0,0,12,28,1,7,0,2
2026-07-28 13:00:00,74,30.0,85.2,62.0,8.3,246.0,5.1,0.0,0,0,0.0,0,13,28,1,7,0,2
2026-07-28 14:00:00,74,27.8,74.0,53.0,11.3,238.0,5.4,0.0,0,0,0.0,0,14,28,1,7,0,2
2026-07-28 15:00:00,74,27.1,64.3,47.0,13.4,229.0,5.6,0.0,0,0,0.0,0,15,28,1,7,0,2
2026-07-28 16:00:00,74,26.8,61.0,46.0,13.8,224.0,5.8,0.0,0,0,0.0,0,16,28,1,7,0,2
2026-07-28 17:00:00,74,24.9,54.6,47.0,13.2,219.0,6.1,0.0,0,0,0.0,0,17,28,1,7,0,3
2026-07-28 18:00:00,74,25.7,55.1,49.0,12.3,208.0,6.1,0.0,0,0,0.0,0,18,28,1,7,0,3
2026-07-28 19:00:00,75,26.0,53.8,50.0,11.0,185.0,5.8,0.0,0,0,0.0,0,19,28,1,7,0,3
2026-07-28 20:00:00,76,25.0,50.5,51.0,9.3,156.0,5.4,0.0,0,0,0.0,0,20,28,1,7,0,3
2026-07-28 21:00:00,76,23.3,47.3,52.0,7.8,135.0,5.0,0.0,0,0,0.0,0,21,28,1,7,0,0
2026-07-28 22:00:00,77,21.5,44.1,52.0,6.5,125.0,4.8,0.0,0,0,0.0,0,22,28,1,7,0,0
2026-07-28 23:00:00,77,20.0,41.3,52.0,5.5,122.0,4.6,0.0,0,0,0.0,0,23,28,1,7,0,0
2026-07-29 00:00:00,78,19.8,42.3,54.0,4.9,136.0,4.3,0.0,0,0,0.0,0,0,29,2,7,0,0
2026-07-29 01:00:00,78,19.4,41.1,52.0,6.2,181.0,4.5,0.0,0,0,0.0,0,1,29,2,7,0,0
2026-07-29 02:00:00,79,19.6,42.7,50.0,7.8,241.0,4.9,0.0,0,0,0.0,0,2,29,2,7,0,0
2026-07-29 03:00:00,79,22.9,52.4,52.0,8.7,278.0,5.2,0.0,0,0,0.0,0,3,29,2,7,0,0
2026-07-29 04:00:00,79,25.1,58.9,60.0,8.0,268.0,5.5,0.0,0,0,0.0,0,4,29,2,7,0,0
2026-07-29 05:00:00,79,27.2,66.1,72.0,6.4,235.0,5.7,0.0,0,0,0.0,0,5,29,2,7,0,0
2026-07-29 06:00:00,80,26.8,63.8,81.0,5.2,210.0,5.8,0.0,0,0,0.0,0,6,29,2,7,0,1
2026-07-29 07:00:00,80,27.4,66.6,87.0,4.5,206.0,5.8,0.0,0,0,0.0,0,7,29,2,7,0,1
2026-07-29 08:00:00,80,27.6,66.8,91.0,4.2,210.0,5.7,0.0,0,0,0.0,0,8,29,2,7,0,1
2026-07-29 09:00:00,80,27.5,66.1,91.0,4.3,219.0,5.6,0.0,0,0,0.0,0,9,29,2,7,0,1
2026-07-29 10:00:00,80,27.6,66.4,86.0,5.0,234.0,5.5,0.0,0,0,0.0,0,10,29,2,7,0,2
2026-07-29 11:00:00,81,27.4,64.7,77.0,6.2,253.0,5.5,0.0,0,0,0.0,0,11,29,2,7,0,2
2026-07-29 12:00:00,81,30.3,75.2,71.0,8.3,268.0,5.8,0.0,0,0,0.0,0,12,29,2,7,0,2
2026-07-29 13:00:00,81,29.5,70.5,64.0,10.8,275.0,6.0,0.0,0,0,0.0,0,13,29,2,7,0,2
2026-07-29 14:00:00,81,28.6,66.1,55.0,14.3,278.0,6.3,0.0,0,0,0.0,0,14,29,2,7,0,2
2026-07-29 15:00:00,81,26.4,60.3,47.0,16.9,279.0,6.6,0.0,0,0,0.0,0,15,29,2,7,0,2
2026-07-29 16:00:00,81,23.6,54.0,43.0,18.1,283.0,7.0,0.0,0,0,0.0,0,16,29,2,7,0,2
2026-07-29 17:00:00,80,22.5,49.5,42.0,18.5,286.0,7.4,0.0,0,0,0.0,0,17,29,2,7,0,3
2026-07-29 18:00:00,80,22.0,46.9,41.0,18.2,277.0,7.6,0.0,0,0,0.0,0,18,29,2,7,0,3
2026-07-29 19:00:00,80,21.2,44.1,41.0,17.0,245.0,7.3,0.0,0,0,0.0,0,19,29,2,7,0,3
2026-07-29 20:00:00,80,20.2,41.4,42.0,15.0,201.0,6.7,0.0,0,0,0.0,0,20,29,2,7,0,3
2026-07-29 21:00:00,79,19.0,39.5,44.0,13.0,167.0,6.2,0.0,0,0,0.0,0,21,29,2,7,0,0
2026-07-29 22:00:00,79,18.3,38.9,46.0,11.0,147.0,5.9,0.0,0,0,0.0,0,22,29,2,7,0,0
2026-07-29 23:00:00,79,17.8,38.6,48.0,8.9,137.0,5.8,0.0,0,0,0.0,0,23,29,2,7,0,0
2026-07-30 00:00:00,78,17.4,37.6,48.0,8.4,152.0,5.8,0.0,0,0,0.0,0,0,30,3,7,0,0
2026-07-30 01:00:00,78,18.0,40.3,48.0,9.2,214.0,6.2,0.0,0,0,0.0,0,1,30,3,7,0,0
2026-07-30 02:00:00,78,20.6,50.9,50.0,10.2,300.0,6.8,0.0,0,0,0.0,0,2,30,3,7,0,0
2026-07-30 03:00:00,78,23.3,61.0,56.0,10.5,354.0,7.6,0.0,0,0,0.0,0,3,30,3,7,0,0
2026-07-30 04:00:00,78,29.9,82.4,71.0,9.6,343.0,8.8,0.0,0,0,0.0,0,4,30,3,7,0,0
2026-07-30 05:00:00,79,30.4,85.7,91.0,8.1,300.0,10.2,0.0,0,0,0.0,0,5,30,3,7,0,0
2026-07-30 06:00:00,79,34.9,95.0,108.0,6.7,267.0,10.9,0.0,0,0,0.0,0,6,30,3,7,0,1
2026-07-30 07:00:00,80,36.6,92.7,121.0,5.6,259.0,10.5,0.0,0,0,0.0,0,7,30,3,7,0,1
2026-07-30 08:00:00,80,35.7,86.8,131.0,4.8,261.0,9.4,0.0,0,0,0.0,0,8,30,3,7,0,1
2026-07-30 09:00:00,81,33.5,79.6,133.0,4.6,269.0,8.5,0.0,0,0,0.0,0,9,30,3,7,0,1
2026-07-30 10:00:00,81,31.4,75.4,123.0,5.3,287.0,8.0,0.0,0,0,0.0,0,10,30,3,7,0,2
2026-07-30 11:00:00,82,30.4,75.2,106.0,6.8,310.0,7.6,0.0,0,0,0.0,0,11,30,3,7,0,2
2026-07-30 12:00:00,82,36.4,95.2,96.0,9.1,327.0,8.4,0.0,0,0,0.0,0,12,30,3,7,0,2
2026-07-30 13:00:00,82,34.5,90.1,81.0,12.6,331.0,8.2,0.0,0,0,0.0,0,13,30,3,7,0,2
2026-07-30 14:00:00,83,32.6,82.7,61.0,17.3,328.0,8.0,0.0,0,0,0.0,0,14,30,3,7,0,2
2026-07-30 15:00:00,83,28.8,72.6,46.0,20.9,321.0,8.0,0.0,0,0,0.0,0,15,30,3,7,0,2
2026-07-30 16:00:00,83,27.3,69.2,41.0,22.1,314.0,8.3,0.0,0,0,0.0,0,16,30,3,7,0,2
2026-07-30 17:00:00,84,27.1,67.3,42.0,22.1,304.0,8.8,0.0,0,0,0.0,0,17,30,3,7,0,3
2026-07-30 18:00:00,84,27.0,62.9,42.0,22.0,284.0,9.1,0.0,0,0,0.0,0,18,30,3,7,0,3
2026-07-30 19:00:00,84,26.8,59.1,40.0,22.5,246.0,9.1,0.0,0,0,0.0,0,19,30,3,7,0,3
2026-07-30 20:00:00,85,26.0,54.5,38.0,22.8,200.0,8.9,0.0,0,0,0.0,0,20,30,3,7,0,3
2026-07-30 21:00:00,85,24.7,49.2,37.0,22.1,165.0,8.6,0.0,0,0,0.0,0,21,30,3,7,0,0
2026-07-30 22:00:00,86,23.4,46.2,39.0,19.3,144.0,8.1,0.0,0,0,0.0,0,22,30,3,7,0,0
2026-07-30 23:00:00,86,21.9,44.4,43.0,15.4,135.0,7.6,0.0,0,0,0.0,0,23,30,3,7,0,0
2026-07-31 00:00:00,86,21.6,44.2,44.0,14.0,154.0,7.9,0.0,0,0,0.0,0,0,31,4,7,0,0
2026-07-31 01:00:00,87,21.3,43.1,45.0,14.5,229.0,8.7,0.0,0,0,0.0,0,1,31,4,7,0,0
2026-07-31 02:00:00,87,24.0,54.5,47.0,15.0,331.0,9.9,0.0,0,0,0.0,0,2,31,4,7,0,0
2026-07-31 03:00:00,87,26.8,71.2,55.0,14.8,398.0,10.9,0.0,0,0,0.0,0,3,31,4,7,0,0
2026-07-31 04:00:00,88,31.4,93.1,75.0,13.2,393.0,11.6,0.0,0,0,0.0,0,4,31,4,7,0,0
2026-07-31 05:00:00,88,35.4,102.2,101.0,10.7,352.0,12.2,0.0,0,0,0.0,0,5,31,4,7,0,0
2026-07-31 06:00:00,88,39.8,108.3,123.0,8.6,316.0,12.3,0.0,0,0,0.0,0,6,31,4,7,0,1
2026-07-31 07:00:00,88,42.8,109.4,139.0,6.9,298.0,11.8,0.0,0,0,0.0,0,7,31,4,7,0,1
2026-07-31 08:00:00,89,42.6,103.4,150.0,5.5,286.0,10.9,0.0,0,0,0.0,0,8,31,4,7,0,1
2026-07-31 09:00:00,89,40.5,95.2,153.0,5.0,285.0,10.1,0.0,0,0,0.0,0,9,31,4,7,0,1
2026-07-31 10:00:00,90,38.0,88.2,142.0,5.7,307.0,9.4,0.0,0,0,0.0,0,10,31,4,7,0,2
2026-07-31 11:00:00,90,35.4,82.4,122.0,7.3,340.0,8.8,0.0,0,0,0.0,0,11,31,4,7,0,2
2026-07-31 12:00:00,91,38.5,88.7,128.0,10.2,357.0,10.3,0.0,0,0,0.0,0,12,31,4,7,0,2
2026-07-31 13:00:00,92,36.0,84.5,103.0,15.1,342.0,9.7,0.0,0,0,0.0,0,13,31,4,7,0,2
2026-07-31 14:00:00,92,33.5,79.6,68.0,21.7,310.0,8.8,0.0,0,0,0.0,0,14,31,4,7,0,2
2026-07-31 15:00:00,91,29.8,71.2,42.0,26.3,287.0,8.2,0.0,0,0,0.0,0,15,31,4,7,0,2
2026-07-31 16:00:00,91,27.0,65.2,34.0,26.8,285.0,8.1,0.0,0,0,0.0,0,16,31,4,7,0,2
2026-07-31 17:00:00,91,25.7,64.3,34.0,25.3,292.0,8.4,0.0,0,0,0.0,0,17,31,4,7,0,3
2026-07-31 18:00:00,91,25.1,62.2,35.0,23.8,286.0,8.6,0.0,0,0,0.0,0,18,31,4,7,0,3
2026-07-31 19:00:00,91,25.1,58.8,34.0,23.2,255.0,8.8,0.0,0,0,0.0,0,19,31,4,7,0,3
2026-07-31 20:00:00,91,24.6,57.2,33.0,22.7,213.0,8.9,0.0,0,0,0.0,0,20,31,4,7,0,3
2026-07-31 21:00:00,91,23.9,55.2,33.0,22.0,180.0,9.1,0.0,0,0,0.0,0,21,31,4,7,0,0
2026-07-31 22:00:00,91,23.0,52.0,32.0,20.8,157.0,9.3,0.0,0,0,0.0,0,22,31,4,7,0,0
2026-07-31 23:00:00,91,22.2,50.1,31.0,19.5,144.0,9.5,0.0,0,0,0.0,0,23,31,4,7,0,0
2026-08-01 00:00:00,91,22.9,53.7,31.0,19.3,159.0,10.3,0.0,0,0,0.0,0,0,1,5,8,1,0
2026-08-01 01:00:00,91,22.7,53.8,32.0,19.7,230.0,10.6,0.0,0,0,0.0,0,1,1,5,8,1,0
2026-08-01 02:00:00,91,25.1,67.8,34.0,20.2,329.0,11.1,0.0,0,0,0.0,0,2,1,5,8,1,0
2026-08-01 03:00:00,91,27.8,81.7,41.0,19.8,399.0,11.9,0.0,0,0,0.0,0,3,1,5,8,1,0
2026-08-01 04:00:00,91,31.2,92.2,57.0,18.1,414.0,13.4,0.0,0,0,0.0,0,4,1,5,8,1,0
2026-08-01 05:00:00,91,34.7,101.3,78.0,15.6,398.0,15.2,0.0,0,0,0.0,0,5,1,5,8,1,0
2026-08-01 06:00:00,91,38.9,107.6,96.0,13.0,370.0,15.9,0.0,0,0,0.0,0,6,1,5,8,1,1
2026-08-01 07:00:00,91,41.8,107.3,111.0,10.1,323.0,14.5,0.0,0,0,0.0,0,7,1,5,8,1,1
2026-08-01 08:00:00,91,41.2,101.5,122.0,7.1,262.0,12.0,0.0,0,0,0.0,0,8,1,5,8,1,1
2026-08-01 09:00:00,91,37.8,94.1,124.0,5.4,223.0,9.8,0.0,0,0,0.0,0,9,1,5,8,1,1
2026-08-01 10:00:00,91,33.6,86.8,109.0,5.6,225.0,8.2,0.0,0,0,0.0,0,10,1,5,8,1,2
2026-08-01 11:00:00,90,31.8,86.8,85.0,7.0,249.0,6.8,0.0,0,0,0.0,0,11,1,5,8,1,2
2026-08-01 12:00:00,90,31.7,90.6,63.0,11.3,267.0,6.6,0.0,0,0,0.0,0,12,1,5,8,1,2
2026-08-01 13:00:00,89,30.0,84.5,56.0,13.0,271.0,6.4,0.0,0,0,0.0,0,13,1,5,8,1,2
2026-08-01 14:00:00,89,27.3,76.6,47.0,15.2,270.0,6.0,0.0,0,0,0.0,0,14,1,5,8,1,2
2026-08-01 15:00:00,88,25.0,71.2,41.0,16.4,260.0,5.8,0.0,0,0,0.0,0,15,1,5,8,1,2
2026-08-01 16:00:00,88,23.7,68.7,40.0,15.6,235.0,5.8,0.0,0,0,0.0,0,16,1,5,8,1,2
2026-08-01 17:00:00,88,23.1,66.6,41.0,13.7,201.0,5.8,0.0,0,0,0.0,0,17,1,5,8,1,3
2026-08-01 18:00:00,88,22.4,62.4,42.0,11.8,171.0,5.8,0.0,0,0,0.0,0,18,1,5,8,1,3
2026-08-01 19:00:00,87,21.1,56.5,43.0,10.2,150.0,5.5,0.0,0,0,0.0,0,19,1,5,8,1,3
2026-08-01 20:00:00,87,20.3,54.2,44.0,8.7,135.0,5.1,0.0,0,0,0.0,0,20,1,5,8,1,3
2026-08-01 21:00:00,87,19.0,49.9,45.0,7.4,124.0,4.8,0.0,0,0,0.0,0,21,1,5,8,1,0
2026-08-01 22:00:00,86,18.7,49.4,46.0,6.4,115.0,4.7,0.0,0,0,0.0,0,22,1,5,8,1,0
2026-08-01 23:00:00,86,18.2,48.3,46.0,5.8,112.0,4.6,0.0,0,0,0.0,0,23,1,5,8,1,0
2026-08-02 00:00:00,86,20.9,61.2,49.0,5.2,124.0,4.7,0.0,0,0,0.0,0,0,2,6,8,1,0
2026-08-02 01:00:00,86,19.6,55.5,48.0,5.9,169.0,4.9,0.0,0,0,0.0,0,1,2,6,8,1,0
2026-08-02 02:00:00,85,20.4,61.0,48.0,6.8,231.0,5.2,0.0,0,0,0.0,0,2,2,6,8,1,0
2026-08-02 03:00:00,85,23.1,68.2,50.0,7.2,268.0,5.6,0.0,0,0,0.0,0,3,2,6,8,1,0
2026-08-02 04:00:00,85,24.2,71.5,57.0,6.5,257.0,6.1,0.0,0,0,0.0,0,4,2,6,8,1,0
2026-08-02 05:00:00,84,25.3,75.7,66.0,5.4,221.0,6.6,0.0,0,0,0.0,0,5,2,6,8,1,0
2026-08-02 06:00:00,83,26.4,78.9,73.0,4.3,193.0,6.8,0.0,0,0,0.0,0,6,2,6,8,1,1
2026-08-02 07:00:00,82,27.2,80.6,77.0,3.5,183.0,6.5,0.0,0,0,0.0,0,7,2,6,8,1,1
2026-08-02 08:00:00,81,26.4,76.8,80.0,2.9,180.0,5.8,0.0,0,0,0.0,0,8,2,6,8,1,1
2026-08-02 09:00:00,80,25.2,71.9,79.0,2.7,182.0,5.3,0.0,0,0,0.0,0,9,2,6,8,1,1
2026-08-02 10:00:00,79,23.6,65.0,72.0,3.3,192.0,5.0,0.0,0,0,0.0,0,10,2,6,8,1,2
2026-08-02 11:00:00,78,22.8,61.7,61.0,4.4,207.0,4.9,0.0,0,0,0.0,0,11,2,6,8,1,2
2026-08-02 12:00:00,77,26.4,77.8,49.0,7.2,216.0,5.4,0.0,0,0,0.0,0,12,2,6,8,1,2
2026-08-02 13:00:00,77,26.5,76.1,47.0,8.3,213.0,5.6,0.0,0,0,0.0,0,13,2,6,8,1,2
2026-08-02 14:00:00,77,26.8,74.5,44.0,9.9,204.0,5.9,0.0,0,0,0.0,0,14,2,6,8,1,2
2026-08-02 15:00:00,77,27.3,73.6,41.0,11.2,192.0,6.1,0.0,0,0,0.0,0,15,2,6,8,1,2
2026-08-02 16:00:00,77,27.8,69.2,39.0,12.0,178.0,6.4,0.0,0,0,0.0,0,16,2,6,8,1,2
2026-08-02 17:00:00,77,28.8,70.3,38.0,12.6,163.0,6.6,0.0,0,0,0.0,0,17,2,6,8,1,3
2026-08-02 18:00:00,78,25.3,63.8,37.0,12.4,149.0,6.6,0.0,0,0,0.0,0,18,2,6,8,1,3
2026-08-02 19:00:00,78,27.5,68.0,38.0,11.1,138.0,6.2,0.0,0,0,0.0,0,19,2,6,8,1,3
2026-08-02 20:00:00,78,30.4,77.1,40.0,9.1,128.0,5.7,0.0,0,0,0.0,0,20,2,6,8,1,3
2026-08-02 21:00:00,79,30.0,74.7,41.0,7.4,123.0,5.2,0.0,0,0,0.0,0,21,2,6,8,1,0
2026-08-02 22:00:00,80,29.8,74.0,42.0,6.1,117.0,4.9,0.0,0,0,0.0,0,22,2,6,8,1,0
2026-08-02 23:00:00,81,27.8,70.8,43.0,5.2,116.0,4.6,0.0,0,0,0.0,0,23,2,6,8,1,0
2026-08-03 00:00:00,82,26.8,69.2,44.0,5.0,132.0,4.7,0.0,0,0,0.0,0,0,3,0,8,0,0
2026-08-03 01:00:00,82,25.2,65.4,42.0,7.5,187.0,5.3,0.0,0,0,0.0,0,1,3,0,8,0,0
2026-08-03 02:00:00,83,24.2,61.7,40.0,10.9,260.0,6.2,0.0,0,0,0.0,0,2,3,0,8,0,0
2026-08-03 03:00:00,83,26.5,71.2,39.0,12.9,305.0,6.8,0.0,0,0,0.0,0,3,3,0,8,0,0
2026-08-03 04:00:00,83,26.1,70.8,41.0,12.3,293.0,6.9,0.0,0,0,0.0,0,4,3,0,8,0,0
2026-08-03 05:00:00,83,25.6,71.0,45.0,10.4,252.0,6.8,0.0,0,0,0.0,0,5,3,0,8,0,0
2026-08-03 06:00:00,83,25.5,72.4,49.0,8.7,220.0,6.6,0.0,0,0,0.0,0,6,3,0,8,0,1
2026-08-03 07:00:00,83,25.6,72.2,52.0,7.7,209.0,6.4,0.0,0,0,0.0,0,7,3,0,8,0,1
2026-08-03 08:00:00,83,25.2,69.8,55.0,7.1,207.0,6.1,0.0,0,0,0.0,0,8,3,0,8,0,1
2026-08-03 09:00:00,83,24.9,67.8,56.0,6.8,210.0,5.8,0.0,0,0,0.0,0,9,3,0,8,0,1
2026-08-03 10:00:00,83,24.4,64.5,56.0,6.8,222.0,5.6,0.0,0,0,0.0,0,10,3,0,8,0,2
2026-08-03 11:00:00,83,24.1,61.5,55.0,7.3,240.0,5.5,0.0,0,0,0.0,0,11,3,0,8,0,2
2026-08-03 12:00:00,83,29.0,75.9,53.0,8.7,251.0,5.6,0.0,0,0,0.0,0,12,3,0,8,0,2
2026-08-03 13:00:00,83,29.6,76.4,48.0,11.8,249.0,5.9,0.0,0,0,0.0,0,13,3,0,8,0,2
2026-08-03 14:00:00,84,30.4,75.0,41.0,16.1,241.0,6.4,0.0,0,0,0.0,0,14,3,0,8,0,2
2026-08-03 15:00:00,84,28.9,65.2,36.0,19.3,236.0,6.8,0.0,0,0,0.0,0,15,3,0,8,0,2
2026-08-03 16:00:00,84,27.4,60.8,34.0,20.8,241.0,7.2,0.0,0,0,0.0,0,16,3,0,8,0,2
2026-08-03 17:00:00,84,27.6,61.2,33.0,21.3,247.0,7.5,0.0,0,0,0.0,0,17,3,0,8,0,3
2026-08-03 18:00:00,84,27.9,61.7,33.0,20.6,243.0,7.6,0.0,0,0,0.0,0,18,3,0,8,0,3
2026-08-03 19:00:00,84,28.1,63.1,35.0,18.1,215.0,7.2,0.0,0,0,0.0,0,19,3,0,8,0,3
2026-08-03 20:00:00,84,32.1,77.3,39.0,14.4,176.0,6.4,0.0,0,0,0.0,0,20,3,0,8,0,3
2026-08-03 21:00:00,84,28.8,67.8,42.0,11.2,147.0,5.8,0.0,0,0,0.0,0,21,3,0,8,0,0
2026-08-03 22:00:00,84,25.1,58.7,44.0,8.9,133.0,5.4,0.0,0,0,0.0,0,22,3,0,8,0,0
2026-08-03 23:00:00,84,23.4,55.4,46.0,7.2,130.0,5.1,0.0,0,0,0.0,0,23,3,0,8,0,0
2026-08-04 00:00:00,84,22.5,53.2,45.0,7.4,142.0,5.7,0.0,0,0,0.0,0,0,4,1,8,0,0
2026-08-04 01:00:00,83,22.6,53.2,46.0,8.2,185.0,5.9,0.0,0,0,0.0,0,1,4,1,8,0,0
2026-08-04 02:00:00,83,23.7,58.3,48.0,9.2,243.0,6.2,0.0,0,0,0.0,0,2,4,1,8,0,0
2026-08-04 03:00:00,83,25.3,63.6,51.0,9.6,279.0,6.4,0.0,0,0,0.0,0,3,4,1,8,0,0
2026-08-04 04:00:00,83,26.9,69.2,57.0,8.7,268.0,6.4,0.0,0,0,0.0,0,4,4,1,8,0,0
2026-08-04 05:00:00,83,27.0,71.2,64.0,7.1,234.0,6.2,0.0,0,0,0.0,0,5,4,1,8,0,0
2026-08-04 06:00:00,83,27.0,71.0,70.0,5.8,208.0,6.0,0.0,0,0,0.0,0,6,4,1,8,0,1
2026-08-04 07:00:00,83,26.2,67.5,75.0,4.9,203.0,5.8,0.0,0,0,0.0,0,7,4,1,8,0,1
2026-08-04 08:00:00,83,25.6,65.2,78.0,4.1,206.0,5.5,0.0,0,0,0.0,0,8,4,1,8,0,1
2026-08-04 09:00:00,83,25.5,64.7,79.0,4.1,214.0,5.3,0.0,0,0,0.0,0,9,4,1,8,0,1
2026-08-04 10:00:00,83,25.7,64.7,75.0,5.0,230.0,5.3,0.0,0,0,0.0,0,10,4,1,8,0,2
2026-08-04 11:00:00,83,25.7,65.2,69.0,6.7,252.0,5.5,0.0,0,0,0.0,0,11,4,1,8,0,2
2026-08-04 12:00:00,83,27.8,70.5,66.0,7.9,265.0,5.6,0.0,0,0,0.0,0,12,4,1,8,0,2
2026-08-04 13:00:00,83,27.6,70.5,60.0,9.7,263.0,5.9,0.0,0,0,0.0,0,13,4,1,8,0,2
2026-08-04 14:00:00,83,27.9,69.6,52.0,12.2,254.0,6.2,0.0,0,0,0.0,0,14,4,1,8,0,2
2026-08-04 15:00:00,83,28.3,68.9,45.0,14.2,242.0,6.5,0.0,0,0,0.0,0,15,4,1,8,0,2
2026-08-04 16:00:00,83,27.8,66.6,42.0,15.5,231.0,6.7,0.0,0,0,0.0,0,16,4,1,8,0,2
2026-08-04 17:00:00,83,25.1,57.5,40.0,16.2,219.0,6.8,0.0,0,0,0.0,0,17,4,1,8,0,3
2026-08-04 18:00:00,83,24.0,53.6,40.0,16.1,204.0,6.7,0.0,0,0,0.0,0,18,4,1,8,0,3
2026-08-04 19:00:00,83,23.7,52.6,41.0,14.6,183.0,6.4,0.0,0,0,0.0,0,19,4,1,8,0,3
2026-08-04 20:00:00,82,23.2,51.5,43.0,12.2,158.0,5.8,0.0,0,0,0.0,0,20,4,1,8,0,3
2026-08-04 21:00:00,81,22.6,49.8,45.0,10.0,140.0,5.4,0.0,0,0,0.0,0,21,4,1,8,0,0
2026-08-04 22:00:00,81,21.6,47.6,47.0,8.2,127.0,5.1,0.0,0,0,0.0,0,22,4,1,8,0,0
2026-08-04 23:00:00,81,17.7,38.6,49.0,6.5,121.0,4.9,0.0,0,0,0.0,0,23,4,1,8,0,0
2026-08-05 00:00:00,80,15.8,34.9,51.0,6.0,132.0,4.9,0.0,0,0,0.0,0,0,5,2,8,0,0
2026-08-05 01:00:00,80,16.1,36.0,50.0,7.2,180.0,5.2,0.0,0,0,0.0,0,1,5,2,8,0,0
2026-08-05 02:00:00,79,17.8,41.8,50.0,8.8,245.0,5.6,0.0,0,0,0.0,0,2,5,2,8,0,0
2026-08-05 03:00:00,79,20.4,49.2,52.0,9.5,285.0,5.9,0.0,0,0,0.0,0,3,5,2,8,0,0
2026-08-05 04:00:00,78,22.8,56.3,60.0,8.4,272.0,5.9,0.0,0,0,0.0,0,4,5,2,8,0,0
2026-08-05 05:00:00,78,24.9,62.6,71.0,6.4,233.0,5.7,0.0,0,0,0.0,0,5,5,2,8,0,0
2026-08-05 06:00:00,78,25.6,64.0,79.0,4.8,204.0,5.5,0.0,0,0,0.0,0,6,5,2,8,0,1
2026-08-05 07:00:00,78,26.0,65.0,83.0,3.9,197.0,5.3,0.0,0,0,0.0,0,7,5,2,8,0,1
2026-08-05 08:00:00,78,26.0,64.0,84.0,3.5,200.0,5.0,0.0,0,0,0.0,0,8,5,2,8,0,1
2026-08-05 09:00:00,78,25.8,63.1,83.0,3.5,207.0,4.8,0.0,0,0,0.0,0,9,5,2,8,0,1
2026-08-05 10:00:00,78,25.8,62.6,78.0,4.2,221.0,4.8,0.0,0,0,0.0,0,10,5,2,8,0,2
2026-08-05 11:00:00,78,26.5,64.3,70.0,5.4,240.0,4.8,0.0,0,0,0.0,0,11,5,2,8,0,2
2026-08-05 12:00:00,78,36.1,90.1,63.0,6.6,249.0,4.8,0.0,0,0,0.0,0,12,5,2,8,0,2
2026-08-05 13:00:00,79,36.3,89.9,57.0,9.0,241.0,5.0,0.0,0,0,0.0,0,13,5,2,8,0,2
2026-08-05 14:00:00,79,36.4,87.1,50.0,12.3,223.0,5.3,0.0,0,0,0.0,0,14,5,2,8,0,2
2026-08-05 15:00:00,80,35.5,80.8,44.0,14.4,208.0,5.5,0.0,0,0,0.0,0,15,5,2,8,0,2
2026-08-05 16:00:00,80,34.0,75.7,43.0,14.5,203.0,5.7,0.0,0,0,0.0,0,16,5,2,8,0,2
2026-08-05 17:00:00,81,32.2,70.3,43.0,13.5,200.0,5.8,0.0,0,0,0.0,0,17,5,2,8,0,3
2026-08-05 18:00:00,82,27.2,61.5,44.0,12.2,192.0,5.8,0.0,0,0,0.0,0,18,5,2,8,0,3
2026-08-05 19:00:00,82,25.8,58.8,44.0,10.9,172.0,5.6,0.0,0,0,0.0,0,19,5,2,8,0,3
2026-08-05 20:00:00,82,25.5,59.3,45.0,9.4,147.0,5.2,0.0,0,0,0.0,0,20,5,2,8,0,3
2026-08-05 21:00:00,82,25.3,59.3,46.0,8.0,129.0,4.9,0.0,0,0,0.0,0,21,5,2,8,0,0
2026-08-05 22:00:00,82,24.6,58.1,47.0,6.8,120.0,4.7,0.0,0,0,0.0,0,22,5,2,8,0,0
2026-08-05 23:00:00,83,22.8,53.4,49.0,5.7,119.0,4.6,0.0,0,0,0.0,0,23,5,2,8,0,0
2026-08-06 00:00:00,83,22.5,52.2,50.0,5.6,131.0,4.8,0.0,0,0,0.0,0,0,6,3,8,0,0
2026-08-06 01:00:00,83,22.4,50.8,49.0,7.1,171.0,5.0,0.0,0,0,0.0,0,1,6,3,8,0,0
2026-08-06 02:00:00,84,23.4,53.1,49.0,9.0,225.0,5.3,0.0,0,0,0.0,0,2,6,3,8,0,0
2026-08-06 03:00:00,84,25.6,59.8,50.0,9.9,258.0,5.5,0.0,0,0,0.0,0,3,6,3,8,0,0
2026-08-06 04:00:00,85,27.5,64.5,56.0,8.7,249.0,5.5,0.0,0,0,0.0,0,4,6,3,8,0,0
2026-08-06 05:00:00,85,29.8,71.0,64.0,6.4,219.0,5.3,0.0,0,0,0.0,0,5,6,3,8,0,0
2026-08-06 06:00:00,86,27.0,62.6,70.0,4.6,196.0,5.2,0.0,0,0,0.0,0,6,6,3,8,0,1
2026-08-06 07:00:00,86,26.5,62.2,74.0,3.7,189.0,5.1,0.0,0,0,0.0,0,7,6,3,8,0,1
2026-08-06 08:00:00,86,27.6,67.5,76.0,3.4,188.0,4.9,0.0,0,0,0.0,0,8,6,3,8,0,1
2026-08-06 09:00:00,86,26.3,61.5,76.0,3.5,194.0,4.8,0.0,0,0,0.0,0,9,6,3,8,0,1
2026-08-06 10:00:00,86,27.5,63.8,72.0,4.3,210.0,4.8,0.0,0,0,0.0,0,10,6,3,8,0,2
2026-08-06 11:00:00,86,25.0,53.2,65.0,5.7,232.0,4.8,0.0,0,0,0.0,0,11,6,3,8,0,2
2026-08-06 12:00:00,86,22.4,46.2,61.0,6.7,247.0,4.8,0.0,0,0,0.0,0,12,6,3,8,0,2
2026-08-06 13:00:00,85,21.8,42.8,57.0,8.5,249.0,5.0,0.0,0,0,0.0,0,13,6,3,8,0,2
2026-08-06 14:00:00,84,22.2,43.0,51.0,10.9,243.0,5.3,0.0,0,0,0.0,0,14,6,3,8,0,2
2026-08-06 15:00:00,83,22.7,43.7,47.0,12.6,236.0,5.5,0.0,0,0,0.0,0,15,6,3,8,0,2
2026-08-06 16:00:00,82,21.3,42.4,46.0,13.0,230.0,5.7,0.0,0,0,0.0,0,16,6,3,8,0,2
2026-08-06 17:00:00,81,19.6,38.6,46.0,12.7,223.0,5.8,0.0,0,0,0.0,0,17,6,3,8,0,3
2026-08-06 18:00:00,80,19.1,38.4,47.0,11.9,211.0,5.7,0.0,0,0,0.0,0,18,6,3,8,0,3
2026-08-06 19:00:00,79,18.1,36.8,48.0,10.5,190.0,5.4,0.0,0,0,0.0,0,19,6,3,8,0,3
2026-08-06 20:00:00,78,20.3,43.1,48.0,8.5,165.0,4.9,0.0,0,0,0.0,0,20,6,3,8,0,3
2026-08-06 21:00:00,78,18.3,38.0,49.0,7.0,145.0,4.5,0.0,0,0,0.0,0,21,6,3,8,0,0
2026-08-06 22:00:00,77,16.1,32.5,49.0,6.0,131.0,4.4,0.0,0,0,0.0,0,22,6,3,8,0,0
2026-08-06 23:00:00,77,14.7,29.7,49.0,5.4,122.0,4.4,0.0,0,0,0.0,0,23,6,3,8,0,0
2026-08-07 00:00:00,76,18.7,41.8,52.0,5.7,131.0,4.7,0.0,0,0,0.0,0,0,7,4,8,0,0
2026-08-07 01:00:00,76,16.8,35.4,51.0,7.5,175.0,5.2,0.0,0,0,0.0,0,1,7,4,8,0,0
2026-08-07 02:00:00,75,17.6,36.1,49.0,10.0,236.0,5.8,0.0,0,0,0.0,0,2,7,4,8,0,0
2026-08-07 03:00:00,75,19.6,42.1,50.0,11.1,273.0,6.2,0.0,0,0,0.0,0,3,7,4,8,0,0
2026-08-07 04:00:00,74,21.8,50.9,56.0,9.7,263.0,6.1,0.0,0,0,0.0,0,4,7,4,8,0,0
2026-08-07 05:00:00,74,22.6,54.7,64.0,7.0,229.0,5.7,0.0,0,0,0.0,0,5,7,4,8,0,0
2026-08-07 06:00:00,73,22.8,54.6,71.0,4.9,203.0,5.3,0.0,0,0,0.0,0,6,7,4,8,0,1
2026-08-07 07:00:00,73,23.3,57.3,75.0,3.9,195.0,5.1,0.0,0,0,0.0,0,7,7,4,8,0,1
2026-08-07 08:00:00,73,23.4,55.9,77.0,3.4,194.0,5.0,0.0,0,0,0.0,0,8,7,4,8,0,1
2026-08-07 09:00:00,72,24.6,63.1,76.0,3.6,199.0,4.9,0.0,0,0,0.0,0,9,7,4,8,0,1
2026-08-07 10:00:00,72,25.0,64.7,70.0,4.6,214.0,4.9,0.0,0,0,0.0,0,10,7,4,8,0,2
2026-08-07 11:00:00,72,23.9,59.6,61.0,6.1,234.0,5.0,0.0,0,0,0.0,0,11,7,4,8,0,2
2026-08-07 12:00:00,72,26.5,69.4,55.0,7.5,248.0,4.9,0.0,0,0,0.0,0,12,7,4,8,0,2
2026-08-07 13:00:00,72,26.7,66.6,49.0,9.7,248.0,5.3,0.0,0,0,0.0,0,13,7,4,8,0,2
2026-08-07 14:00:00,73,27.1,64.7,42.0,12.8,242.0,5.8,0.0,0,0,0.0,0,14,7,4,8,0,2
2026-08-07 15:00:00,73,28.6,64.5,36.0,14.8,234.0,6.2,0.0,0,0,0.0,0,15,7,4,8,0,2
2026-08-07 16:00:00,74,24.0,53.7,35.0,14.9,228.0,6.4,0.0,0,0,0.0,0,16,7,4,8,0,2
2026-08-07 17:00:00,74,23.2,53.0,35.0,14.0,221.0,6.5,0.0,0,0,0.0,0,17,7,4,8,0,3
2026-08-07 18:00:00,74,21.8,48.5,36.0,12.9,208.0,6.4,0.0,0,0,0.0,0,18,7,4,8,0,3
2026-08-07 19:00:00,74,20.7,45.9,37.0,11.7,183.0,6.2,0.0,0,0,0.0,0,19,7,4,8,0,3
2026-08-07 20:00:00,75,23.7,55.2,37.0,10.2,153.0,5.8,0.0,0,0,0.0,0,20,7,4,8,0,3
2026-08-07 21:00:00,75,20.4,45.4,38.0,9.0,131.0,5.5,0.0,0,0,0.0,0,21,7,4,8,0,0
2026-08-07 22:00:00,75,18.2,40.3,38.0,8.0,118.0,5.4,0.0,0,0,0.0,0,22,7,4,8,0,0
2026-08-07 23:00:00,75,17.1,38.3,38.0,7.3,114.0,5.3,0.0,0,0,0.0,0,23,7,4,8,0,0
2026-08-08 00:00:00,75,16.5,36.2,42.0,6.5,128.0,5.3,0.0,0,0,0.0,0,0,8,5,8,1,0
2026-08-08 01:00:00,75,16.6,37.0,41.0,7.9,179.0,5.7,0.0,0,0,0.0,0,1,8,5,8,1,0
2026-08-08 02:00:00,75,18.6,44.0,41.0,9.7,249.0,6.3,0.0,0,0,0.0,0,2,8,5,8,1,0
2026-08-08 03:00:00,75,20.9,51.1,43.0,10.5,291.0,6.7,0.0,0,0,0.0,0,3,8,5,8,1,0
2026-08-08 04:00:00,75,23.5,60.8,51.0,9.3,278.0,6.6,0.0,0,0,0.0,0,4,8,5,8,1,0
2026-08-08 05:00:00,75,25.4,68.7,61.0,7.0,237.0,6.3,0.0,0,0,0.0,0,5,8,5,8,1,0
2026-08-08 06:00:00,76,27.4,78.0,70.0,5.2,206.0,6.0,0.0,0,0,0.0,0,6,8,5,8,1,1
2026-08-08 07:00:00,76,27.2,78.2,76.0,4.3,197.0,5.8,0.0,0,0,0.0,0,7,8,5,8,1,1
2026-08-08 08:00:00,76,27.5,78.7,79.0,3.9,197.0,5.5,0.0,0,0,0.0,0,8,8,5,8,1,1
2026-08-08 09:00:00,77,27.4,78.7,80.0,4.0,204.0,5.4,0.0,0,0,0.0,0,9,8,5,8,1,1
2026-08-08 10:00:00,77,26.5,75.0,76.0,4.7,223.0,5.5,0.0,0,0,0.0,0,10,8,5,8,1,2
2026-08-08 11:00:00,77,25.6,70.8,69.0,5.8,250.0,5.7,0.0,0,0,0.0,0,11,8,5,8,1,2
2026-08-08 12:00:00,77,32.7,97.6,74.0,6.7,266.0,6.0,0.0,0,0,0.0,0,12,8,5,8,1,2
2026-08-08 13:00:00,78,30.2,85.4,64.0,8.8,263.0,6.1,0.0,0,0,0.0,0,13,8,5,8,1,2
2026-08-08 14:00:00,78,27.0,69.2,51.0,11.6,251.0,6.3,0.0,0,0,0.0,0,14,8,5,8,1,2
2026-08-08 15:00:00,78,25.6,61.7,41.0,13.6,237.0,6.4,0.0,0,0,0.0,0,15,8,5,8,1,2
2026-08-08 16:00:00,78,24.0,56.9,37.0,14.1,226.0,6.4,0.0,0,0,0.0,0,16,8,5,8,1,2
2026-08-08 17:00:00,78,23.3,55.2,37.0,13.9,214.0,6.4,0.0,0,0,0.0,0,17,8,5,8,1,3
2026-08-08 17:22:18,75,17.85,72.27,37.67,0.1,70.41,0.4,27.36,1003,78,5.93,248,17,8,5,8,1,3
2026-08-08 18:00:00,78,21.1,48.5,37.0,13.4,198.0,6.3,0.0,0,0,0.0,0,18,8,5,8,1,3
2026-08-08 18:23:41,75,17.66,70.3,37.48,0.1,70.31,0.39,27.32,1003,79,5.73,246,18,8,5,8,1,3
2026-08-08 19:00:00,78,19.9,44.2,37.0,12.8,173.0,6.2,0.0,0,0,0.0,0,19,8,5,8,1,3
2026-08-08 19:23:00,74,17.42,68.19,37.36,0.1,70.13,0.38,27.35,1004,78,5.5,246,19,8,5,8,1,3
2026-08-08 20:00:00,78,18.8,41.6,37.0,11.9,145.0,6.0,0.0,0,0,0.0,0,20,8,5,8,1,3
2026-08-08 20:19:27,74,17.36,66.04,37.42,0.1,70.19,0.37,27.2,1003,78,5.56,252,20,8,5,8,1,3
2026-08-08 21:00:00,77,17.6,38.2,37.0,11.0,125.0,5.9,0.0,0,0,0.0,0,21,8,5,8,1,0
2026-08-08 21:22:14,73,17.49,64.76,37.69,0.1,70.31,0.35,27.1,1003,79,5.29,259,21,8,5,8,1,0
2026-08-08 22:00:00,77,16.8,36.8,37.0,10.2,118.0,5.9,0.0,0,0,0.0,0,22,8,5,8,1,0
2026-08-08 22:19:40,77,17.81,65.13,37.97,0.1,70.66,0.34,26.99,1002,80,5.98,260,22,8,5,8,1,0
2026-08-08 23:00:00,77,16.3,36.0,37.0,9.4,120.0,5.9,0.0,0,0,0.0,0,23,8,5,8,1,0
2026-08-08 23:19:56,77,18.34,67.09,38.23,0.1,70.81,0.33,26.8,1002,81,5.92,263,23,8,5,8,1,0
2026-08-09 00:00:00,77,16.1,33.9,38.0,9.7,130.0,6.4,0.0,0,0,0.0,0,0,9,6,8,1,0
2026-08-09 00:58:52,77,19.8,74.5,38.37,0.1,71.07,0.33,27.07,1003,81,5.5,267,0,9,6,8,1,0
2026-08-09 01:00:00,77,16.2,33.2,40.0,9.5,157.0,6.7,0.0,0,0,0.0,0,1,9,6,8,1,0
2026-08-09 02:00:00,77,18.2,41.2,43.0,9.1,193.0,7.1,0.0,0,0,0.0,0,2,9,6,8,1,0
2026-08-09 03:00:00,77,19.7,51.3,48.0,8.4,215.0,7.3,0.0,0,0,0.0,0,3,9,6,8,1,0
2026-08-09 03:02:06,77,21.15,84.41,38.76,0.1,71.08,0.35,27.95,1004,75,5.8,262,3,9,6,8,1,0
2026-08-09 04:00:00,77,22.7,63.3,58.0,6.9,211.0,7.3,0.0,0,0,0.0,0,4,9,6,8,1,0
2026-08-09 05:00:00,77,25.6,76.4,71.0,5.0,194.0,7.2,0.0,0,0,0.0,0,5,9,6,8,1,0
2026-08-09 05:42:23,77,22.08,92.49,40.28,0.07,71.46,0.35,29.09,1004,71,6.71,252,5,9,6,8,1,0
2026-08-09 06:00:00,77,28.0,85.0,82.0,3.6,179.0,7.0,0.0,0,0,0.0,0,6,9,6,8,1,1
2026-08-09 06:39:50,77,21.87,93.26,40.76,0.06,71.84,0.35,29.32,1004,69,7.17,253,6,9,6,8,1,1
2026-08-09 07:00:00,77,28.9,83.6,90.0,2.9,170.0,6.8,0.0,0,0,0.0,0,7,9,6,8,1,1
2026-08-09 07:45:59,77,21.32,92.4,41.04,0.05,72.05,0.34,29.71,1003,67,7.14,253,7,9,6,8,1,1
2026-08-09 08:00:00,77,29.0,81.0,97.0,2.6,164.0,6.7,0.0,0,0,0.0,0,8,9,6,8,1,1
2026-08-09 08:31:56,77,20.68,90.65,40.89,0.05,72.17,0.34,29.77,1003,68,7.09,252,8,9,6,8,1,1
2026-08-09 09:00:00,77,27.5,74.5,98.0,2.6,162.0,6.4,0.0,0,0,0.0,0,9,9,6,8,1,1
2026-08-09 09:30:49,77,20.09,88.7,40.48,0.05,71.98,0.35,29.82,1002,68,7.15,251,9,9,6,8,1,1
2026-08-09 10:00:00,77,24.2,63.6,90.0,3.0,168.0,6.0,0.0,0,0,0.0,0,10,9,6,8,1,2
2026-08-09 10:23:44,77,20.09,88.7,40.48,0.05,71.98,0.35,29.82,1002,68,7.15,251,10,9,6,8,1,2
2026-08-09 11:00:00,77,21.8,57.2,77.0,3.7,180.0,5.5,0.0,0,0,0.0,0,11,9,6,8,1,2
2026-08-09 11:22:15,77,19.4,86.32,39.67,0.06,71.27,0.36,29.41,1002,69,7.19,246,11,9,6,8,1,2
2026-08-09 12:00:00,76,32.4,99.2,72.0,4.6,188.0,5.5,0.0,0,0,0.0,0,12,9,6,8,1,2
2026-08-09 12:30:15,76,18.52,82.67,38.2,0.08,70.29,0.39,28.4,1002,74,6.95,242,12,9,6,8,1,2
2026-08-09 13:00:00,76,28.7,85.7,64.0,6.3,191.0,5.6,0.0,0,0,0.0,0,13,9,6,8,1,2
2026-08-09 13:28:37,75,18.53,73.31,39.37,0.06,71.99,0.33,28.46,1002,74,6.95,242,13,9,6,8,1,2
2026-08-09 13:36:59,75,18.45,73.24,38.81,0.08,71.7,0.34,27.91,1002,77,7.1,243,13,9,6,8,1,2
2026-08-09 13:42:40,75,18.45,73.24,38.81,0.08,71.7,0.34,27.91,1002,77,7.1,243,13,9,6,8,1,2
2026-08-09 13:47:37,75,18.45,73.24,38.81,0.08,71.7,0.34,27.91,1002,77,7.1,243,13,9,6,8,1,2
2026-08-09 14:00:00,76,25.3,71.2,53.0,8.6,191.0,5.7,0.0,0,0,0.0,0,14,9,6,8,1,2
2026-08-09 14:01:30,75,18.45,73.24,38.81,0.08,71.7,0.34,27.91,1002,77,7.1,243,14,9,6,8,1,2
2026-08-09 14:26:08,75,18.45,73.24,38.81,0.08,71.7,0.34,27.91,1002,77,7.1,243,14,9,6,8,1,2
2026-08-09 15:00:00,76,23.1,58.6,45.0,10.1,187.0,5.8,0.0,0,0,0.0,0,15,9,6,8,1,2
2026-08-09 15:23:37,74,18.33,72.47,38.58,0.08,71.61,0.35,27.61,1003,77,6.83,248,15,9,6,8,1,2
2026-08-09 16:00:00,76,21.1,51.3,42.0,10.3,177.0,5.8,0.0,0,0,0.0,0,16,9,6,8,1,2
2026-08-09 16:23:34,73,18.19,71.37,38.46,0.08,71.61,0.35,27.4,1004,78,6.95,250,16,9,6,8,1,2
2026-08-09 17:00:00,76,19.5,46.1,43.0,9.7,162.0,5.6,0.0,0,0,0.0,0,17,9,6,8,1,3
2026-08-09 17:23:11,73,18.05,70.4,38.59,0.08,71.82,0.36,27.42,1004,79,6.92,257,17,9,6,8,1,3
2026-08-09 18:00:00,75,16.0,36.8,43.0,9.0,149.0,5.5,0.0,0,0,0.0,0,18,9,6,8,1,3
2026-08-09 18:26:53,72,17.9,70.02,38.88,0.08,72.26,0.36,27.47,1005,78,6.99,269,18,9,6,8,1,3
2026-08-09 19:00:00,75,13.8,30.5,43.0,8.3,138.0,5.3,0.0,0,0,0.0,0,19,9,6,8,1,3
2026-08-09 19:26:26,72,17.7,69.84,39.28,0.08,72.83,0.35,27.32,1004,79,6.77,266,19,9,6,8,1,3
2026-08-09 20:00:00,74,12.6,27.1,44.0,7.5,127.0,5.1,0.0,0,0,0.0,0,20,9,6,8,1,3
2026-08-09 20:21:41,71,17.68,70.99,39.84,0.08,73.31,0.35,27.17,1003,80,7.08,255,20,9,6,8,1,3
2026-08-09 21:00:00,74,11.9,25.2,44.0,6.8,120.0,4.9,0.0,0,0,0.0,0,21,9,6,8,1,0
2026-08-09 22:00:00,74,11.6,24.7,44.0,6.3,111.0,4.8,0.0,0,0,0.0,0,22,9,6,8,1,0
2026-08-09 22:21:15,71,18.33,76.06,41.01,0.08,74.66,0.35,26.99,1002,77,6.59,265,22,9,6,8,1,0
2026-08-09 23:00:00,73,11.6,24.6,44.0,5.9,105.0,4.9,0.0,0,0,0.0,0,23,9,6,8,1,0
2026-08-09 23:22:43,73,18.72,77.17,41.2,0.08,74.69,0.35,26.92,1002,79,7.19,270,23,9,6,8,1,0
2026-08-10 00:00:00,73,11.7,28.3,47.0,5.7,118.0,4.8,0.0,0,0,0.0,0,0,10,0,8,0,0
2026-08-10 01:00:00,72,12.4,28.3,46.0,7.0,170.0,5.2,0.0,0,0,0.0,0,1,10,0,8,0,0
2026-08-10 01:01:07,72,19.02,76.29,40.21,0.08,73.96,0.34,26.91,1003,81,7.44,267,1,10,0,8,0,0
2026-08-10 02:00:00,72,14.3,32.4,46.0,8.8,241.0,5.7,0.0,0,0,0.0,0,2,10,0,8,0,0
2026-08-10 03:00:00,72,17.2,42.1,48.0,9.5,282.0,6.0,0.0,0,0,0.0,0,3,10,0,8,0,0
2026-08-10 03:13:37,72,18.3,71.79,39.24,0.09,73.04,0.33,27.23,1004,79,8.04,263,3,10,0,8,0,0
2026-08-10 04:00:00,72,20.5,57.6,56.0,8.1,264.0,5.8,0.0,0,0,0.0,0,4,10,0,8,0,0
2026-08-10 05:00:00,71,23.5,70.5,67.0,5.8,217.0,5.4,0.0,0,0,0.0,0,5,10,0,8,0,0
2026-08-10 05:17:58,71,16.47,63.81,39.8,0.07,73.12,0.31,28.01,1004,76,8.14,260,5,10,0,8,0,0
2026-08-10 06:00:00,71,25.0,71.7,75.0,3.9,181.0,5.0,0.0,0,0,0.0,0,6,10,0,8,0,1
2026-08-10 07:00:00,71,26.0,73.8,79.0,3.2,174.0,4.8,0.0,0,0,0.0,0,7,10,0,8,0,1
2026-08-10 07:12:37,71,15.83,61.84,39.19,0.06,71.95,0.33,28.87,1003,72,9.21,259,7,10,0,8,0,1
2026-08-10 08:00:00,71,25.8,67.5,81.0,3.0,178.0,4.7,0.0,0,0,0.0,0,8,10,0,8,0,1
2026-08-10 09:00:00,71,24.7,61.2,80.0,3.2,186.0,4.6,0.0,0,0,0.0,0,9,10,0,8,0,1
2026-08-10 09:08:29,70,15.36,61.94,38.07,0.06,70.4,0.35,29.12,1001,72,9.19,259,9,10,0,8,0,1
2026-08-10 10:00:00,70,23.7,55.9,75.0,3.9,198.0,4.6,0.0,0,0,0.0,0,10,10,0,8,0,2
2026-08-10 10:59:39,70,14.99,63.64,37.51,0.06,69.31,0.39,28.9,1000,73,8.86,254,10,10,0,8,0,2
2026-08-10 11:00:00,70,25.4,59.8,67.0,5.1,214.0,4.6,0.0,0,0,0.0,0,11,10,0,8,0,2
2026-08-10 11:47:06,70,15.08,65.61,37.23,0.07,68.27,0.42,28.5,1000,75,8.46,250,11,10,0,8,0,2
2026-08-10 12:00:00,71,25.6,65.4,60.0,6.1,223.0,4.5,0.0,0,0,0.0,0,12,10,0,8,0,2
2026-08-10 12:46:12,71,15.61,68.88,37.22,0.07,67.86,0.44,28.1,1000,77,8.23,253,12,10,0,8,0,2
2026-08-10 13:00:00,70,23.3,55.3,55.0,7.6,218.0,4.6,0.0,0,0,0.0,0,13,10,0,8,0,2
2026-08-10 14:00:00,70,22.3,49.9,47.0,9.6,206.0,4.7,0.0,0,0,0.0,0,14,10,0,8,0,2
2026-08-10 14:14:49,69,14.48,59.22,36.87,0.08,68.6,0.4,27.51,1000,80,8.09,259,14,10,0,8,0,2
2026-08-10 15:00:00,69,22.2,47.6,42.0,11.2,195.0,4.9,0.0,0,0,0.0,0,15,10,0,8,0,2
2026-08-10 15:52:03,69,14.58,59.63,38.19,0.08,70.09,0.4,27.26,1002,81,7.23,251,15,10,0,8,0,2
2026-08-10 16:00:00,69,20.9,43.5,40.0,11.9,189.0,5.2,0.0,0,0,0.0,0,16,10,0,8,0,2
2026-08-10 17:00:00,69,18.7,39.1,40.0,12.2,183.0,5.5,0.0,0,0,0.0,0,17,10,0,8,0,3
2026-08-10 17:44:31,68,15.31,64.07,38.89,0.08,71.42,0.42,27.13,1002,80,8.34,265,17,10,0,8,0,3
2026-08-10 18:00:00,69,19.5,40.3,40.0,11.8,174.0,5.6,0.0,0,0,0.0,0,18,10,0,8,0,3
2026-08-10 18:27:06,68,15.31,64.07,38.89,0.08,71.42,0.42,26.92,1002,81,8.05,265,18,10,0,8,0,3
2026-08-10 18:43:54,68,15.99,67.42,38.58,0.09,71.3,0.44,26.86,1002,81,8.41,269,18,10,0,8,0,3
2026-08-10 19:00:00,70,19.7,39.7,41.0,10.6,157.0,5.4,0.0,0,0,0.0,0,19,10,0,8,0,3
2026-08-10 19:49:05,68,16.68,71.33,38.1,0.09,71.05,0.45,26.9,1001,80,7.51,268,19,10,0,8,0,3
2026-08-10 20:00:00,70,19.0,37.8,42.0,8.8,137.0,5.0,0.0,0,0,0.0,0,20,10,0,8,0,3
2026-08-10 21:00:00,70,17.9,35.7,43.0,7.2,122.0,4.6,0.0,0,0,0.0,0,21,10,0,8,0,0
2026-08-10 21:33:33,69,17.29,75.3,37.91,0.1,71.3,0.43,26.97,1000,80,6.89,258,21,10,0,8,0,0
2026-08-10 22:00:00,71,17.4,35.6,44.0,6.0,112.0,4.4,0.0,0,0,0.0,0,22,10,0,8,0,0
2026-08-10 22:28:08,70,17.29,75.3,37.91,0.1,71.3,0.43,26.97,1000,80,6.89,258,22,10,0,8,0,0
2026-08-10 23:00:00,71,17.5,36.3,45.0,5.1,108.0,4.2,0.0,0,0,0.0,0,23,10,0,8,0,0
2026-08-10 23:26:52,71,17.39,75.48,38.11,0.1,71.69,0.42,26.78,1000,82,7.91,263,23,10,0,8,0,0
2026-08-11 00:00:00,72,18.8,38.6,46.0,4.9,120.0,4.2,0.0,0,0,0.0,0,0,11,1,8,0,0
2026-08-11 01:00:00,72,24.2,51.7,45.0,6.7,165.0,4.6,0.0,0,0,0.0,0,1,11,1,8,0,0
2026-08-11 02:00:00,73,21.9,45.5,43.0,9.2,227.0,5.2,0.0,0,0,0.0,0,2,11,1,8,0,0
2026-08-11 03:00:00,74,23.1,47.5,44.0,10.5,265.0,5.5,0.0,0,0,0.0,0,3,11,1,8,0,0
2026-08-11 04:00:00,74,25.8,54.9,49.0,9.5,255.0,5.4,0.0,0,0,0.0,0,4,11,1,8,0,0
2026-08-11 04:59:44,74,19.14,86.19,40.17,0.08,71.99,0.45,28.34,1002,76,8.69,264,4,11,1,8,0,0
2026-08-11 05:00:00,75,27.8,61.9,56.0,7.2,220.0,5.1,0.0,0,0,0.0,0,5,11,1,8,0,0
2026-08-11 05:54:12,75,19.63,89.17,40.1,0.07,71.51,0.47,28.54,1002,76,8.77,263,5,11,1,8,0,0
2026-08-11 06:00:00,75,28.7,65.9,62.0,5.4,195.0,4.9,0.0,0,0,0.0,0,6,11,1,8,0,1
2026-08-11 06:50:35,75,19.89,90.85,40.14,0.06,71.3,0.47,29.01,1002,74,8.09,255,6,11,1,8,0,1
2026-08-11 07:00:00,75,29.1,68.2,66.0,4.5,191.0,4.8,0.0,0,0,0.0,0,7,11,1,8,0,1
2026-08-11 08:00:00,76,29.0,68.2,69.0,3.9,196.0,4.7,0.0,0,0,0.0,0,8,11,1,8,0,1
2026-08-11 08:05:06,76,19.93,91.49,40.33,0.05,71.22,0.46,29.25,1001,73,8.24,249,8,11,1,8,0,1
2026-08-11 09:00:00,76,29.6,70.5,70.0,3.9,205.0,4.6,0.0,0,0,0.0,0,9,11,1,8,0,1
2026-08-11 09:52:26,77,20.08,92.83,40.77,0.05,71.66,0.46,29.15,1000,74,8.34,245,9,11,1,8,0,1
2026-08-11 10:00:00,76,27.9,63.3,67.0,4.6,220.0,4.6,0.0,0,0,0.0,0,10,11,1,8,0,2
2026-08-11 10:43:10,76,20.2,93.71,40.52,0.05,71.23,0.47,28.88,1000,75,7.95,240,10,11,1,8,0,2
2026-08-11 11:00:00,77,26.7,59.4,61.0,5.8,238.0,4.7,0.0,0,0,0.0,0,11,11,1,8,0,2
2026-08-11 11:38:36,77,20.32,94.26,40.34,0.06,70.68,0.5,28.65,1000,76,7.86,237,11,11,1,8,0,2
2026-08-11 12:00:00,77,26.0,62.4,56.0,7.1,250.0,4.9,0.0,0,0,0.0,0,12,11,1,8,0,2
2026-08-11 12:42:37,77,20.49,94.75,40.79,0.07,70.46,0.51,28.01,1000,79,7.22,238,12,11,1,8,0,2
2026-08-11 13:00:00,77,24.2,53.3,51.0,9.1,249.0,5.2,0.0,0,0,0.0,0,13,11,1,8,0,2
2026-08-11 14:00:00,77,22.9,47.8,45.0,12.0,240.0,5.6,0.0,0,0,0.0,0,14,11,1,8,0,2
2026-08-11 15:00:00,77,21.6,42.6,40.0,14.3,234.0,6.0,0.0,0,0,0.0,0,15,11,1,8,0,2
2026-08-11 15:52:39,77,19.29,86.75,44.01,0.09,72.76,0.5,27.31,1002,80,6.99,247,15,11,1,8,0,2
2026-08-11 16:00:00,77,19.4,38.1,38.0,15.8,236.0,6.4,0.0,0,0,0.0,0,16,11,1,8,0,2
2026-08-11 16:48:32,77,19.46,85.94,45.51,0.09,73.91,0.49,27.28,1002,79,6.78,258,16,11,1,8,0,2
2026-08-11 17:00:00,77,19.4,38.1,37.0,16.9,240.0,6.8,0.0,0,0,0.0,0,17,11,1,8,0,3
2026-08-11 17:51:18,77,19.62,84.95,46.55,0.09,74.91,0.49,27.14,1002,80,6.3,262,17,11,1,8,0,3
2026-08-11 18:00:00,77,19.0,36.8,37.0,16.7,233.0,6.9,0.0,0,0,0.0,0,18,11,1,8,0,3
2026-08-11 18:17:07,78,19.62,84.95,46.55,0.09,74.91,0.49,27.07,1002,80,6.3,262,18,11,1,8,0,3
2026-08-11 18:48:42,78,19.75,84.28,46.94,0.09,75.19,0.48,26.99,1002,80,5.89,261,18,11,1,8,0,3
2026-08-11 19:00:00,77,19.0,37.7,39.0,14.5,205.0,6.5,0.0,0,0,0.0,0,19,11,1,8,0,3
2026-08-11 19:56:11,78,19.96,84.55,46.98,0.09,75.34,0.47,27.03,1001,80,6.05,262,19,11,1,8,0,3
2026-08-11 20:00:00,77,18.7,39.3,43.0,11.1,167.0,5.9,0.0,0,0,0.0,0,20,11,1,8,0,3
2026-08-11 20:35:51,78,20.31,85.53,46.61,0.09,74.9,0.47,27.01,1001,79,6.11,264,20,11,1,8,0,3
2026-08-11 21:00:00,77,17.6,37.8,46.0,8.5,140.0,5.4,0.0,0,0,0.0,0,21,11,1,8,0,0
2026-08-11 21:37:26,78,20.64,86.79,46.43,0.09,74.7,0.47,26.84,1001,79,6.38,264,21,11,1,8,0,0
2026-08-11 22:00:00,77,16.8,36.4,47.0,7.2,126.0,5.2,0.0,0,0,0.0,0,22,11,1,8,0,0
2026-08-11 22:34:25,77,20.88,87.91,46.37,0.09,74.38,0.47,26.79,1001,78,6.46,262,22,11,1,8,0,0
2026-08-11 23:00:00,77,17.2,36.9,46.0,6.7,123.0,5.2,0.0,0,0,0.0,0,23,11,1,8,0,0
2026-08-11 23:31:41,77,21.01,88.82,46.43,0.09,74.18,0.47,26.94,1001,77,6.41,264,23,11,1,8,0,0
2026-08-12 00:00:00,77,17.5,37.5,47.0,6.8,141.0,5.3,0.0,0,0,0.0,0,0,12,2,8,0,0
2026-08-12 01:00:00,77,17.6,36.4,45.0,8.7,201.0,5.6,0.0,0,0,0.0,0,1,12,2,8,0,0
2026-08-12 01:07:19,77,20.99,89.33,46.48,0.09,73.81,0.46,27.05,1002,78,6.36,262,1,12,2,8,0,0
2026-08-12 02:00:00,76,18.3,39.6,44.0,11.3,281.0,6.1,0.0,0,0,0.0,0,2,12,2,8,0,0
2026-08-12 03:00:00,76,19.8,42.5,45.0,12.5,329.0,6.4,0.0,0,0,0.0,0,3,12,2,8,0,0
2026-08-12 03:56:35,76,21.22,91.3,44.48,0.1,71.84,0.47,27.35,1003,77,6.95,255,3,12,2,8,0,0
2026-08-12 04:00:00,75,21.7,46.9,52.0,11.1,313.0,6.5,0.0,0,0,0.0,0,4,12,2,8,0,0
2026-08-12 05:00:00,75,22.2,48.4,61.0,8.3,266.0,6.6,0.0,0,0,0.0,0,5,12,2,8,0,0
2026-08-12 05:25:25,76,21.39,92.33,43.77,0.09,71.54,0.47,27.77,1003,76,7.13,259,5,12,2,8,0,0
2026-08-12 06:00:00,75,23.7,52.0,70.0,6.0,228.0,6.5,0.0,0,0,0.0,0,6,12,2,8,0,1
2026-08-12 07:00:00,74,24.0,52.5,78.0,4.7,216.0,6.3,0.0,0,0,0.0,0,7,12,2,8,0,1
2026-08-12 07:10:07,75,21.32,91.86,42.08,0.07,71.38,0.46,28.71,1003,71,6.56,250,7,12,2,8,0,1
2026-08-12 08:00:00,74,24.3,53.0,86.0,4.0,213.0,5.9,0.0,0,0,0.0,0,8,12,2,8,0,1
2026-08-12 09:00:00,74,24.4,53.1,89.0,4.0,218.0,5.7,0.0,0,0,0.0,0,9,12,2,8,0,1
2026-08-12 09:03:07,74,20.93,90.39,40.14,0.06,71.63,0.45,33.05,1002,49,6.69,240,9,12,2,8,0,1
2026-08-12 10:00:00,73,24.5,52.5,84.0,5.1,233.0,5.7,0.0,0,0,0.0,0,10,12,2,8,0,2
2026-08-12 10:53:07,73,20.3,88.54,39.49,0.06,72.78,0.43,33.05,1002,49,9.77,230,10,12,2,8,0,2
2026-08-12 11:00:00,73,24.9,52.9,74.0,6.9,256.0,5.9,0.0,0,0,0.0,0,11,12,2,8,0,2
2026-08-12 11:41:05,73,19.93,87.49,39.73,0.06,73.42,0.42,28.84,1002,73,6.07,242,11,12,2,8,0,2
2026-08-12 12:00:00,73,23.1,48.0,64.0,8.8,271.0,6.0,0.0,0,0,0.0,0,12,12,2,8,0,2
2026-08-12 12:46:01,73,19.67,86.63,40.02,0.07,74.09,0.42,28.6,1002,74,5.81,238,12,12,2,8,0,2
2026-08-12 13:00:00,72,22.5,46.9,56.0,11.0,273.0,6.1,0.0,0,0,0.0,0,13,12,2,8,0,2
2026-08-12 14:00:00,72,22.5,46.0,48.0,13.2,268.0,6.2,0.0,0,0,0.0,0,14,12,2,8,0,2
2026-08-12 14:15:48,72,18.06,78.06,39.8,0.09,74.28,0.4,29.05,1002,61,6.17,250,14,12,2,8,0,2
2026-08-12 15:00:00,72,22.2,44.6,43.0,14.3,257.0,6.2,0.0,0,0,0.0,0,15,12,2,8,0,2
2026-08-12 15:52:41,72,17.71,75.76,39.57,0.09,74.41,0.4,29.05,1004,70,5.14,240,15,12,2,8,0,2
2026-08-12 16:00:00,72,21.5,43.2,42.0,13.5,240.0,6.1,0.0,0,0,0.0,0,16,12,2,8,0,2
2026-08-12 17:00:00,73,19.1,38.4,44.0,11.6,218.0,5.9,0.0,0,0,0.0,0,17,12,2,8,0,3
2026-08-12 17:12:35,73,17.55,74.71,39.67,0.09,74.49,0.41,27.45,1004,79,6.01,247,17,12,2,8,0,3
2026-08-12 17:53:06,73,17.47,73.69,39.54,0.09,74.39,0.41,27.43,1004,79,6.06,252,17,12,2,8,0,3
2026-08-12 18:00:00,72,19.1,39.7,46.0,9.8,197.0,5.6,0.0,0,0,0.0,0,18,12,2,8,0,3
2026-08-12 18:49:59,72,19.1,39.7,46.0,9.8,197.0,5.6,28.05,1004,74,5.66,260,18,12,2,8,0,3
2026-08-12 19:00:00,73,19.2,40.7,47.0,8.3,176.0,5.2,0.0,0,0,0.0,0,19,12,2,8,0,3
2026-08-12 19:57:08,73,19.2,40.7,47.0,8.3,176.0,5.2,27.01,1004,80,6.56,266,19,12,2,8,0,3
2026-08-12 20:00:00,73,18.2,37.5,48.0,6.9,155.0,4.8,0.0,0,0,0.0,0,20,12,2,8,0,3
2026-08-12 20:36:24,73,18.2,37.5,48.0,6.9,155.0,4.8,29.05,1003,70,5.66,250,20,12,2,8,0,3
2026-08-12 21:00:00,72,18.6,39.8,49.0,5.9,140.0,4.5,0.0,0,0,0.0,0,21,12,2,8,0,0
2026-08-12 21:36:40,72,18.6,39.8,49.0,5.9,140.0,4.5,28.05,1003,74,3.09,250,21,12,2,8,0,0
2026-08-12 22:00:00,73,19.2,41.4,49.0,5.5,129.0,4.5,0.0,0,0,0.0,0,22,12,2,8,0,0
2026-08-12 22:32:26,73,19.2,41.4,49.0,5.5,129.0,4.5,28.05,1003,74,3.09,270,22,12,2,8,0,0
2026-08-12 23:00:00,73,20.0,43.2,48.0,5.5,125.0,4.7,0.0,0,0,0.0,0,23,12,2,8,0,0
2026-08-12 23:32:23,75,17.2,34.5,42.0,7.6,125.0,5.4,26.69,1003,81,6.04,259,23,12,2,8,0,0
2026-08-13 01:09:01,74,16.4,32.7,43.0,7.7,180.0,5.5,28.05,1004,74,4.12,230,1,13,3,8,0,0
2026-08-13 04:02:00,74,22.6,51.3,55.0,7.9,267.0,5.7,29.05,1004,70,4.12,260,4,13,3,8,0,0
2026-08-13 06:11:02,75,24.4,56.5,75.0,4.3,206.0,5.5,28.87,1005,65,8.03,265,6,13,3,8,0,1
2026-08-13 08:13:02,75,24.9,57.9,86.0,3.2,196.0,5.2,29.53,1004,62,8.15,258,8,13,3,8,0,1
2026-08-13 09:54:44,75,24.9,57.0,87.0,3.4,202.0,5.1,29.16,1002,70,8.65,254,9,13,3,8,0,1
2026-08-13 10:54:37,76,23.9,53.3,83.0,4.2,219.0,5.1,33.05,1002,49,11.32,230,10,13,3,8,0,2
2026-08-13 11:40:32,76,22.8,50.2,71.0,5.6,243.0,5.0,32.05,1002,51,8.75,230,11,13,3,8,0,2
2026-08-13 12:47:22,75,22.1,48.1,61.0,7.1,257.0,5.0,31.06,1002,55,9.26,250,12,13,3,8,0,2
2026-08-13 14:17:36,75,20.5,42.8,47.0,10.8,241.0,5.1,30.05,1003,62,9.26,240,14,13,3,8,0,2
2026-08-13 15:51:32,74,21.0,43.2,43.0,11.9,228.0,5.1,29.05,1003,65,6.17,250,15,13,3,8,0,2
2026-08-13 16:46:14,74,20.1,41.1,42.0,11.7,206.0,5.1,29.05,1004,65,7.2,240,16,13,3,8,0,2
2026-08-13 17:52:09,74,17.8,36.4,43.0,10.7,183.0,5.0,28.05,1004,69,8.23,240,17,13,3,8,0,3
2026-08-13 18:50:02,73,17.7,36.3,44.0,9.6,163.0,4.9,28.05,1004,69,8.23,240,18,13,3,8,0,3
2026-08-13 19:52:38,73,17.1,35.0,45.0,8.4,150.0,4.6,28.05,1003,65,6.17,250,19,13,3,8,0,3
2026-08-13 20:32:34,73,16.4,33.3,46.0,7.0,141.0,4.3,26.88,1003,78,7.57,262,20,13,3,8,0,3
2026-08-13 21:36:42,73,17.3,36.2,47.0,5.9,134.0,4.1,27.71,1002,74,7.72,263,21,13,3,8,0,0
2026-08-13 22:32:33,75,19.8,41.1,45.0,6.5,125.0,4.5,26.71,1002,79,7.76,266,22,13,3,8,0,0
2026-08-13 23:32:34,75,18.9,39.3,45.0,5.9,118.0,4.6,28.05,1002,65,5.14,250,23,13,3,8,0,0
2026-08-14 01:07:52,75,18.6,38.8,44.0,7.4,170.0,4.9,28.05,1002,65,7.2,250,1,14,4,8,0,0
2026-08-14 03:57:25,75,22.6,49.5,44.0,10.5,263.0,5.4,29.05,1003,61,5.66,260,3,14,4,8,0,0
2026-08-14 05:28:10,75,24.6,55.3,59.0,6.6,214.0,5.0,29.34,1003,73,8.44,260,5,14,4,8,0,0
2026-08-14 07:10:27,75,23.6,52.7,69.0,3.8,182.0,4.6,31.05,1004,55,10.29,240,7,14,4,8,0,1
2026-08-14 09:00:17,75,22.1,48.3,70.0,3.8,196.0,4.3,32.05,1003,51,10.29,250,9,14,4,8,0,1
2026-08-14 10:04:45,74,21.7,46.9,66.0,5.0,211.0,4.3,32.12,1002,70,8.53,246,10,14,4,8,0,2
2026-08-14 11:38:07,75,20.1,42.5,54.0,7.6,230.0,4.4,30.05,1002,58,9.26,250,11,14,4,8,0,2
2026-08-14 12:42:47,75,20.1,42.1,51.0,9.1,242.0,4.6,30.05,1002,58,9.26,260,12,14,4,8,0,2
2026-08-14 14:10:12,75,20.7,40.2,46.0,11.8,229.0,4.9,29.05,1002,65,7.72,250,14,14,4,8,0,2
2026-08-14 15:42:52,75,20.7,39.5,44.0,12.4,223.0,5.0,29.05,1003,65,8.23,250,15,14,4,8,0,2
2026-08-14 16:41:55,75,19.8,37.8,44.0,11.7,224.0,5.0,28.05,1003,69,7.72,250,16,14,4,8,0,2
2026-08-14 17:45:47,74,21.2,43.7,45.0,10.3,227.0,4.9,28.05,1003,69,6.17,260,17,14,4,8,0,3
2026-08-14 18:41:58,75,20.5,40.2,46.0,8.9,220.0,4.7,28.05,1003,69,6.17,250,18,14,4,8,0,3
2026-08-14 19:43:16,75,21.4,41.7,46.0,7.6,192.0,4.4,28.05,1003,69,5.14,260,19,14,4,8,0,3
2026-08-14 20:23:11,75,18.9,37.7,47.0,6.4,153.0,4.0,27.05,1003,74,4.12,280,20,14,4,8,0,3
2026-08-14 21:17:29,74,21.7,45.4,47.0,5.5,125.0,3.8,28.05,1003,65,5.14,250,21,14,4,8,0,0
2026-08-14 22:13:56,74,17.4,34.5,47.0,5.0,112.0,3.9,28.05,1002,69,5.14,270,22,14,4,8,0,0
2026-08-14 23:14:09,74,18.3,37.4,45.0,5.6,108.0,4.5,28.05,1002,69,5.14,260,23,14,4,8,0,0
2026-08-15 00:41:55,74,17.2,35.3,45.0,5.8,123.0,4.7,28.05,1002,69,5.14,260,0,15,5,8,1,0
2026-08-15 02:09:27,74,17.9,37.6,43.0,9.5,241.0,5.1,28.05,1003,69,6.17,250,2,15,5,8,1,0
2026-08-15 03:33:14,73,20.0,42.8,44.0,10.7,281.0,5.3,28.05,1004,69,5.14,260,3,15,5,8,1,0
2026-08-15 04:21:42,73,21.3,46.6,49.0,9.7,266.0,5.4,29.05,1004,65,6.17,250,4,15,5,8,1,0
2026-08-15 05:17:25,73,22.4,49.6,56.0,7.7,223.0,5.5,30.05,1004,62,5.66,260,5,15,5,8,1,0
2026-08-15 06:22:34,72,23.0,51.6,62.0,6.1,192.0,5.6,31.05,1004,55,8.23,240,6,15,5,8,1,1
2026-08-15 07:23:16,72,23.2,52.4,65.0,5.5,188.0,5.6,31.05,1004,51,5.14,270,7,15,5,8,1,1
2026-08-15 08:16:54,72,23.7,53.6,66.0,5.4,197.0,5.5,31.05,1003,55,7.2,240,8,15,5,8,1,1
2026-08-15 09:17:41,72,23.3,51.5,66.0,5.6,209.0,5.4,31.05,1003,55,8.75,240,9,15,5,8,1,1
2026-08-15 10:14:21,72,23.7,53.2,63.0,6.2,226.0,5.3,31.05,1003,55,8.75,250,10,15,5,8,1,2
2026-08-15 11:12:06,72,22.2,48.4,60.0,7.5,248.0,5.2,31.05,1002,55,6.17,250,11,15,5,8,1,2
2026-08-15 12:19:54,73,20.8,44.2,55.0,9.1,262.0,5.3,30.05,1002,58,5.14,240,12,15,5,8,1,2
2026-08-15 13:23:49,72,20.9,43.3,50.0,10.8,264.0,5.4,30.05,1002,58,7.2,240,13,15,5,8,1,2
2026-08-15 14:14:38,72,19.9,39.5,46.0,12.6,258.0,5.6,29.05,1002,65,7.72,250,14,15,5,8,1,2
2026-08-15 15:12:51,72,17.7,34.9,42.0,14.0,232.0,5.7,28.05,1003,69,7.72,250,15,15,5,8,1,2
2026-08-15 16:14:20,72,15.8,29.9,40.0,14.9,223.0,5.8,28.05,1003,74,6.17,260,16,15,5,8,1,2
2026-08-15 17:13:27,71,15.4,28.4,39.0,15.3,212.0,6.0,28.05,1004,74,6.69,250,17,15,5,8,1,3
2026-08-15 18:15:26,71,15.4,27.2,39.0,14.9,196.0,5.9,28.05,1004,74,7.2,250,18,15,5,8,1,3
2026-08-15 19:15:49,71,15.2,26.9,41.0,13.0,170.0,5.5,28.05,1004,74,4.63,260,19,15,5,8,1,3
2026-08-15 20:12:47,70,14.8,27.1,43.0,10.1,140.0,4.9,28.05,1004,74,2.57,280,20,15,5,8,1,3
2026-08-15 21:13:22,70,14.1,26.1,45.0,7.9,119.0,4.5,28.05,1003,74,5.14,280,21,15,5,8,1,0
2026-08-15 22:12:03,70,13.9,26.5,45.0,6.9,111.0,4.4,28.05,1002,69,5.14,270,22,15,5,8,1,0
2026-08-15 23:12:54,72,16.1,31.4,44.0,7.1,112.0,4.6,28.05,1002,69,4.63,270,23,15,5,8,1,0
2026-08-16 00:43:19,71,16.2,32.0,44.0,6.8,122.0,4.7,27.05,1002,74,2.06,280,0,16,6,8,1,0
2026-08-16 02:17:11,71,17.9,36.2,45.0,8.6,185.0,5.6,28.05,1002,74,5.14,240,2,16,6,8,1,0
2026-08-16 03:41:01,71,19.4,43.3,48.0,8.9,206.0,6.0,28.05,1003,74,6.17,240,3,16,6,8,1,0
2026-08-16 04:27:09,71,22.6,55.2,54.0,7.6,198.0,6.0,28.05,1003,74,8.23,250,4,16,6,8,1,0
2026-08-16 05:20:01,71,24.9,64.3,61.0,5.6,176.0,5.8,29.05,1003,65,7.72,250,5,16,6,8,1,0
2026-08-16 06:24:25,72,26.0,70.5,67.0,4.0,159.0,5.6,30.05,1003,62,5.14,260,6,16,6,8,1,1
2026-08-16 07:24:09,72,26.8,73.1,70.0,3.2,154.0,5.4,31.05,1002,55,6.69,250,7,16,6,8,1,1
2026-08-16 08:18:15,72,26.6,71.9,72.0,2.9,155.0,5.2,31.05,1002,55,9.26,230,8,16,6,8,1,1
2026-08-16 09:19:08,72,25.8,68.7,72.0,2.9,159.0,5.0,31.05,1001,55,9.26,240,9,16,6,8,1,1
2026-08-16 10:14:41,72,24.4,61.7,69.0,3.4,168.0,4.9,31.05,1001,55,8.75,240,10,16,6,8,1,2
2026-08-16 11:12:34,71,21.9,51.5,61.0,4.5,180.0,4.4,32.05,1001,51,10.29,230,11,16,6,8,1,2
2026-08-16 12:20:29,71,21.5,48.4,57.0,5.3,187.0,4.4,31.05,1001,55,7.72,240,12,16,6,8,1,2
2026-08-16 13:25:14,71,21.1,45.9,54.0,6.4,186.0,4.5,30.05,1001,62,7.72,230,13,16,6,8,1,2
2026-08-16 14:14:35,71,20.5,43.2,51.0,7.5,180.0,4.7,29.05,1002,65,7.72,230,14,16,6,8,1,2
2026-08-16 15:12:48,71,16.9,35.5,50.0,8.2,174.0,4.8,29.05,1002,65,6.69,230,15,16,6,8,1,2
2026-08-16 16:14:35,70,17.6,38.2,50.0,8.0,172.0,4.7,29.05,1003,65,7.72,230,16,16,6,8,1,2
2026-08-16 17:13:00,70,15.5,32.6,52.0,7.2,171.0,4.6,28.05,1003,74,6.69,250,17,16,6,8,1,3
2026-08-16 18:15:55,70,15.4,32.4,53.0,6.4,165.0,4.4,28.05,1004,74,5.14,240,18,16,6,8,1,3
2026-08-16 19:15:03,70,15.1,31.1,53.0,5.7,150.0,4.1,28.05,1003,74,7.72,240,19,16,6,8,1,3
2026-08-16 20:11:55,69,14.6,30.2,53.0,4.9,129.0,3.8,28.05,1003,74,5.66,260,20,16,6,8,1,3
2026-08-16 21:12:11,69,13.7,28.2,53.0,4.3,115.0,3.6,27.05,1003,78,6.69,250,21,16,6,8,1,0
2026-08-16 22:12:28,69,13.1,27.0,53.0,3.9,106.0,3.5,27.05,1002,83,6.69,250,22,16,6,8,1,0
2026-08-16 23:12:22,70,14.8,31.5,51.0,4.2,102.0,3.8,27.05,1002,78,5.14,250,23,16,6,8,1,0
2026-08-17 00:41:48,70,15.1,32.2,50.0,4.6,115.0,4.0,27.05,1002,78,6.17,250,0,17,0,8,0,0
2026-08-17 02:15:37,70,17.8,39.5,47.0,8.7,227.0,5.4,28.05,1002,74,6.17,250,2,17,0,8,0,0
2026-08-17 03:42:30,70,20.4,48.4,48.0,9.9,266.0,5.9,29.05,1003,70,5.14,250,3,17,0,8,0,0
2026-08-17 04:33:35,70,23.2,57.6,52.0,9.0,256.0,6.0,29.05,1003,65,6.17,240,4,17,0,8,0,0
2026-08-17 05:27:54,70,24.3,61.2,59.0,7.0,221.0,5.8,29.05,1004,61,6.17,250,5,17,0,8,0,0
2026-08-17 06:35:23,70,24.3,61.5,64.0,5.3,195.0,5.5,31.05,1003,55,9.26,240,6,17,0,8,0,1
2026-08-17 07:44:50,70,23.9,58.9,68.0,4.2,189.0,5.1,31.05,1003,55,9.77,250,7,17,0,8,0,1
2026-08-17 08:32:59,70,23.7,57.7,70.0,3.4,191.0,4.7,31.05,1002,51,9.26,240,8,17,0,8,0,1
2026-08-17 09:32:22,70,22.9,55.8,70.0,3.3,198.0,4.4,31.05,1002,55,10.29,240,9,17,0,8,0,1
2026-08-17 10:23:27,70,21.2,49.9,65.0,4.1,212.0,4.4,31.05,1002,55,9.77,240,10,17,0,8,0,2
2026-08-17 11:18:08,70,19.8,44.0,57.0,5.7,230.0,4.4,31.05,1002,58,9.77,230,11,17,0,8,0,2
2026-08-17 12:24:29,70,19.3,42.4,51.0,7.2,241.0,4.5,30.05,1002,62,8.75,240,12,17,0,8,0,2
2026-08-17 13:33:39,69,19.2,40.3,46.0,9.2,239.0,4.7,29.05,1002,65,9.26,240,13,17,0,8,0,2
2026-08-17 14:19:39,69,19.6,39.8,42.0,11.5,229.0,4.9,29.05,1003,65,9.77,240,14,17,0,8,0,2
2026-08-17 15:18:12,69,21.3,43.3,40.0,12.7,208.0,5.1,29.05,1003,70,8.75,240,15,17,0,8,0,2
2026-08-17 16:17:00,69,17.8,35.6,40.0,12.1,207.0,5.1,29.05,1004,70,9.26,250,16,17,0,8,0,2
2026-08-17 17:18:51,69,14.8,29.6,42.0,10.5,208.0,5.0,28.05,1004,74,7.2,260,17,17,0,8,0,3
2026-08-17 18:24:58,69,14.0,28.4,43.0,9.0,202.0,4.9,28.05,1004,74,9.77,240,18,17,0,8,0,3
2026-08-17 19:22:22,69,13.5,27.6,44.0,7.8,181.0,4.7,28.05,1004,74,9.77,250,19,17,0,8,0,3
2026-08-17 20:16:34,68,13.5,27.9,45.0,6.7,153.0,4.4,28.05,1004,74,5.66,260,20,17,0,8,0,3
2026-08-17 21:18:19,68,13.5,27.8,45.0,5.9,132.0,4.2,28.05,1004,69,7.72,250,21,17,0,8,0,0
2026-08-17 22:15:19,68,13.7,28.3,45.0,5.4,120.0,4.2,28.05,1003,69,5.66,260,22,17,0,8,0,0
2026-08-17 23:14:40,71,17.4,36.8,46.0,5.3,115.0,4.4,28.05,1003,69,5.14,260,23,17,0,8,0,0
2026-08-18 00:41:11,72,16.8,35.2,46.0,5.5,125.0,4.6,27.05,1003,78,5.66,260,0,18,1,8,0,0
2026-08-18 02:11:45,71,16.0,31.2,45.0,8.2,224.0,5.0,28.05,1003,74,5.14,260,2,18,1,8,0,0
2026-08-18 03:37:49,71,19.7,39.8,47.0,8.8,259.0,5.1,29.05,1004,65,8.75,270,3,18,1,8,0,0
2026-08-18 04:26:51,71,17.8,35.9,53.0,7.6,249.0,5.1,29.05,1004,61,8.75,250,4,18,1,8,0,0
2026-08-18 05:21:39,71,16.9,34.0,60.0,5.4,218.0,4.9,31.05,1005,55,8.75,250,5,18,1,8,0,0
2026-08-18 06:27:22,71,16.7,33.9,66.0,3.8,193.0,4.8,31.05,1005,55,8.23,250,6,18,1,8,0,1
2026-08-18 07:31:38,70,16.2,32.5,68.0,3.1,186.0,4.7,32.05,1004,48,11.32,250,7,18,1,8,0,1
2026-08-18 08:25:30,69,16.0,31.8,68.0,2.9,187.0,4.5,32.05,1005,48,10.29,240,8,18,1,8,0,1
2026-08-18 09:23:40,69,15.8,31.1,66.0,3.2,193.0,4.4,32.05,1004,48,12.35,250,9,18,1,8,0,1
2026-08-18 10:20:04,69,15.9,30.9,61.0,4.1,207.0,4.4,31.05,1004,55,9.26,250,10,18,1,8,0,2
2026-08-18 11:17:11,68,17.0,32.8,54.0,5.4,225.0,4.3,31.05,1003,51,10.29,240,11,18,1,8,0,2
2026-08-18 12:25:41,68,17.6,33.6,49.0,6.9,237.0,4.4,30.05,1003,58,12.35,240,12,18,1,8,0,2
2026-08-18 13:36:27,68,18.7,35.3,44.0,9.1,237.0,4.6,29.05,1003,65,10.29,250,13,18,1,8,0,2
2026-08-18 14:24:21,67,19.6,36.6,39.0,11.5,230.0,4.8,29.05,1003,65,9.77,240,14,18,1,8,0,2
2026-08-18 15:23:32,67,18.2,33.2,36.0,13.0,214.0,4.9,28.05,1004,69,9.77,250,15,18,1,8,0,2
2026-08-18 16:21:19,67,15.4,28.2,35.0,12.8,211.0,4.9,28.05,1005,69,8.75,260,16,18,1,8,0,2
2026-08-18 17:20:10,66,15.0,27.9,35.0,11.7,208.0,4.8,28.05,1005,74,8.23,250,17,18,1,8,0,3
2026-08-18 18:24:02,66,17.1,33.3,35.0,10.3,199.0,4.7,28.05,1005,69,8.23,250,18,18,1,8,0,3
2026-08-18 19:22:40,66,15.5,30.0,36.0,8.8,174.0,4.4,28.05,1005,74,8.75,250,19,18,1,8,0,3
2026-08-18 20:13:56,66,14.7,28.8,37.0,7.2,142.0,4.1,28.05,1005,74,9.26,260,20,18,1,8,0,3
2026-08-18 21:15:27,65,13.4,26.4,38.0,5.9,119.0,3.9,28.05,1004,69,8.23,250,21,18,1,8,0,0
2026-08-18 22:14:03,65,12.5,24.4,39.0,5.1,108.0,3.8,28.05,1004,69,8.23,250,22,18,1,8,0,0
2026-08-18 23:14:29,65,12.0,23.5,39.0,4.8,106.0,4.0,28.05,1004,69,7.72,250,23,18,1,8,0,0
2026-08-19 00:41:21,64,11.3,21.7,39.0,5.1,119.0,4.2,28.05,1003,69,7.72,260,0,19,2,8,0,0
2026-08-19 02:13:36,64,11.3,19.6,37.0,8.6,215.0,4.9,28.05,1004,65,8.23,250,2,19,2,8,0,0
2026-08-19 03:40:27,63,12.4,22.9,38.0,9.5,248.0,5.2,29.05,1004,61,7.72,270,3,19,2,8,0,0
2026-08-19 04:28:40,63,15.8,30.2,44.0,8.3,238.0,5.2,29.05,1005,61,8.23,250,4,19,2,8,0,0
2026-08-19 05:21:52,63,16.3,31.5,53.0,6.0,207.0,5.0,29.05,1005,65,7.72,250,5,19,2,8,0,0
2026-08-19 06:27:36,63,16.5,32.2,60.0,4.2,184.0,4.8,30.05,1005,62,8.75,250,6,19,2,8,0,1
2026-08-19 07:31:33,63,16.8,34.0,64.0,3.4,179.0,4.7,30.05,1004,58,9.26,250,7,19,2,8,0,1
2026-08-19 08:25:51,63,17.3,34.5,66.0,3.1,182.0,4.6,30.05,1005,54,9.26,270,8,19,2,8,0,1
2026-08-19 09:25:05,63,16.8,33.5,66.0,3.4,189.0,4.5,32.05,1004,48,10.8,260,9,19,2,8,0,1
2026-08-19 10:20:15,63,17.2,33.8,61.0,4.3,203.0,4.4,31.05,1004,51,9.26,240,10,19,2,8,0,2
2026-08-19 11:17:55,63,17.2,33.2,53.0,5.6,221.0,4.1,31.05,1003,55,10.29,240,11,19,2,8,0,2
2026-08-19 12:25:55,63,17.8,33.9,47.0,7.2,233.0,4.1,30.05,1003,62,9.26,240,12,19,2,8,0,2
2026-08-19 13:38:00,63,18.4,33.9,42.0,9.3,233.0,4.3,29.05,1004,65,10.29,260,13,19,2,8,0,2
2026-08-19 14:24:25,63,18.7,33.1,39.0,11.6,227.0,4.5,29.05,1004,65,9.26,270,14,19,2,8,0,2
2026-08-19 15:22:37,63,18.5,30.9,36.0,12.9,214.0,4.7,28.05,1004,69,9.77,250,15,19,2,8,0,2
2026-08-19 16:21:19,63,13.9,23.7,35.0,12.4,206.0,4.7,28.05,1005,69,8.23,250,16,19,2,8,0,2
2026-08-19 17:20:54,63,12.5,20.8,36.0,10.9,197.0,4.6,28.05,1006,69,9.26,240,17,19,2,8,0,3
2026-08-19 18:20:56,62,11.7,19.6,37.0,9.3,184.0,4.5,28.03,1005,69,9.26,250,18,19,2,8,0,3
2026-08-19 19:19:44,62,11.6,19.7,37.0,8.0,162.0,4.3,28.05,1005,65,9.26,260,19,19,2,8,0,3
2026-08-19 20:17:18,61,10.8,18.7,38.0,6.6,135.0,4.0,28.05,1005,69,9.26,260,20,19,2,8,0,3
2026-08-19 21:18:02,61,10.8,19.7,38.0,5.6,117.0,3.8,28.05,1004,69,10.29,260,21,19,2,8,0,0
2026-08-19 22:16:08,61,10.9,20.7,38.0,5.0,108.0,3.8,28.05,1004,69,8.23,250,22,19,2,8,0,0
2026-08-19 23:15:22,61,11.7,22.9,37.0,5.2,107.0,4.1,28.05,1004,69,8.75,260,23,19,2,8,0,0
2026-08-20 00:40:52,61,11.8,23.8,37.0,5.5,121.0,4.3,28.05,1004,69,8.23,250,0,20,3,8,0,0
2026-08-20 02:12:51,60,12.9,26.3,36.0,8.2,223.0,5.0,28.05,1004,69,7.2,250,2,20,3,8,0,0
2026-08-20 03:39:35,60,13.8,31.8,37.0,9.0,258.0,5.2,28.05,1005,69,5.14,280,3,20,3,8,0,0
2026-08-20 04:28:32,60,17.5,42.8,42.0,8.1,246.0,5.2,28.05,1005,69,5.14,280,4,20,3,8,0,0
2026-08-20 05:23:00,60,18.3,45.9,49.0,6.4,212.0,5.1,30.05,1005,58,5.14,270,5,20,3,8,0,0
2026-08-20 06:29:26,61,18.6,46.9,55.0,5.1,187.0,5.0,30.05,1005,58,6.69,240,6,20,3,8,0,1
2026-08-20 07:34:33,61,18.6,48.8,58.0,4.5,185.0,4.9,31.05,1005,55,8.75,250,7,20,3,8,0,1
2026-08-20 08:27:04,61,18.0,45.5,59.0,4.3,194.0,4.9,31.05,1005,51,7.72,240,8,20,3,8,0,1
2026-08-20 09:25:39,61,17.3,41.7,58.0,4.5,206.0,4.8,32.05,1004,51,8.75,240,9,20,3,8,0,1
2026-08-20 10:21:21,61,17.2,41.2,56.0,4.9,224.0,4.8,32.05,1004,48,9.26,240,10,20,3,8,0,2
2026-08-20 11:19:22,62,17.5,40.3,50.0,6.3,247.0,4.6,31.05,1003,51,9.77,250,11,20,3,8,0,2
2026-08-20 12:28:40,62,16.9,37.8,46.0,7.7,260.0,4.7,30.05,1003,58,8.75,250,12,20,3,8,0,2
2026-08-20 13:32:09,62,17.0,36.8,42.0,9.5,257.0,4.8,29.05,1003,65,9.26,240,13,20,3,8,0,2
2026-08-20 14:06:46,62,17.6,37.4,39.0,11.6,245.0,5.0,29.05,1004,70,8.75,240,14,20,3,8,0,2
2026-08-20 14:27:07,62,17.6,37.4,39.0,11.6,245.0,5.0,29.05,1004,70,8.75,240,14,20,3,8,0,2
2026-08-21 12:17:12,63,19.0,51.1,51.0,7.2,248.0,4.6,29.05,1002,70,8.75,250,12,21,4,8,0,2
2026-08-21 15:25:06,63,20.7,51.0,41.0,12.4,225.0,4.8,28.05,1003,74,9.26,240,15,21,4,8,0,2
2026-08-21 16:21:40,64,17.7,43.8,40.0,12.2,215.0,4.8,28.05,1004,74,6.17,250,16,21,4,8,0,2
2026-08-21 17:21:06,64,15.1,35.2,41.0,11.1,203.0,4.8,28.05,1004,74,6.69,250,17,21,4,8,0,3
2026-08-21 18:24:08,64,15.3,36.2,42.0,9.8,188.0,4.7,28.05,1004,74,6.69,240,18,21,4,8,0,3
2026-08-21 19:20:22,64,17.9,47.1,43.0,8.2,166.0,4.4,28.05,1004,74,8.23,240,19,21,4,8,0,3
2026-08-21 21:15:29,65,16.2,40.5,46.0,5.1,123.0,3.7,27.05,1004,78,7.2,250,21,21,4,8,0,0
2026-08-21 22:15:00,66,13.5,30.2,44.0,5.3,114.0,3.9,27.05,1003,78,5.66,250,22,21,4,8,0,0
2026-08-21 23:15:16,66,13.2,29.6,44.0,4.9,112.0,4.1,27.05,1003,78,6.69,240,23,21,4,8,0,0
2026-08-22 00:41:00,66,13.4,31.1,43.0,5.1,124.0,4.2,27.05,1003,78,6.17,250,0,22,5,8,1,0
2026-08-22 02:10:10,66,14.6,33.8,41.0,8.1,212.0,4.6,27.05,1004,78,6.17,250,2,22,5,8,1,0
2026-08-22 03:34:58,66,16.5,42.6,42.0,8.9,243.0,4.7,28.04,1005,74,6.17,250,3,22,5,8,1,0
2026-08-22 04:23:39,66,21.8,58.7,47.0,7.9,234.0,4.7,28.05,1005,74,6.69,260,4,22,5,8,1,0
2026-08-22 05:19:14,66,23.3,63.8,54.0,6.0,205.0,4.6,28.05,1005,74,6.69,260,5,22,5,8,1,0
2026-08-22 06:23:29,67,23.5,63.8,60.0,4.4,184.0,4.5,29.05,1005,65,9.26,270,6,22,5,8,1,1
2026-08-22 07:24:40,67,23.7,65.7,64.0,3.6,180.0,4.4,30.05,1004,62,9.26,270,7,22,5,8,1,1
2026-08-22 08:18:55,67,23.7,65.2,66.0,3.2,183.0,4.3,30.05,1003,62,9.77,260,8,22,5,8,1,1
2026-08-22 09:19:00,68,23.9,65.2,66.0,3.3,192.0,4.2,30.05,1003,62,11.32,250,9,22,5,8,1,1
2026-08-22 11:13:24,68,21.1,52.0,55.0,6.2,233.0,4.2,28.05,1002,74,9.77,250,11,22,5,8,1,2
2026-08-22 14:12:44,68,20.2,44.6,44.0,10.6,255.0,4.4,28.05,1001,74,9.77,240,14,22,5,8,1,2
2026-08-22 16:13:58,67,16.5,36.7,41.0,11.5,245.0,4.6,27.05,1002,78,7.72,250,16,22,5,8,1,2
2026-08-22 17:13:08,67,16.6,37.6,42.0,10.9,237.0,4.6,27.05,1003,78,7.72,250,17,22,5,8,1,3
2026-08-22 18:16:36,67,16.6,37.6,42.0,10.1,222.0,4.6,28.05,1003,83,6.69,260,18,22,5,8,1,3
2026-08-22 19:17:07,67,18.3,42.1,43.0,8.9,195.0,4.4,28.05,1003,69,9.77,260,19,22,5,8,1,3
2026-08-22 20:13:00,67,16.6,37.7,43.0,7.4,161.0,4.0,28.05,1003,74,6.69,260,20,22,5,8,1,3
2026-08-22 21:13:38,68,16.1,36.8,44.0,6.2,136.0,3.8,27.05,1003,78,4.63,240,21,22,5,8,1,0
2026-08-22 22:13:08,68,15.9,36.8,44.0,5.5,124.0,3.8,27.05,1002,78,3.6,260,22,22,5,8,1,0
2026-08-22 23:12:37,70,17.5,42.8,44.0,5.3,121.0,4.0,27.05,1001,78,5.14,250,23,22,5,8,1,0
2026-08-23 00:44:30,71,17.6,43.5,44.0,5.2,128.0,4.1,27.05,1002,78,4.63,260,0,23,6,8,1,0
2026-08-23 02:20:14,71,19.3,48.7,44.0,7.0,188.0,4.8,27.05,1003,78,2.57,260,2,23,6,8,1,0
2026-08-23 03:43:13,71,21.1,57.4,46.0,7.5,209.0,5.1,27.05,1004,78,3.6,250,3,23,6,8,1,0
2026-08-23 04:28:45,71,24.8,67.1,51.0,6.7,201.0,5.2,27.05,1004,78,5.14,240,4,23,6,8,1,0
2026-08-23 05:21:52,72,26.8,73.3,57.0,5.4,179.0,5.2,28.05,1004,78,4.12,260,5,23,6,8,1,0
2026-08-23 06:25:23,72,27.0,75.9,62.0,4.3,163.0,5.2,28.05,1004,78,6.17,260,6,23,6,8,1,1
2026-08-23 07:26:24,73,26.9,79.9,65.0,3.8,162.0,5.2,28.05,1004,74,7.72,250,7,23,6,8,1,1
2026-08-23 08:19:45,73,26.4,77.3,67.0,3.6,167.0,5.2,29.05,1004,70,5.14,260,8,23,6,8,1,1
2026-08-23 09:19:35,73,26.1,76.6,67.0,3.8,174.0,5.3,29.05,1003,70,6.17,240,9,23,6,8,1,1
2026-08-23 10:14:49,74,26.2,77.8,65.0,4.3,185.0,5.4,30.05,1003,70,5.66,250,10,23,6,8,1,2
2026-08-23 11:13:33,74,26.0,75.4,61.0,5.3,198.0,5.5,29.05,1002,70,5.14,240,11,23,6,8,1,2
2026-08-23 12:20:51,75,25.8,73.3,57.0,6.5,206.0,5.6,29.05,1002,70,5.14,240,12,23,6,8,1,2
2026-08-23 13:26:30,75,25.4,71.5,52.0,8.2,204.0,5.7,29.05,1002,70,7.2,220,13,23,6,8,1,2
2026-08-23 14:15:14,75,26.4,70.1,47.0,10.1,198.0,5.9,28.05,1003,78,6.17,230,14,23,6,8,1,2
2026-08-23 15:13:51,75,20.0,47.6,43.0,11.4,243.0,6.0,28.05,1003,78,6.17,220,15,23,6,8,1,2
2026-08-23 16:15:11,75,18.4,41.9,42.0,11.7,246.0,6.1,28.05,1004,78,6.17,240,16,23,6,8,1,2
2026-08-23 17:13:22,75,18.1,41.0,43.0,11.4,244.0,6.3,28.05,1004,78,4.63,230,17,23,6,8,1,3
2026-08-23 18:16:14,75,18.2,42.7,43.0,11.0,235.0,6.3,28.05,1004,74,4.12,250,18,23,6,8,1,3
2026-08-23 19:16:47,75,19.3,48.0,43.0,10.4,213.0,6.1,28.05,1005,74,4.63,230,19,23,6,8,1,3
2026-08-23 20:12:52,75,18.8,46.2,42.0,9.7,185.0,5.9,28.05,1005,74,4.12,240,20,23,6,8,1,3
2026-08-23 21:13:47,75,18.3,44.2,42.0,9.1,163.0,5.7,28.05,1004,78,4.12,240,21,23,6,8,1,0
2026-08-23 22:13:04,75,20.0,50.9,41.0,8.6,147.0,5.6,28.05,1004,74,4.12,240,22,23,6,8,1,0
2026-08-23 23:12:49,78,19.2,47.4,39.0,8.9,137.0,5.5,27.05,1004,78,4.12,240,23,23,6,8,1,0
2026-08-24 00:43:17,78,18.7,45.9,40.0,8.6,152.0,5.7,27.05,1005,78,4.12,240,0,24,0,8,0,0
2026-08-24 02:18:39,79,21.0,52.0,40.0,11.4,307.0,7.2,27.05,1005,78,2.57,250,2,24,0,8,0,0
2026-08-24 03:45:50,79,22.8,65.9,45.0,12.1,359.0,8.0,28.05,1005,74,4.12,260,3,24,0,8,0,0
2026-08-24 04:36:24,79,28.7,96.9,57.0,10.7,335.0,8.5,29.05,1005,65,3.09,260,4,24,0,8,0,0
2026-08-24 05:31:10,79,34.1,125.3,74.0,8.2,274.0,9.0,30.05,1006,66,4.63,250,5,24,0,8,0,0
2026-08-24 06:37:57,80,37.7,135.5,88.0,6.2,227.0,9.1,31.05,1005,58,3.09,260,6,24,0,8,0,1
2026-08-24 07:51:12,81,38.3,124.3,100.0,5.0,214.0,8.8,32.05,1005,55,3.6,220,7,24,0,8,0,1
2026-08-24 08:37:36,82,36.7,109.0,109.0,4.3,216.0,8.2,33.05,1004,52,6.17,230,8,24,0,8,0,1
2026-08-24 09:37:57,83,33.8,94.8,111.0,4.3,224.0,7.7,33.05,1004,52,6.69,260,9,24,0,8,0,1
2026-08-24 10:29:36,87,35.3,109.2,104.0,5.0,240.0,7.1,33.05,1004,52,8.75,240,10,24,0,8,0,2
2026-08-24 11:19:35,88,31.9,97.8,87.0,6.6,262.0,6.9,33.05,1003,49,5.14,250,11,24,0,8,0,2
2026-08-24 12:29:07,88,29.5,89.2,72.0,8.4,274.0,6.7,31.05,1003,55,5.14,230,12,24,0,8,0,2
2026-08-24 13:44:03,88,27.5,80.8,60.0,10.8,268.0,6.7,30.05,1004,62,5.14,240,13,24,0,8,0,2
2026-08-24 14:35:00,87,25.1,70.8,49.0,13.4,253.0,6.7,29.05,1005,65,5.66,240,14,24,0,8,0,2
2026-08-24 15:32:08,87,23.2,66.1,41.0,15.1,247.0,6.7,29.05,1005,70,6.17,250,15,24,0,8,0,2
2026-08-24 16:26:09,87,21.8,60.8,39.0,15.0,236.0,6.6,28.05,1005,69,5.14,240,16,24,0,8,0,2
2026-08-24 17:24:37,87,20.6,53.8,40.0,13.9,226.0,6.5,28.05,1006,74,5.14,240,17,24,0,8,0,3
2026-08-24 18:28:30,87,20.1,52.3,41.0,12.7,212.0,6.4,28.05,1005,74,6.17,240,18,24,0,8,0,3
2026-08-24 19:23:50,86,22.8,60.3,41.0,11.8,189.0,6.2,28.05,1006,74,5.14,250,19,24,0,8,0,3
2026-08-24 20:21:33,86,23.6,63.3,40.0,10.8,163.0,5.9,28.05,1006,69,4.12,250,20,24,0,8,0,3
2026-08-24 21:21:58,87,19.6,49.6,40.0,9.9,144.0,5.7,28.05,1005,69,3.6,250,21,24,0,8,0,0
2026-08-24 22:18:26,92,23.0,59.5,38.0,10.5,133.0,6.1,28.05,1005,74,5.14,240,22,24,0,8,0,0
2026-08-24 23:16:40,92,22.4,57.6,38.0,9.6,130.0,6.1,28.05,1004,74,4.12,260,23,24,0,8,0,0
2026-08-25 00:43:47,92,22.1,56.5,38.0,9.3,148.0,6.3,28.05,1005,65,4.63,250,0,25,1,8,0,0
2026-08-25 02:14:57,92,25.0,66.4,37.0,12.3,297.0,7.6,28.05,1005,65,5.66,250,2,25,1,8,0,0
2026-08-25 03:42:26,92,26.9,77.8,41.0,13.0,346.0,8.1,28.05,1006,69,4.63,280,3,25,1,8,0,0
2026-08-25 04:32:08,92,31.9,100.6,53.0,11.3,323.0,8.3,29.05,1006,65,4.63,270,4,25,1,8,0,0
2026-08-25 05:25:29,92,35.0,115.7,69.0,8.3,265.0,8.4,30.05,1006,58,5.14,240,5,25,1,8,0,0
2026-08-25 06:31:03,92,38.5,127.6,82.0,6.0,219.0,8.2,31.05,1006,55,4.12,230,6,25,1,8,0,1
2026-08-25 07:38:35,91,39.2,123.9,90.0,4.8,205.0,7.8,32.05,1005,51,8.75,230,7,25,1,8,0,1
2026-08-25 08:32:32,91,37.6,110.4,96.0,4.2,204.0,7.1,32.05,1005,48,4.12,230,8,25,1,8,0,1
2026-08-25 09:27:33,90,35.6,102.9,96.0,4.2,209.0,6.6,32.05,1005,48,8.23,240,9,25,1,8,0,1
2026-08-25 10:24:25,90,33.8,98.5,88.0,5.0,223.0,6.3,32.05,1004,51,6.17,230,10,25,1,8,0,2
2026-08-25 11:20:05,90,33.4,100.8,72.0,6.2,244.0,5.9,31.05,1004,51,8.75,240,11,25,1,8,0,2
2026-08-25 12:30:35,90,28.9,89.6,60.0,7.8,256.0,5.8,31.05,1004,55,7.72,240,12,25,1,8,0,2
2026-08-25 13:42:58,89,28.1,87.8,52.0,9.7,250.0,5.8,29.05,1004,61,7.72,250,13,25,1,8,0,2
2026-08-25 14:37:33,88,26.4,79.4,46.0,11.9,236.0,5.8,29.05,1005,61,5.14,260,14,25,1,8,0,2
2026-08-25 15:35:41,88,23.9,72.2,42.0,13.4,241.0,5.9,28.05,1005,65,6.69,240,15,25,1,8,0,2
2026-08-25 16:27:07,87,23.7,73.8,40.0,13.9,228.0,6.0,28.05,1006,69,4.12,240,16,25,1,8,0,2
2026-08-25 17:25:27,87,22.1,62.4,40.0,13.6,212.0,6.2,28.05,1007,65,7.2,240,17,25,1,8,0,3
2026-08-25 18:27:15,86,21.3,57.4,40.0,13.0,196.0,6.2,28.05,1006,65,5.14,260,18,25,1,8,0,3
2026-08-25 19:25:19,86,21.3,56.3,41.0,11.8,177.0,6.0,28.05,1007,69,7.72,260,19,25,1,8,0,3
2026-08-25 20:20:11,86,26.4,73.8,42.0,10.2,157.0,5.6,28.05,1006,65,6.17,260,20,25,1,8,0,3
2026-08-25 21:20:23,86,20.8,53.9,43.0,8.8,143.0,5.4,28.05,1006,69,7.2,260,21,25,1,8,0,0
2026-08-25 22:18:35,85,19.6,50.3,44.0,7.7,133.0,5.3,27.05,1006,74,6.69,250,22,25,1,8,0,0
2026-08-25 23:19:32,93,25.7,67.5,43.0,7.5,129.0,5.5,27.05,1005,69,5.66,260,23,25,1,8,0,0
2026-08-26 00:44:12,93,25.0,65.4,44.0,7.3,142.0,5.6,28.05,1006,65,4.12,270,0,26,2,8,0,0
2026-08-26 02:21:59,94,28.9,79.9,43.0,10.8,257.0,6.6,27.05,1006,65,6.17,260,2,26,2,8,0,0
2026-08-26 03:46:58,94,29.0,81.5,46.0,11.7,295.0,6.9,29.05,1006,61,7.72,250,3,26,2,8,0,0
2026-08-26 04:32:36,94,32.7,95.2,54.0,10.2,278.0,6.8,29.05,1007,61,7.2,250,4,26,2,8,0,0
2026-08-26 05:26:46,94,34.3,100.6,65.0,7.4,234.0,6.4,30.05,1007,58,5.14,260,5,26,2,8,0,0
2026-08-26 06:32:57,94,34.6,99.2,74.0,5.2,201.0,6.1,30.05,1006,58,9.26,250,6,26,2,8,0,1
2026-08-26 07:40:27,94,35.2,99.2,80.0,4.1,194.0,5.8,31.05,1005,51,7.2,260,7,26,2,8,0,1
2026-08-26 08:34:12,94,35.2,96.9,85.0,3.6,199.0,5.5,32.05,1005,51,9.77,240,8,26,2,8,0,1
2026-08-27 23:23:59,74,12.4,25.6,46.0,5.4,108.0,4.2,27.05,1003,69,7.2,250,23,27,3,8,0,0
2026-08-28 08:00:51,68,20.5,40.6,77.0,3.2,176.0,4.5,30.05,1004,58,9.77,250,8,28,4,8,0,1
2026-08-28 19:58:21,64,13.9,25.1,42.0,8.3,158.0,4.3,27.05,1004,74,7.2,240,19,28,4,8,0,3
2026-08-29 02:39:51,65,13.5,25.7,41.0,7.9,225.0,4.4,27.05,1004,78,7.2,250,2,29,5,8,1,0
2026-08-29 14:23:03,64,16.8,30.7,42.0,10.7,227.0,4.0,28.05,1003,69,7.72,260,14,29,5,8,1,2
2026-08-29 14:50:43,64,16.8,30.7,42.0,10.7,227.0,4.0,28.05,1003,69,9.26,240,14,29,5,8,1,2
2026-08-29 20:46:40,63,10.9,20.0,42.0,6.3,145.0,3.6,27.05,1003,74,7.2,260,20,29,5,8,1,3
2026-08-29 21:25:40,62,10.6,19.8,43.0,4.9,119.0,3.3,27.05,1003,74,6.17,250,21,29,5,8,1,0
2026-08-29 23:44:55,63,9.9,19.6,44.0,4.2,105.0,3.4,27.05,1002,74,7.72,250,23,29,5,8,1,0
2026-08-30 02:30:42,62,11.4,22.5,43.0,5.8,170.0,4.1,27.05,1004,78,9.26,250,2,30,6,8,1,0
2026-08-30 08:43:30,61,17.7,38.0,66.0,2.2,140.0,3.7,30.05,1003,62,11.32,240,8,30,6,8,1,1
2026-08-30 13:19:52,60,18.2,35.3,47.0,6.5,175.0,4.0,28.05,1003,74,12.35,240,13,30,6,8,1,2
2026-08-30 14:08:00,60,17.1,30.9,42.0,8.1,174.0,4.2,28.05,1004,74,8.75,250,14,30,6,8,1,2
2026-08-30 18:17:44,59,10.9,19.6,39.0,7.7,155.0,4.3,27.05,1005,74,7.2,250,18,30,6,8,1,3
2026-08-30 21:45:51,59,10.1,18.6,41.0,4.5,109.0,3.3,27.05,1003,78,7.2,250,21,30,6,8,1,0
2026-08-31 00:04:29,61,10.7,21.3,40.0,4.0,109.0,3.4,27.05,1004,78,6.17,250,0,31,0,8,0,0
2026-08-31 06:27:37,60,14.5,32.0,57.0,4.1,181.0,4.5,28.05,1005,74,10.29,240,6,31,0,8,0,1
2026-08-31 09:31:15,60,13.9,29.2,59.0,4.0,179.0,4.5,30.05,1003,62,11.32,250,9,31,0,8,0,1
2026-08-31 11:22:03,59,13.5,26.1,51.0,5.8,219.0,4.4,30.05,1003,62,9.77,250,11,31,0,8,0,2
2026-08-31 14:39:03,59,13.1,23.5,34.0,16.0,247.0,5.7,27.05,1003,78,7.2,230,14,31,0,8,0,2
2026-08-31 18:50:00,58,12.8,23.6,35.0,13.6,209.0,5.7,27.05,1005,74,5.14,240,18,31,0,8,0,3
2026-08-31 20:31:30,58,11.6,22.1,39.0,9.2,156.0,4.8,27.05,1003,74,6.69,230,20,31,0,8,0,3
2026-09-01 00:14:59,59,12.6,25.5,40.0,6.2,130.0,4.7,27.05,1003,89,5.66,250,0,1,1,9,0,0
2026-09-01 05:55:45,60,17.9,42.8,55.0,7.2,234.0,5.7,29.05,1005,65,10.29,250,5,1,1,9,0,0
2026-09-01 10:49:12,62,16.6,37.8,55.0,5.5,220.0,4.8,30.05,1003,51,9.77,250,10,1,1,9,0,2
2026-09-01 15:21:50,62,16.0,29.0,25.0,20.3,265.0,6.6,28.05,1005,69,6.17,220,15,1,1,9,0,2
2026-09-01 19:02:22,62,13.9,24.7,27.0,16.5,222.0,6.4,27.05,1006,78,5.14,240,19,1,1,9,0,3
2026-09-01 21:42:06,62,12.3,23.6,33.0,10.2,147.0,5.3,27.05,1005,78,4.12,240,21,1,1,9,0,0
2026-09-01 23:43:19,66,13.7,29.6,34.0,8.2,125.0,5.3,26.05,1005,83,3.09,280,23,1,1,9,0,0
2026-09-02 02:03:07,66,15.4,32.5,31.0,12.7,291.0,6.5,26.05,1005,83,2.57,260,2,2,2,9,0,0
2026-09-02 07:28:58,67,19.8,52.4,56.0,5.4,192.0,5.9,31.05,1007,55,7.72,260,7,2,2,9,0,1
2026-09-02 12:25:37,67,16.6,37.7,47.0,8.4,269.0,5.3,31.05,1005,51,8.23,240,12,2,2,9,0,2
2026-09-02 16:57:42,65,14.5,25.6,27.0,20.7,241.0,6.8,27.05,1006,74,5.14,250,16,2,2,9,0,2
2026-09-02 19:35:32,64,13.7,24.5,28.0,16.8,177.0,6.5,27.05,1006,74,4.63,250,19,2,2,9,0,3
2026-09-02 22:12:10,66,12.9,26.8,34.0,10.2,124.0,5.6,26.05,1005,78,4.12,250,22,2,2,9,0,0
2026-09-03 00:54:19,65,11.9,25.3,36.0,8.0,135.0,5.5,26.05,1005,78,4.63,250,0,3,3,9,0,0
2026-09-03 05:24:13,64,17.9,44.6,52.0,7.2,231.0,5.8,30.05,1007,54,6.69,240,5,3,3,9,0,0
2026-09-03 08:11:55,64,19.3,48.8,68.0,3.3,187.0,4.9,31.05,1006,48,7.72,250,8,3,3,9,0,1
2026-09-03 10:25:37,65,18.2,46.4,61.0,4.7,214.0,4.6,32.05,1004,45,7.2,240,10,3,3,9,0,2
2026-09-03 14:51:51,65,17.9,40.2,38.0,13.9,233.0,5.5,28.05,1005,61,6.69,240,14,3,3,9,0,2
2026-09-03 18:17:07,64,16.0,32.2,33.0,15.3,235.0,6.0,27.05,1006,74,6.69,250,18,3,3,9,0,3
2026-09-03 21:32:47,64,12.9,27.1,39.0,7.2,141.0,4.4,27.05,1004,78,4.12,270,21,3,3,9,0,0
2026-09-03 23:43:51,66,13.9,29.4,38.0,6.8,118.0,4.7,27.05,1005,78,4.63,260,23,3,3,9,0,0
2026-09-04 02:04:27,66,14.1,28.8,38.0,8.8,235.0,5.3,27.05,1005,78,6.17,260,2,4,4,9,0,0
2026-09-04 07:34:04,66,18.9,43.0,62.0,4.2,181.0,4.8,30.05,1006,62,8.23,250,7,4,4,9,0,1
2026-09-04 12:24:07,67,16.7,37.3,47.0,7.7,242.0,4.5,30.05,1005,58,9.26,250,12,4,4,9,0,2
2026-09-04 16:42:06,66,14.5,28.3,32.0,15.9,212.0,5.6,28.05,1008,74,8.23,240,16,4,4,9,0,2
2026-09-04 19:15:12,65,12.5,24.3,35.0,11.2,180.0,5.1,27.05,1007,78,6.69,260,19,4,4,9,0,3
2026-09-04 21:59:37,64,11.9,23.9,39.0,6.4,122.0,4.0,27.05,1006,78,4.63,280,21,4,4,9,0,0
2026-09-04 23:43:07,66,14.2,29.2,39.0,5.7,106.0,4.3,27.05,1006,78,5.14,270,23,4,4,9,0,0
2026-09-05 02:04:42,66,13.9,28.1,37.0,9.5,230.0,5.1,27.05,1007,74,4.12,260,2,5,5,9,1,0
2026-09-05 07:15:38,65,20.2,50.5,63.0,3.8,176.0,4.6,31.05,1009,55,4.63,280,7,5,5,9,1,1
2026-09-05 11:30:55,67,17.7,43.3,49.0,6.8,224.0,4.4,32.05,1006,51,10.8,250,11,5,5,9,1,2
2026-09-05 14:17:05,67,14.8,29.7,34.0,13.7,232.0,4.8,29.05,1007,65,8.75,240,14,5,5,9,1,2
2026-09-05 17:04:01,66,11.8,21.2,31.0,14.0,206.0,4.9,28.05,1008,69,6.69,250,17,5,5,9,1,3
2026-09-05 19:45:24,65,11.7,21.1,33.0,10.8,169.0,4.4,28.05,1008,74,5.66,260,19,5,5,9,1,3
2026-09-05 21:50:29,64,11.3,21.4,36.0,7.4,123.0,3.9,27.05,1007,74,6.17,280,21,5,5,9,1,0
2026-09-05 23:29:51,70,12.3,24.3,36.0,6.5,108.0,4.1,27.05,1007,78,3.6,250,23,5,5,9,1,0
2026-09-06 02:00:04,69,12.8,26.1,39.0,7.3,198.0,5.1,26.05,1008,89,3.6,260,2,6,6,9,1,0
2026-09-06 11:28:29,69,18.0,40.7,53.0,4.4,175.0,4.3,30.05,1007,58,9.26,250,11,6,6,9,1,2
2026-09-06 14:39:59,67,15.3,30.5,39.0,10.6,178.0,4.7,28.05,1008,74,9.77,240,14,6,6,9,1,2
2026-09-06 17:27:21,65,13.6,25.6,35.0,10.8,165.0,5.0,28.05,1010,74,5.66,260,17,6,6,9,1,3
2026-09-06 19:48:20,64,13.3,25.6,37.0,8.4,143.0,4.6,27.05,1009,78,4.12,260,19,6,6,9,1,3
2026-09-06 21:53:12,64,12.3,24.3,38.0,6.2,112.0,4.0,27.05,1008,74,4.63,260,21,6,6,9,1,0
2026-09-06 23:23:30,65,13.1,28.0,39.0,4.6,98.0,3.9,27.05,1008,78,3.6,250,23,6,6,9,1,0
2026-09-07 01:57:08,65,12.4,25.4,37.0,6.8,159.0,4.7,27.05,1008,78,5.14,260,1,7,0,9,0,0
2026-09-07 13:10:52,63,17.8,40.3,38.0,10.4,236.0,5.0,30.05,1006,62,8.23,250,13,7,0,9,0,2
2026-09-07 18:31:56,63,13.6,30.2,30.0,14.4,198.0,5.7,28.05,1008,69,6.17,250,18,7,0,9,0,3
2026-09-07 21:53:22,63,12.7,29.5,33.0,9.8,142.0,5.0,27.05,1006,78,5.14,250,21,7,0,9,0,0
2026-09-07 23:53:57,64,12.3,30.7,35.0,7.2,123.0,4.7,27.05,1007,78,4.63,250,23,7,0,9,0,0
2026-09-08 02:08:28,64,12.4,27.2,32.0,10.9,270.0,6.0,27.05,1008,78,4.63,240,2,8,1,9,0,0
2026-09-08 07:35:50,63,16.9,38.9,57.0,5.3,201.0,5.8,32.05,1008,55,8.23,220,7,8,1,9,0,1
2026-09-08 12:27:02,64,17.6,46.9,45.0,8.8,289.0,5.9,30.05,1006,62,7.2,220,12,8,1,9,0,2
2026-09-08 16:57:33,63,12.8,26.0,21.0,21.9,253.0,7.0,28.05,1008,78,4.12,270,16,8,1,9,0,2
2026-09-08 19:43:09,62,11.7,22.5,26.0,16.9,199.0,6.4,27.05,1007,83,4.12,250,19,8,1,9,0,3
2026-09-08 22:13:17,61,10.3,22.9,32.0,9.0,144.0,5.3,27.05,1007,78,4.12,250,22,8,1,9,0,0
2026-09-09 00:54:20,63,14.6,34.5,26.0,12.2,177.0,6.7,27.05,1007,78,3.09,230,0,9,2,9,0,0
2026-09-09 05:36:17,65,22.5,65.9,52.0,9.6,289.0,8.2,31.05,1008,55,4.63,220,5,9,2,9,0,0
2026-09-09 10:27:18,68,26.3,69.8,86.0,4.8,256.0,6.9,32.05,1006,51,4.63,230,10,9,2,9,0,2
